Mon Sep 14 11:35:36 UTC 2026
Mon Sep 14 13:35:36 2026       
+-----------------------------------------------------------------------------------------+
| NVIDIA-SMI 610.57.04              KMD Version: 610.57.04     CUDA UMD Version: 13.3     |
+-----------------------------------------+------------------------+----------------------+
| GPU  Name                 Persistence-M | Bus-Id          Disp.A | Volatile Uncorr. ECC |
| Fan  Temp   Perf          Pwr:Usage/Cap |           Memory-Usage | GPU-Util  Compute M. |
|                                         |                        |               MIG M. |
|=========================================+========================+======================|
|   0  NVIDIA GeForce RTX 3080        Off |   00000000:07:00.0  On |                  N/A |
|  0%   47C    P8             24W /  370W |    1628MiB /  10240MiB |      0%      Default |
|                                         |                        |                  N/A |
+-----------------------------------------+------------------------+----------------------+

+-----------------------------------------------------------------------------------------+
| Processes:                                                                              |
|  GPU   GI   CI              PID   Type   Process name                        GPU Memory |
|        ID   ID                                                               Usage      |
|=========================================================================================|
|    0   N/A  N/A            1500      G   Hyprland                                219MiB |
|    0   N/A  N/A            1559      G   quickshell                               81MiB |
|    0   N/A  N/A            1616      G   Xwayland                                  4MiB |
|    0   N/A  N/A            2086    C+G   .../lib/voxtype/voxtype-osd-gtk4          6MiB |
|    0   N/A  N/A            2565    C+G   ...rack-uuid=3190708988185955192         23MiB |
|    0   N/A  N/A            3984    C+G   ...rack-uuid=3190708988185955192        712MiB |
|    0   N/A  N/A           18203    C+G   ...rack-uuid=3190708988185955192         57MiB |
|    0   N/A  N/A           44669    C+G   /usr/bin/Telegram                       137MiB |
|    0   N/A  N/A          646424    C+G   ...rack-uuid=3190708988185955192         47MiB |
+-----------------------------------------------------------------------------------------+
top - 13:35:36 up  4:09,  1 user,  load average: 0.90, 1.60, 2.05
Tasks: 657 total, 1 running, 655 sleep, 0 d-sleep, 0 stopped, 1 zombie
%Cpu(s):  0.8 us,  0.6 sy,  0.0 ni, 98.6 id,  0.0 wa,  0.0 hi,  0.0 si,  0.0 st 
MiB Mem :  32006.4 total,   7014.7 free,  17787.9 used,   9634.4 buff/cache     
MiB Swap:  64012.6 total,  61124.4 free,   2888.2 used.  14218.4 avail Mem 

    PID USER      PR  NI    VIRT    RES    SHR S  %CPU  %MEM     TIME+ COMMAND
 666585 daniel    20   0  914060 185788 124952 S   9.4   0.6   0:11.10 codex
   4930 daniel    20   0  193980  19672   8120 S   4.7   0.1   7:15.43 herdr
 695589 daniel    20   0 1448.5g 342076 164924 S   4.7   1.0   0:06.49 chrome
 699160 daniel    20   0 1448.5g 217308 119680 S   4.7   0.7   0:13.76 grok-bot
      1 root      20   0   20764  13260  10228 S   0.0   0.0   0:03.37 systemd
      2 root      20   0       0      0      0 S   0.0   0.0   0:00.10 kthreadd
      3 root      20   0       0      0      0 S   0.0   0.0   0:00.00 pool_workqueue_release
      4 root       0 -20       0      0      0 I   0.0   0.0   0:00.00 kworker/R-rcu_gp
      5 root       0 -20       0      0      0 I   0.0   0.0   0:00.00 kworker/R-sync_wq
      6 root       0 -20       0      0      0 I   0.0   0.0   0:00.00 kworker/R-kvfree_rcu_reclaim
      7 root       0 -20       0      0      0 I   0.0   0.0   0:00.00 kworker/R-slub_flushwq
      8 root       0 -20       0      0      0 I   0.0   0.0   0:00.00 kworker/R-netns
     10 root      20   0       0      0      0 I   0.0   0.0   0:02.25 kworker/0:1-mm_percpu_wq
     11 root       0 -20       0      0      0 I   0.0   0.0   0:00.00 kworker/0:0H-kblockd
     12 root      20   0       0      0      0 I   0.0   0.0   0:00.00 kworker/u128:0-ipv6_addrconf
     13 root      20   0       0      0      0 I   0.0   0.0   0:00.70 kworker/u128:1-ipv6_addrconf
     14 root       0 -20       0      0      0 I   0.0   0.0   0:00.00 kworker/R-mm_percpu_wq
     15 root      20   0       0      0      0 S   0.0   0.0   0:00.40 ksoftirqd/0
     16 root      -2   0       0      0      0 I   0.0   0.0   0:09.05 rcu_preempt
     17 root      -2   0       0      0      0 S   0.0   0.0   0:00.00 rcub/1
     18 root      20   0       0      0      0 S   0.0   0.0   0:00.05 rcu_exp_par_gp_kthread_worker/1
     19 root      20   0       0      0      0 S   0.0   0.0   0:00.08 rcu_exp_gp_kthread_worker
     20 root      rt   0       0      0      0 S   0.0   0.0   0:00.71 migration/0
     21 root      20   0       0      0      0 S   0.0   0.0   0:00.00 kprobe-optimizer
     22 root     -51   0       0      0      0 S   0.0   0.0   0:00.00 idle_inject/0
     23 root      20   0       0      0      0 S   0.0   0.0   0:00.00 cpuhp/0
     24 root      20   0       0      0      0 S   0.0   0.0   0:00.00 cpuhp/1
     25 root     -51   0       0      0      0 S   0.0   0.0   0:00.00 idle_inject/1
     26 root      rt   0       0      0      0 S   0.0   0.0   0:01.01 migration/1
     27 root      20   0       0      0      0 S   0.0   0.0   0:00.18 ksoftirqd/1
     29 root       0 -20       0      0      0 I   0.0   0.0   0:00.00 kworker/1:0H-kblockd
     30 root      20   0       0      0      0 S   0.0   0.0   0:00.00 cpuhp/2
     31 root     -51   0       0      0      0 S   0.0   0.0   0:00.00 idle_inject/2
     32 root      rt   0       0      0      0 S   0.0   0.0   0:01.13 migration/2
     33 root      20   0       0      0      0 S   0.0   0.0   0:00.11 ksoftirqd/2
     35 root       0 -20       0      0      0 I   0.0   0.0   0:00.00 kworker/2:0H-kblockd
     36 root      20   0       0      0      0 S   0.0   0.0   0:00.00 cpuhp/3
     37 root     -51   0       0      0      0 S   0.0   0.0   0:00.00 idle_inject/3
     38 root      rt   0       0      0      0 S   0.0   0.0   0:00.55 migration/3
     39 root      20   0       0      0      0 S   0.0   0.0   0:00.10 ksoftirqd/3
     41 root       0 -20       0      0      0 I   0.0   0.0   0:00.00 kworker/3:0H-kblockd
     42 root      20   0       0      0      0 S   0.0   0.0   0:00.00 cpuhp/4
     43 root     -51   0       0      0      0 S   0.0   0.0   0:00.00 idle_inject/4
     44 root      rt   0       0      0      0 S   0.0   0.0   0:00.98 migration/4
     45 root      20   0       0      0      0 S   0.0   0.0   0:00.09 ksoftirqd/4
     47 root       0 -20       0      0      0 I   0.0   0.0   0:00.00 kworker/4:0H-kblockd
     48 root      20   0       0      0      0 S   0.0   0.0   0:00.00 cpuhp/5
     49 root     -51   0       0      0      0 S   0.0   0.0   0:00.00 idle_inject/5
     50 root      rt   0       0      0      0 S   0.0   0.0   0:01.22 migration/5
     51 root      20   0       0      0      0 S   0.0   0.0   0:00.07 ksoftirqd/5
     53 root       0 -20       0      0      0 I   0.0   0.0   0:00.00 kworker/5:0H-kblockd
     54 root      20   0       0      0      0 S   0.0   0.0   0:00.00 cpuhp/6
     55 root     -51   0       0      0      0 S   0.0   0.0   0:00.00 idle_inject/6
     56 root      rt   0       0      0      0 S   0.0   0.0   0:01.23 migration/6
     57 root      20   0       0      0      0 S   0.0   0.0   0:00.06 ksoftirqd/6
     59 root       0 -20       0      0      0 I   0.0   0.0   0:00.00 kworker/6:0H-kblockd
     60 root      20   0       0      0      0 S   0.0   0.0   0:00.00 cpuhp/7
     61 root     -51   0       0      0      0 S   0.0   0.0   0:00.00 idle_inject/7
     62 root      rt   0       0      0      0 S   0.0   0.0   0:00.95 migration/7
     63 root      20   0       0      0      0 S   0.0   0.0   0:00.06 ksoftirqd/7
     65 root       0 -20       0      0      0 I   0.0   0.0   0:00.00 kworker/7:0H-kblockd
     66 root      20   0       0      0      0 S   0.0   0.0   0:00.00 cpuhp/8
     67 root     -51   0       0      0      0 S   0.0   0.0   0:00.00 idle_inject/8
     68 root      rt   0       0      0      0 S   0.0   0.0   0:00.85 migration/8
     69 root      20   0       0      0      0 S   0.0   0.0   0:00.13 ksoftirqd/8
     71 root       0 -20       0      0      0 I   0.0   0.0   0:00.00 kworker/8:0H-kblockd
     72 root      20   0       0      0      0 S   0.0   0.0   0:00.00 cpuhp/9
     73 root     -51   0       0      0      0 S   0.0   0.0   0:00.00 idle_inject/9
     74 root      rt   0       0      0      0 S   0.0   0.0   0:00.79 migration/9
     75 root      20   0       0      0      0 S   0.0   0.0   0:00.09 ksoftirqd/9
     77 root       0 -20       0      0      0 I   0.0   0.0   0:00.00 kworker/9:0H-kblockd
     78 root      20   0       0      0      0 S   0.0   0.0   0:00.00 cpuhp/10
     79 root     -51   0       0      0      0 S   0.0   0.0   0:00.00 idle_inject/10
     80 root      rt   0       0      0      0 S   0.0   0.0   0:00.72 migration/10
     81 root      20   0       0      0      0 S   0.0   0.0   0:00.06 ksoftirqd/10
     83 root       0 -20       0      0      0 I   0.0   0.0   0:00.00 kworker/10:0H-kblockd
     84 root      20   0       0      0      0 S   0.0   0.0   0:00.00 cpuhp/11
     85 root     -51   0       0      0      0 S   0.0   0.0   0:00.00 idle_inject/11
     86 root      rt   0       0      0      0 S   0.0   0.0   0:00.78 migration/11
     87 root      20   0       0      0      0 S   0.0   0.0   0:00.06 ksoftirqd/11
     89 root       0 -20       0      0      0 I   0.0   0.0   0:00.00 kworker/11:0H-kblockd
     90 root      20   0       0      0      0 S   0.0   0.0   0:00.00 cpuhp/12
     91 root     -51   0       0      0      0 S   0.0   0.0   0:00.00 idle_inject/12
     92 root      rt   0       0      0      0 S   0.0   0.0   0:00.69 migration/12
     93 root      20   0       0      0      0 S   0.0   0.0   0:00.07 ksoftirqd/12
     95 root       0 -20       0      0      0 I   0.0   0.0   0:00.00 kworker/12:0H-kblockd
     96 root      20   0       0      0      0 S   0.0   0.0   0:00.00 cpuhp/13
     97 root     -51   0       0      0      0 S   0.0   0.0   0:00.00 idle_inject/13
     98 root      rt   0       0      0      0 S   0.0   0.0   0:00.65 migration/13
     99 root      20   0       0      0      0 S   0.0   0.0   0:00.06 ksoftirqd/13
    101 root       0 -20       0      0      0 I   0.0   0.0   0:00.00 kworker/13:0H-kblockd
    102 root      20   0       0      0      0 S   0.0   0.0   0:00.00 cpuhp/14
    103 root     -51   0       0      0      0 S   0.0   0.0   0:00.00 idle_inject/14
    104 root      rt   0       0      0      0 S   0.0   0.0   0:00.64 migration/14
    105 root      20   0       0      0      0 S   0.0   0.0   0:00.10 ksoftirqd/14
    107 root       0 -20       0      0      0 I   0.0   0.0   0:00.00 kworker/14:0H-kblockd
    108 root      20   0       0      0      0 S   0.0   0.0   0:00.00 cpuhp/15
    109 root     -51   0       0      0      0 S   0.0   0.0   0:00.00 idle_inject/15
    110 root      rt   0       0      0      0 S   0.0   0.0   0:00.60 migration/15
    111 root      20   0       0      0      0 S   0.0   0.0   0:00.11 ksoftirqd/15
    113 root       0 -20       0      0      0 I   0.0   0.0   0:00.00 kworker/15:0H-kblockd
    114 root      20   0       0      0      0 S   0.0   0.0   0:00.00 cpuhp/16
    115 root     -51   0       0      0      0 S   0.0   0.0   0:00.00 idle_inject/16
    116 root      rt   0       0      0      0 S   0.0   0.0   0:00.13 migration/16
    117 root      20   0       0      0      0 S   0.0   0.0   0:00.09 ksoftirqd/16
    119 root       0 -20       0      0      0 I   0.0   0.0   0:00.00 kworker/16:0H-kblockd
    120 root      -2   0       0      0      0 S   0.0   0.0   0:00.00 rcub/2
    121 root      20   0       0      0      0 S   0.0   0.0   0:00.00 rcu_exp_par_gp_kthread_worker/2
    122 root      20   0       0      0      0 S   0.0   0.0   0:00.00 cpuhp/17
    123 root     -51   0       0      0      0 S   0.0   0.0   0:00.00 idle_inject/17
    124 root      rt   0       0      0      0 S   0.0   0.0   0:00.26 migration/17
    125 root      20   0       0      0      0 S   0.0   0.0   0:00.07 ksoftirqd/17
    126 root      20   0       0      0      0 I   0.0   0.0   0:00.79 kworker/17:0-mm_percpu_wq
    127 root       0 -20       0      0      0 I   0.0   0.0   0:00.00 kworker/17:0H-kblockd
    128 root      20   0       0      0      0 S   0.0   0.0   0:00.00 cpuhp/18
    129 root     -51   0       0      0      0 S   0.0   0.0   0:00.00 idle_inject/18
    130 root      rt   0       0      0      0 S   0.0   0.0   0:00.47 migration/18
    131 root      20   0       0      0      0 S   0.0   0.0   0:00.06 ksoftirqd/18
    133 root       0 -20       0      0      0 I   0.0   0.0   0:00.00 kworker/18:0H
    134 root      20   0       0      0      0 S   0.0   0.0   0:00.00 cpuhp/19
    135 root     -51   0       0      0      0 S   0.0   0.0   0:00.00 idle_inject/19
    136 root      rt   0       0      0      0 S   0.0   0.0   0:00.11 migration/19
    137 root      20   0       0      0      0 S   0.0   0.0   0:00.10 ksoftirqd/19
    139 root       0 -20       0      0      0 I   0.0   0.0   0:00.00 kworker/19:0H-kblockd
    140 root      20   0       0      0      0 S   0.0   0.0   0:00.00 cpuhp/20
    141 root     -51   0       0      0      0 S   0.0   0.0   0:00.00 idle_inject/20
    142 root      rt   0       0      0      0 S   0.0   0.0   0:00.33 migration/20
    143 root      20   0       0      0      0 S   0.0   0.0   0:00.06 ksoftirqd/20
    145 root       0 -20       0      0      0 I   0.0   0.0   0:00.00 kworker/20:0H-kblockd
    146 root      20   0       0      0      0 S   0.0   0.0   0:00.00 cpuhp/21
    147 root     -51   0       0      0      0 S   0.0   0.0   0:00.00 idle_inject/21
    148 root      rt   0       0      0      0 S   0.0   0.0   0:00.78 migration/21
    149 root      20   0       0      0      0 S   0.0   0.0   0:00.06 ksoftirqd/21
    150 root      20   0       0      0      0 I   0.0   0.0   0:00.62 kworker/21:0-events
    151 root       0 -20       0      0      0 I   0.0   0.0   0:00.00 kworker/21:0H-kblockd
    152 root      20   0       0      0      0 S   0.0   0.0   0:00.00 cpuhp/22
    153 root     -51   0       0      0      0 S   0.0   0.0   0:00.00 idle_inject/22
    154 root      rt   0       0      0      0 S   0.0   0.0   0:00.97 migration/22
    155 root      20   0       0      0      0 S   0.0   0.0   0:00.05 ksoftirqd/22
    157 root       0 -20       0      0      0 I   0.0   0.0   0:00.00 kworker/22:0H-kblockd
    158 root      20   0       0      0      0 S   0.0   0.0   0:00.00 cpuhp/23
    159 root     -51   0       0      0      0 S   0.0   0.0   0:00.00 idle_inject/23
    160 root      rt   0       0      0      0 S   0.0   0.0   0:00.51 migration/23
    161 root      20   0       0      0      0 S   0.0   0.0   0:00.05 ksoftirqd/23
    163 root       0 -20       0      0      0 I   0.0   0.0   0:00.00 kworker/23:0H-kblockd
    164 root      20   0       0      0      0 S   0.0   0.0   0:00.00 cpuhp/24
    165 root     -51   0       0      0      0 S   0.0   0.0   0:00.00 idle_inject/24
    166 root      rt   0       0      0      0 S   0.0   0.0   0:00.53 migration/24
    167 root      20   0       0      0      0 S   0.0   0.0   0:00.06 ksoftirqd/24
    169 root       0 -20       0      0      0 I   0.0   0.0   0:00.00 kworker/24:0H-kblockd
    170 root      20   0       0      0      0 S   0.0   0.0   0:00.00 cpuhp/25
    171 root     -51   0       0      0      0 S   0.0   0.0   0:00.00 idle_inject/25
    172 root      rt   0       0      0      0 S   0.0   0.0   0:00.32 migration/25
    173 root      20   0       0      0      0 S   0.0   0.0   0:00.06 ksoftirqd/25
    175 root       0 -20       0      0      0 I   0.0   0.0   0:00.00 kworker/25:0H-kblockd
    176 root      20   0       0      0      0 S   0.0   0.0   0:00.00 cpuhp/26
    177 root     -51   0       0      0      0 S   0.0   0.0   0:00.00 idle_inject/26
    178 root      rt   0       0      0      0 S   0.0   0.0   0:00.37 migration/26
    179 root      20   0       0      0      0 S   0.0   0.0   0:00.07 ksoftirqd/26
    181 root       0 -20       0      0      0 I   0.0   0.0   0:00.00 kworker/26:0H-kblockd
    182 root      20   0       0      0      0 S   0.0   0.0   0:00.00 cpuhp/27
    183 root     -51   0       0      0      0 S   0.0   0.0   0:00.00 idle_inject/27
    184 root      rt   0       0      0      0 S   0.0   0.0   0:00.65 migration/27
    185 root      20   0       0      0      0 S   0.0   0.0   0:00.04 ksoftirqd/27
    187 root       0 -20       0      0      0 I   0.0   0.0   0:00.00 kworker/27:0H-kblockd
    188 root      20   0       0      0      0 S   0.0   0.0   0:00.00 cpuhp/28
    189 root     -51   0       0      0      0 S   0.0   0.0   0:00.00 idle_inject/28
    190 root      rt   0       0      0      0 S   0.0   0.0   0:00.48 migration/28
    191 root      20   0       0      0      0 S   0.0   0.0   0:00.04 ksoftirqd/28
    193 root       0 -20       0      0      0 I   0.0   0.0   0:00.00 kworker/28:0H-kblockd
    194 root      20   0       0      0      0 S   0.0   0.0   0:00.00 cpuhp/29
    195 root     -51   0       0      0      0 S   0.0   0.0   0:00.00 idle_inject/29
    196 root      rt   0       0      0      0 S   0.0   0.0   0:00.26 migration/29
    197 root      20   0       0      0      0 S   0.0   0.0   0:00.05 ksoftirqd/29
    199 root       0 -20       0      0      0 I   0.0   0.0   0:00.00 kworker/29:0H-kblockd
    200 root      20   0       0      0      0 S   0.0   0.0   0:00.00 cpuhp/30
    201 root     -51   0       0      0      0 S   0.0   0.0   0:00.00 idle_inject/30
    202 root      rt   0       0      0      0 S   0.0   0.0   0:00.41 migration/30
    203 root      20   0       0      0      0 S   0.0   0.0   0:00.04 ksoftirqd/30
    205 root       0 -20       0      0      0 I   0.0   0.0   0:00.00 kworker/30:0H-kblockd
    206 root      20   0       0      0      0 S   0.0   0.0   0:00.00 cpuhp/31
    207 root     -51   0       0      0      0 S   0.0   0.0   0:00.00 idle_inject/31
    208 root      rt   0       0      0      0 S   0.0   0.0   0:00.21 migration/31
    209 root      20   0       0      0      0 S   0.0   0.0   0:00.09 ksoftirqd/31
    211 root       0 -20       0      0      0 I   0.0   0.0   0:00.00 kworker/31:0H-kblockd
    214 root      20   0       0      0      0 S   0.0   0.0   0:00.00 kdevtmpfs
    215 root       0 -20       0      0      0 I   0.0   0.0   0:00.00 kworker/R-inet_frag_wq
    216 root      20   0       0      0      0 I   0.0   0.0   0:00.00 rcu_tasks_kthread
    217 root      20   0       0      0      0 I   0.0   0.0   0:00.00 rcu_tasks_rude_kthread
    218 root      20   0       0      0      0 S   0.0   0.0   0:00.00 kauditd
    219 root      20   0       0      0      0 S   0.0   0.0   0:00.05 khungtaskd
    221 root      20   0       0      0      0 S   0.0   0.0   0:00.00 oom_reaper
    223 root       0 -20       0      0      0 I   0.0   0.0   0:00.00 kworker/R-writeback
    224 root      20   0       0      0      0 S   0.0   0.0   0:21.71 kcompactd0
    225 root      25   5       0      0      0 S   0.0   0.0   0:00.00 ksmd
    227 root      39  19       0      0      0 S   0.0   0.0   0:00.39 khugepaged
    228 root       0 -20       0      0      0 I   0.0   0.0   0:00.00 kworker/R-kblockd
    229 root       0 -20       0      0      0 I   0.0   0.0   0:00.00 kworker/R-blkcg_punt_bio
    230 root       0 -20       0      0      0 I   0.0   0.0   0:00.00 kworker/R-kintegrityd
    231 root     -51   0       0      0      0 S   0.0   0.0   0:00.00 irq/9-acpi
    234 root       0 -20       0      0      0 I   0.0   0.0   0:00.00 kworker/R-tpm_dev_wq
    235 root       0 -20       0      0      0 I   0.0   0.0   0:00.00 kworker/R-ata_sff
    236 root       0 -20       0      0      0 I   0.0   0.0   0:00.00 kworker/R-edac-poller
    237 root       0 -20       0      0      0 I   0.0   0.0   0:00.00 kworker/R-devfreq_wq
    238 root     -51   0       0      0      0 S   0.0   0.0   0:00.00 watchdogd
    239 root       0 -20       0      0      0 I   0.0   0.0   0:00.00 kworker/R-quota_events_unbound
    240 root     -51   0       0      0      0 S   0.0   0.0   0:00.00 irq/26-AMD-Vi
    241 root      20   0       0      0      0 S   0.0   0.0   0:41.57 kswapd0
    242 root       0 -20       0      0      0 I   0.0   0.0   0:00.00 kworker/R-kthrotld
    243 root       0 -20       0      0      0 I   0.0   0.0   0:00.00 kworker/u131:0
    244 root     -51   0       0      0      0 S   0.0   0.0   0:00.00 irq/28-aerdrv
    245 root     -51   0       0      0      0 S   0.0   0.0   0:00.00 irq/29-aerdrv
    246 root     -51   0       0      0      0 S   0.0   0.0   0:00.00 irq/31-aerdrv
    247 root     -51   0       0      0      0 S   0.0   0.0   0:00.00 irq/32-aerdrv
    248 root       0 -20       0      0      0 I   0.0   0.0   0:00.00 kworker/R-acpi_thermal_pm
    251 root      20   0       0      0      0 I   0.0   0.0   0:00.95 kworker/4:1-mm_percpu_wq
    252 root      20   0       0      0      0 I   0.0   0.0   0:01.38 kworker/1:1-mm_percpu_wq
    254 root      20   0       0      0      0 I   0.0   0.0   0:00.58 kworker/6:1-mm_percpu_wq
    255 root      20   0       0      0      0 I   0.0   0.0   0:00.69 kworker/7:1-mm_percpu_wq
    259 root      20   0       0      0      0 I   0.0   0.0   0:00.50 kworker/22:1-mm_percpu_wq
    260 root      20   0       0      0      0 I   0.0   0.0   0:00.57 kworker/23:1-mm_percpu_wq
    262 root      20   0       0      0      0 I   0.0   0.0   0:00.45 kworker/30:1-mm_percpu_wq
    264 root      20   0       0      0      0 I   0.0   0.0   0:00.69 kworker/8:1-mm_percpu_wq
    266 root      20   0       0      0      0 I   0.0   0.0   0:01.58 kworker/15:1-mm_percpu_wq
    267 root      20   0       0      0      0 I   0.0   0.0   0:00.85 kworker/13:1-mm_percpu_wq
    268 root      20   0       0      0      0 I   0.0   0.0   0:00.47 kworker/27:1-mm_percpu_wq
    269 root      20   0       0      0      0 I   0.0   0.0   0:00.63 kworker/24:1-events
    270 root      20   0       0      0      0 I   0.0   0.0   0:00.60 kworker/26:1-mm_percpu_wq
    272 root      20   0       0      0      0 I   0.0   0.0   0:01.07 kworker/9:1-mm_percpu_wq
    273 root      20   0       0      0      0 I   0.0   0.0   0:00.53 kworker/11:1-mm_percpu_wq
    274 root      20   0       0      0      0 I   0.0   0.0   0:00.49 kworker/28:1-mm_percpu_wq
    275 root      20   0       0      0      0 I   0.0   0.0   0:00.56 kworker/12:1-mm_percpu_wq
    276 root      20   0       0      0      0 I   0.0   0.0   0:00.73 kworker/31:1-mm_percpu_wq
    278 root      20   0       0      0      0 S   0.0   0.0   0:00.00 scsi_eh_0
    279 root       0 -20       0      0      0 I   0.0   0.0   0:00.00 kworker/R-scsi_tmf_0
    280 root      20   0       0      0      0 S   0.0   0.0   0:00.00 scsi_eh_1
    281 root       0 -20       0      0      0 I   0.0   0.0   0:00.00 kworker/R-scsi_tmf_1
    282 root      20   0       0      0      0 S   0.0   0.0   0:00.00 scsi_eh_2
    283 root       0 -20       0      0      0 I   0.0   0.0   0:00.00 kworker/R-scsi_tmf_2
    284 root      20   0       0      0      0 S   0.0   0.0   0:00.00 scsi_eh_3
    285 root       0 -20       0      0      0 I   0.0   0.0   0:00.00 kworker/R-scsi_tmf_3
    290 root      20   0       0      0      0 S   0.0   0.0   0:00.00 scsi_eh_4
    291 root       0 -20       0      0      0 I   0.0   0.0   0:00.00 kworker/R-scsi_tmf_4
    292 root      20   0       0      0      0 S   0.0   0.0   0:00.00 scsi_eh_5
    293 root       0 -20       0      0      0 I   0.0   0.0   0:00.00 kworker/R-scsi_tmf_5
    294 root      20   0       0      0      0 S   0.0   0.0   0:00.00 scsi_eh_6
    295 root       0 -20       0      0      0 I   0.0   0.0   0:00.00 kworker/R-scsi_tmf_6
    296 root      20   0       0      0      0 S   0.0   0.0   0:00.00 scsi_eh_7
    297 root       0 -20       0      0      0 I   0.0   0.0   0:00.00 kworker/R-scsi_tmf_7
    298 root      20   0       0      0      0 S   0.0   0.0   0:00.00 scsi_eh_8
    299 root       0 -20       0      0      0 I   0.0   0.0   0:00.00 kworker/R-scsi_tmf_8
    300 root      20   0       0      0      0 S   0.0   0.0   0:00.00 scsi_eh_9
    301 root       0 -20       0      0      0 I   0.0   0.0   0:00.00 kworker/R-scsi_tmf_9
    308 root       0 -20       0      0      0 I   0.0   0.0   0:00.00 kworker/R-mld
    309 root       0 -20       0      0      0 I   0.0   0.0   0:00.00 kworker/R-ipv6_addrconf
    310 root       0 -20       0      0      0 I   0.0   0.0   0:00.00 kworker/R-kstrp
    314 root       0 -20       0      0      0 I   0.0   0.0   0:00.00 kworker/u132:0
    315 root       0 -20       0      0      0 I   0.0   0.0   0:00.00 kworker/u133:0
    318 root      20   0       0      0      0 I   0.0   0.0   0:00.81 kworker/10:3-mm_percpu_wq
    320 root       0 -20       0      0      0 I   0.0   0.0   0:00.05 kworker/19:1H-kblockd
    321 root       0 -20       0      0      0 I   0.0   0.0   0:00.10 kworker/3:1H-kblockd
    322 root       0 -20       0      0      0 I   0.0   0.0   0:00.37 kworker/0:1H-events_highpri
    325 root     -51   0       0      0      0 S   0.0   0.0   0:00.00 irq/27-ACPI:Event
    358 root      20   0       0      0      0 S   0.0   0.0   0:00.00 nv_queue
    359 root      20   0       0      0      0 S   0.0   0.0   0:20.98 nv_mem_pool_scrubber_queue
    360 root      20   0       0      0      0 S   0.0   0.0   0:00.00 nv_mem_pool_scrubber_queue
    361 root      20   0       0      0      0 S   0.0   0.0   0:00.00 nv_mem_pool_scrubber_queue
    362 root      20   0       0      0      0 S   0.0   0.0   0:00.00 nv_queue
    363 root      20   0       0      0      0 S   0.0   0.0   0:00.00 nv_open_q
    375 root      20   0       0      0      0 S   0.0   0.0   0:13.33 nvidia-modeset/kthread_q
    376 root      20   0       0      0      0 S   0.0   0.0   0:00.00 nvidia-modeset/deferred_close_kthread_q
    377 root      20   0       0      0      0 S   0.0   0.0   0:00.00 UVM global queue
    378 root      20   0       0      0      0 S   0.0   0.0   0:00.00 UVM deferred release queue
    379 root      20   0       0      0      0 S   0.0   0.0   0:00.00 UVM Tools Event Queue
    380 root      20   0       0      0      0 I   0.0   0.0   0:01.03 kworker/16:2-events
    381 root     -51   0       0      0      0 S   0.0   0.0   0:00.00 irq/90-nvidia
    382 root      20   0       0      0      0 S   0.0   0.0   0:00.00 nvidia
    383 root      20   0       0      0      0 S   0.0   0.0   0:00.00 nv_queue
    521 root       0 -20       0      0      0 I   0.0   0.0   0:00.05 kworker/16:1H-kblockd
    524 root       0 -20       0      0      0 I   0.0   0.0   0:00.06 kworker/17:1H-kblockd
    525 root       0 -20       0      0      0 I   0.0   0.0   0:00.03 kworker/24:1H-kblockd
    527 root       0 -20       0      0      0 I   0.0   0.0   0:00.03 kworker/10:1H-kblockd
    704 root       0 -20       0      0      0 I   0.0   0.0   0:00.00 kworker/R-kdmflush/253:0
    705 root       0 -20       0      0      0 I   0.0   0.0   0:00.00 kworker/R-kcryptd_io-253:0-1
    706 root       0 -20       0      0      0 I   0.0   0.0   0:00.00 kworker/R-kcryptd-253:0-1
    707 root      20   0       0      0      0 S   0.0   0.0   0:03.11 dmcrypt_write/253:0
    712 root       0 -20       0      0      0 I   0.0   0.0   0:00.14 kworker/1:1H-kblockd
    747 root      20   0       0      0      0 I   0.0   0.0   0:00.96 kworker/19:2-mm_percpu_wq
    755 root       0 -20       0      0      0 I   0.0   0.0   0:00.02 kworker/30:1H-kblockd
    756 root       0 -20       0      0      0 I   0.0   0.0   0:00.00 kworker/R-btrfs-worker
    757 root       0 -20       0      0      0 I   0.0   0.0   0:00.00 kworker/R-btrfs-delalloc
    758 root       0 -20       0      0      0 I   0.0   0.0   0:00.00 kworker/R-btrfs-flush_delalloc
    759 root       0 -20       0      0      0 I   0.0   0.0   0:00.00 kworker/R-btrfs-cache
    760 root       0 -20       0      0      0 I   0.0   0.0   0:00.00 kworker/R-btrfs-fixup
    761 root       0 -20       0      0      0 I   0.0   0.0   0:00.00 kworker/R-btrfs-endio
    762 root       0 -20       0      0      0 I   0.0   0.0   0:00.00 kworker/R-btrfs-endio-meta
    763 root       0 -20       0      0      0 I   0.0   0.0   0:00.00 kworker/R-btrfs-rmw
    764 root       0 -20       0      0      0 I   0.0   0.0   0:00.00 kworker/R-btrfs-endio-write
    765 root       0 -20       0      0      0 I   0.0   0.0   0:00.00 kworker/R-btrfs-freespace-write
    766 root       0 -20       0      0      0 I   0.0   0.0   0:00.00 kworker/R-btrfs-delayed-meta
    767 root       0 -20       0      0      0 I   0.0   0.0   0:00.00 kworker/R-btrfs-qgroup-rescan
    768 root       0 -20       0      0      0 I   0.0   0.0   0:00.02 kworker/31:1H-kblockd
    769 root      20   0       0      0      0 S   0.0   0.0   0:00.01 btrfs-cleaner
    770 root      20   0       0      0      0 S   0.0   0.0   0:28.10 btrfs-transaction
    791 root       0 -20       0      0      0 I   0.0   0.0   0:00.06 kworker/20:1H-kblockd
    792 root       0 -20       0      0      0 I   0.0   0.0   0:00.06 kworker/21:1H-kblockd
    793 root       0 -20       0      0      0 I   0.0   0.0   0:00.07 kworker/6:1H-kblockd
    797 root       0 -20       0      0      0 I   0.0   0.0   0:00.02 kworker/8:1H-kblockd
    798 root       0 -20       0      0      0 I   0.0   0.0   0:00.03 kworker/9:1H-kblockd
    803 root       0 -20       0      0      0 I   0.0   0.0   0:00.03 kworker/12:1H-kblockd
    807 root       0 -20       0      0      0 I   0.0   0.0   0:00.02 kworker/28:1H-kblockd
    808 root       0 -20       0      0      0 I   0.0   0.0   0:00.03 kworker/13:1H-kblockd
    813 root       0 -20       0      0      0 I   0.0   0.0   0:00.03 kworker/14:1H-kblockd
    814 root       0 -20       0      0      0 I   0.0   0.0   0:00.02 kworker/25:1H-kblockd
    815 root       0 -20       0      0      0 I   0.0   0.0   0:00.02 kworker/26:1H-kblockd
    838 root       0 -20       0      0      0 I   0.0   0.0   0:00.07 kworker/7:1H-kblockd
    841 root      -2   0       0      0      0 S   0.0   0.0   0:00.22 psimon
    849 root      20   0  100768  38272  37576 S   0.0   0.1   0:01.60 systemd-journal
    858 root       0 -20       0      0      0 I   0.0   0.0   0:00.06 kworker/18:1H-kblockd
    862 root       0 -20       0      0      0 I   0.0   0.0   0:00.10 kworker/4:1H-kblockd
    863 root      20   0       0      0      0 I   0.0   0.0   0:00.61 kworker/18:2-mm_percpu_wq
    865 root       0 -20       0      0      0 I   0.0   0.0   0:00.12 kworker/2:1H-kblockd
    868 root       0 -20       0      0      0 I   0.0   0.0   0:00.05 kworker/23:1H-kblockd
    869 root       0 -20       0      0      0 I   0.0   0.0   0:00.10 kworker/5:1H-kblockd
    871 root      20   0    9088   4092   3968 S   0.0   0.0   0:00.08 systemd-userdbd
    873 root       0 -20       0      0      0 I   0.0   0.0   0:00.02 kworker/29:1H-kblockd
    890 root       0 -20       0      0      0 I   0.0   0.0   0:00.03 kworker/11:1H-kblockd
    912 root       0 -20       0      0      0 I   0.0   0.0   0:00.03 kworker/15:1H-kblockd
    916 root      20   0       0      0      0 I   0.0   0.0   0:01.24 kworker/3:2-events
    967 root      -2   0       0      0      0 S   0.0   0.0   0:00.00 psimon
    972 systemd+  20   0   26008  15612  12356 S   0.0   0.0   0:08.13 systemd-resolve
    973 systemd+  20   0   85404   6908   6608 S   0.0   0.0   0:00.05 systemd-timesyn
    980 root      20   0   43836   8752   7720 S   0.0   0.0   0:00.21 systemd-udevd
    984 root      -2   0       0      0      0 S   0.0   0.0   0:00.00 psimon
   1078 root       0 -20       0      0      0 I   0.0   0.0   0:00.06 kworker/22:1H-kblockd
   1097 root       0 -20       0      0      0 I   0.0   0.0   0:00.03 kworker/27:1H-kblockd
   1139 systemd+  20   0    9672   5392   5200 S   0.0   0.0   0:10.16 systemd-oomd
   1185 root       0 -20       0      0      0 I   0.0   0.0   0:00.00 kworker/R-zswap-shrink
   1190 dbus      20   0    8044   3444   3232 S   0.0   0.0   0:00.08 dbus-broker-lau
   1192 dbus      20   0    8064   3392   2572 S   0.0   0.0   0:00.55 dbus-broker
   1194 root      20   0  347588  20540  19264 S   0.0   0.1   0:00.32 NetworkManager
   1196 avahi     20   0    6180   4100   3828 S   0.0   0.0   0:00.46 avahi-daemon
   1197 root      20   0    8652   4708   3816 S   0.0   0.0   0:00.02 bash
   1199 root      20   0   10592   7256   6464 S   0.0   0.0   0:00.24 systemd-logind
   1201 root      20   0       0      0      0 I   0.0   0.0   0:00.69 kworker/5:2-events
   1220 avahi     20   0    6180   1196   1164 S   0.0   0.0   0:00.00 avahi-daemon
   1252 root      20   0    7568   4088   3832 S   0.0   0.0   0:00.00 inotifywait
   1253 root      20   0    8136   2060   1648 S   0.0   0.0   0:00.00 bash
   1263 root      20   0   22160   7348   7024 S   0.0   0.0   0:00.00 cupsd
   1265 root      20   0 2764560  55960  15432 S   0.0   0.2   0:05.27 tailscaled
   1318 root      20   0  161860  18980  18976 S   0.0   0.1   0:00.02 sddm
   1329 root      20   0  308500   6684   6680 S   0.0   0.0   0:00.03 power-profiles-
   1339 polkitd   20   0  382744   8776   7956 S   0.0   0.0   0:00.66 polkitd
   1341 root      20   0   91448  22856  21276 S   0.0   0.1   0:00.01 sddm-helper
   1362 daniel    20   0   20952  13704   9756 S   0.0   0.0   0:02.79 systemd
   1364 daniel    20   0   19464   2152   2148 S   0.0   0.0   0:00.00 (sd-pam)
   1370 daniel    20   0    7568   3528   3212 S   0.0   0.0   0:00.00 dbus-broker-lau
   1371 daniel    20   0    5912   3816   2668 S   0.0   0.0   0:00.95 dbus-broker
   1372 daniel    20   0 9890.3m  82092  55580 S   0.0   0.3   0:03.62 node-MainThread
   1373 daniel    20   0  265252  30516   8308 S   0.0   0.1   0:14.11 pipewire
   1374 daniel    20   0  752388  43808  19320 S   0.0   0.1   0:21.59 wireplumber
   1376 daniel    20   0  187920  25244   7948 S   0.0   0.1   0:08.46 pipewire-pulse
   1378 daniel    20   0  182784   8724   7260 S   0.0   0.0   0:00.52 gnome-keyring-d
   1383 daniel    20   0    8004   3792   3784 S   0.0   0.0   0:00.08 sh
   1425 daniel    20   0    5956   2276   2172 S   0.0   0.0   0:00.00 waitpid
   1426 daniel    20   0   12624   5672   5540 S   0.0   0.0   0:00.00 systemctl
   1427 daniel    20   0    8520   3688   3684 S   0.0   0.0   0:00.00 omarchy-tailsca
   1433 daniel    20   0 1727132  14380   7688 S   0.0   0.0   0:00.00 tailscale
   1495 daniel    20   0   16936   4408   4404 S   0.0   0.0   0:00.06 start-hyprland
   1500 daniel    20   0 1608116 195860 186320 S   0.0   0.6   6:18.94 Hyprland
   1536 root      20   0       0      0      0 S   0.0   0.0   0:01.49 nvidia-drm/timeline-7
   1544 daniel    20   0  165608   6148   5964 S   0.0   0.0   0:00.00 dconf-service
   1552 daniel    20   0    8140   3736   3728 S   0.0   0.0   0:00.00 omarchy-launch-
   1558 daniel    20   0    8140   3932   3724 S   0.0   0.0   0:00.32 omarchy-hyprlan
   1559 daniel    20   0 2472224 460612 180712 S   0.0   1.4   1:01.43 quickshell
   1561 daniel    20   0  565856  38904  27908 S   0.0   0.1   0:00.60 udiskie
   1569 daniel    20   0 1003728  23460  11948 S   0.0   0.1   0:32.24 python3
   1571 daniel    20   0       0      0      0 Z   0.0   0.0   0:00.00 uwsm-app
   1575 root      20   0  321764  11708   8500 S   0.0   0.0   0:00.15 upowerd
   1616 daniel    20   0  495096  81120  73976 S   0.0   0.2   0:01.78 Xwayland
   1627 daniel    20   0  380072   7128   6868 S   0.0   0.0   0:00.00 at-spi-bus-laun
   1636 daniel    20   0    7572   3220   3212 S   0.0   0.0   0:00.00 dbus-broker-lau
   1637 daniel    20   0    4832   2780   2628 S   0.0   0.0   0:00.07 dbus-broker
   1643 root      20   0       0      0      0 S   0.0   0.0   0:00.00 nvidia-drm/timeline-8
   1644 daniel    20   0  331208  10428   9908 S   0.0   0.0   0:00.01 gvfsd
   1655 daniel    20   0  324960   7276   6792 S   0.0   0.0   0:00.00 gvfsd-fuse
   1700 daniel    20   0  167932   7068   6768 S   0.0   0.0   0:00.09 at-spi2-registr
   1727 root      20   0       0      0      0 S   0.0   0.0   0:00.00 nvidia-drm/timeline-9
   1807 daniel    20   0    9352   4664   4600 S   0.0   0.0   0:00.00 systemd-inhibit
   1808 daniel    20   0 1448.6g 150948 127420 S   0.0   0.5   0:07.17 1password
   1823 daniel    20   0    6024   2412   2364 S   0.0   0.0   0:00.29 tail
   1825 daniel    20   0    8144   3728   3704 S   0.0   0.0   0:00.00 omarchy-crash-w
   1827 daniel    20   0  393764  23176  16208 S   0.0   0.1   0:05.63 fcitx5
   1830 daniel    20   0    8140   3712   3696 S   0.0   0.0   0:00.00 omarchy-system-
   1832 daniel    20   0    4800   2440   2428 S   0.0   0.0   0:00.00 dbus-monitor
   1833 daniel    20   0  226560   8208   7968 S   0.0   0.0   0:00.18 journalctl
   1834 daniel    20   0    8660   2736   2420 S   0.0   0.0   0:00.05 omarchy-crash-w
   1839 daniel    20   0 2277048  11812   4752 S   0.0   0.0   0:11.53 voxtype
   1844 daniel    20   0   35556  20904   8672 S   0.0   0.1   0:00.11 uwsm
   1845 daniel    20   0  551048  16616  13780 S   0.0   0.1   0:01.56 xdg-desktop-por
   1926 daniel    20   0  307720   6580   6196 S   0.0   0.0   0:00.00 xdg-permission-
   2002 daniel    20   0  612612   6828   6500 S   0.0   0.0   0:00.34 xdg-document-po
   2022 root      20   0    2984   1980   1976 S   0.0   0.0   0:00.00 fusermount3
   2026 daniel    20   0 2210808  43368  31040 S   0.0   0.1   0:01.68 xdg-desktop-por
   2081 daniel    20   0  170224   8120   7872 S   0.0   0.0   0:00.55 xdg-desktop-por
   2086 daniel    20   0 1101464  77868  67268 S   0.0   0.2   0:31.80 voxtype-osd-gtk
   2107 daniel    20   0   48.6g  33116  32944 S   0.0   0.1   0:00.02 1password
   2108 daniel    20   0   48.6g  33096  32952 S   0.0   0.1   0:00.02 1password
   2126 daniel    20   0    7724   3836   3828 S   0.0   0.0   0:00.00 inotifywait
   2170 daniel    20   0   48.6g   4608   4164 S   0.0   0.0   0:00.01 1password
   2176 daniel    20   0 2127004   4276   4148 S   0.0   0.0   0:01.32 voxtype
   2196 daniel    20   0 2127012   4436   4284 S   0.0   0.0   0:01.30 voxtype
   2322 daniel    20   0 9925.8m 238364 112576 S   0.0   0.7   3:00.64 bun
   2493 daniel    20   0   14484   3784   3732 S   0.0   0.0   0:00.07 socat
   2544 root      20   0  480444  16540  13020 S   0.0   0.1   0:01.54 udisksd
   2557 daniel    20   0    8008   3756   3748 S   0.0   0.0   0:00.00 sh
   2565 daniel    20   0   53.5g 136896 130048 S   0.0   0.4   0:36.76 1password
   2571 daniel    20   0   48.4g  47080  45808 S   0.0   0.1   0:00.41 1password
   2702 daniel    20   0   12020   6160   4672 S   0.0   0.0   0:00.11 busctl
   2750 root      20   0       0      0      0 S   0.0   0.0   0:00.00 nvidia-drm/timeline-d
   2900 root      20   0       0      0      0 S   0.0   0.0   0:00.00 nvidia-drm/timeline-10
   2921 root      20   0       0      0      0 S   0.0   0.0   0:00.00 nvidia-drm/timeline-11
   2991 root      20   0       0      0      0 S   0.0   0.0   0:00.00 nvidia-drm/timeline-12
   3020 root      20   0       0      0      0 S   0.0   0.0   0:00.00 vidmem lazy free
   3037 root      20   0       0      0      0 S   0.0   0.0   0:00.00 UVM GPU1 BH
   3038 root      20   0       0      0      0 S   0.0   0.0   0:00.00 UVM GPU1 KC
   3050 root      20   0       0      0      0 I   0.0   0.0   0:00.63 kworker/14:2-mm_percpu_wq
   3062 daniel    20   0    3108   2012   1908 S   0.0   0.0   0:00.07 wl-paste
   3063 daniel    20   0    3108   2028   1920 S   0.0   0.0   0:00.04 wl-paste
   3427 root      20   0       0      0      0 S   0.0   0.0   0:00.00 nvidia-drm/timeline-14
   3430 root      20   0       0      0      0 S   0.0   0.0   0:00.00 nvidia-drm/timeline-15
   3433 root      20   0       0      0      0 S   0.0   0.0   0:00.00 nvidia-drm/timeline-16
   3938 daniel    20   0   53.1g 413360 237508 S   0.0   1.3   5:37.99 chrome
   3943 daniel    20   0    5992   2124   2116 S   0.0   0.0   0:00.00 cat
   3944 daniel    20   0    5992   2168   2140 S   0.0   0.0   0:00.00 cat
   3946 daniel    20   0   52.0g   3952   3852 S   0.0   0.0   0:00.00 chrome_crashpad
   3948 daniel    20   0   52.0g   3448   3436 S   0.0   0.0   0:00.00 chrome_crashpad
   3954 daniel    20   0   52.7g  33288  31940 S   0.0   0.1   0:00.01 chrome
   3955 daniel    20   0   52.7g  37404  32212 S   0.0   0.1   0:00.02 chrome
   3957 daniel    20   0   52.7g   9760   4324 S   0.0   0.0   0:02.06 chrome
   3984 daniel    20   0   53.8g 744120 609956 S   0.0   2.3   7:28.60 chrome
   3986 daniel    20   0   52.6g 121672  99324 S   0.0   0.4   0:47.68 chrome
   4005 daniel    20   0   52.7g  53552  45548 S   0.0   0.2   0:00.70 chrome
   4018 daniel    20   0 1448.5g 152844 122884 S   0.0   0.5   0:02.53 chrome
   4028 root      20   0       0      0      0 S   0.0   0.0   0:00.35 nvidia-drm/timeline-1a
   4053 daniel    20   0 1450.4g 267328 138828 S   0.0   0.8   0:12.98 chrome
   4082 daniel    20   0 1450.4g 301540 128004 S   0.0   0.9   0:23.27 chrome
   4093 daniel    20   0 1450.3g 135012 107448 S   0.0   0.4   0:01.55 chrome
   4173 daniel    20   0   53.2g  18228  11048 S   0.0   0.1   0:08.42 chrome
   4181 root      20   0       0      0      0 S   0.0   0.0   0:00.00 nvidia-drm/timeline-1b
   4187 root      20   0       0      0      0 S   0.0   0.0   0:00.00 nvidia-drm/timeline-1c
   4190 root      20   0       0      0      0 S   0.0   0.0   0:00.00 nvidia-drm/timeline-1d
   4217 daniel    20   0 2103304   2868   2860 S   0.0   0.0   0:00.01 chrome-native-h
   4427 daniel    20   0 2115868   6148   5396 S   0.0   0.0   0:00.41 1Password-Brows
   4558 daniel    20   0 1450.4g 328228 162540 S   0.0   1.0   0:54.36 chrome
   4921 daniel    20   0  904080  24728  22000 S   0.0   0.1   0:16.94 foot
   4924 daniel    20   0   35808   9168   6376 S   0.0   0.0   0:43.48 herdr
   4964 daniel    20   0   10352   4496   4320 S   0.0   0.0   0:00.02 bash
   4967 daniel    20   0   10352   4476   4304 S   0.0   0.0   0:00.02 bash
   4971 daniel    20   0   10352   4480   4304 S   0.0   0.0   0:00.02 bash
   4975 daniel    20   0   10352   4484   4304 S   0.0   0.0   0:00.02 bash
   4978 daniel    20   0   10356   4264   4256 S   0.0   0.0   0:00.02 bash
   4981 daniel    20   0   10352   4420   4236 S   0.0   0.0   0:00.01 bash
   4984 daniel    20   0   10488   4468   4316 S   0.0   0.0   0:00.06 bash
   4987 daniel    20   0   10488   4428   4288 S   0.0   0.0   0:00.07 bash
   4990 daniel    20   0   10352   4436   4256 S   0.0   0.0   0:00.02 bash
   4993 daniel    20   0   10352   4348   4256 S   0.0   0.0   0:00.02 bash
   9435 daniel    20   0 5602908 303100 115508 S   0.0   0.9   2:18.88 claude
  17004 daniel    20   0 1448.4g  47696  46448 S   0.0   0.1   0:00.32 1password
  18156 daniel    20   0   53.0g 316584 196316 S   0.0   1.0   4:02.96 chrome
  18163 daniel    20   0    5996   2152   2140 S   0.0   0.0   0:00.00 cat
  18164 daniel    20   0    5996   2172   2140 S   0.0   0.0   0:00.00 cat
  18167 daniel    20   0   52.0g   4012   3912 S   0.0   0.0   0:00.00 chrome_crashpad
  18169 daniel    20   0   52.0g   3540   3528 S   0.0   0.0   0:00.00 chrome_crashpad
  18175 daniel    20   0   52.7g  32132  31708 S   0.0   0.1   0:00.01 chrome
  18176 daniel    20   0   52.7g  34912  32528 S   0.0   0.1   0:00.01 chrome
  18178 daniel    20   0   52.7g   7160   4516 S   0.0   0.0   0:00.70 chrome
  18203 daniel    20   0   53.4g 279536 221920 S   0.0   0.9   3:42.41 chrome
  18205 daniel    20   0   52.6g 104104  92324 S   0.0   0.3   0:30.97 chrome
  18220 daniel    20   0   52.7g  46532  42844 S   0.0   0.1   0:00.34 chrome
  18238 daniel    20   0 1448.4g 122164 111200 S   0.0   0.4   0:00.46 chrome
  18248 daniel    20   0 1452.4g 915904 209580 S   0.0   2.8  27:05.01 chrome
  18272 daniel    20   0 1450.4g 223876 112140 S   0.0   0.7   0:17.86 chrome
  18279 daniel    20   0 1450.4g 222276 127140 S   0.0   0.7   0:12.54 chrome
  18290 daniel    20   0 1450.3g 118560 106488 S   0.0   0.4   0:01.03 chrome
  18349 root      20   0       0      0      0 S   0.0   0.0   0:00.25 nvidia-drm/timeline-8a
  18355 daniel    20   0   53.2g  12400  11044 S   0.0   0.0   0:00.01 chrome
  18370 root      20   0       0      0      0 S   0.0   0.0   0:00.00 nvidia-drm/timeline-8b
  18377 root      20   0       0      0      0 S   0.0   0.0   0:00.00 nvidia-drm/timeline-8c
  18387 root      20   0       0      0      0 S   0.0   0.0   0:00.00 nvidia-drm/timeline-8d
  18663 daniel    20   0   52.5g  60044  56552 S   0.0   0.2   0:02.26 chrome
  44669 daniel    20   0 2303008 358860 212776 S   0.0   1.1   2:30.61 Telegram
  44943 root      20   0       0      0      0 S   0.0   0.0   0:00.12 nvidia-drm/timeline-144
 105395 daniel    20   0   10488   4432   4424 S   0.0   0.0   0:00.03 bash
 105947 daniel    20   0 1448.6g 622560 160060 S   0.0   1.9   1:34.85 chrome
 106237 daniel    20   0 1448.5g 203060 126740 S   0.0   0.6   0:03.76 chrome
 106928 daniel    20   0 5632088 332756 115996 S   0.0   1.0   3:00.22 claude
 107921 daniel    20   0 7929680  56228  42916 S   0.0   0.2   0:01.75 bun
 113199 root      20   0       0      0      0 I   0.0   0.0   0:00.71 kworker/2:2-mm_percpu_wq
 119221 daniel    20   0   52.5g  58636  57124 S   0.0   0.2   0:00.45 chrome
 197184 daniel    20   0 1448.7g 908364 183556 S   0.0   2.8  11:44.99 chrome
 197576 daniel    20   0 1448.3g 188208 110836 S   0.0   0.6   2:02.50 grok-bot
 197622 daniel    20   0   48.6g  28440  28044 S   0.0   0.1   0:00.03 grok-bot
 197623 daniel    20   0   48.6g  29308  27140 S   0.0   0.1   0:00.02 grok-bot
 197625 daniel    20   0   48.6g   6048   3588 S   0.0   0.0   0:00.00 grok-bot
 197640 daniel    20   0   48.0g   2696   2576 S   0.0   0.0   0:00.00 chrome_crashpad
 197661 daniel    20   0   53.3g 117032 113592 S   0.0   0.4   1:13.75 grok-bot
 197667 daniel    20   0   48.4g  52264  50028 S   0.0   0.2   0:00.49 grok-bot
 197857 daniel    20   0 1448.5g 342164  94672 S   0.0   1.0   2:43.53 grok-bot
 197884 daniel    20   0 1448.1g  81456  59652 S   0.0   0.2   0:24.51 grok-bot
 197932 daniel    20   0 1448.0g  85148  51628 S   0.0   0.3   0:07.85 grok-bot
 198195 daniel    20   0   48.4g  37360  36412 S   0.0   0.1   0:00.30 grok-bot
 220854 root      20   0       0      0      0 I   0.0   0.0   0:00.49 kworker/25:0-mm_percpu_wq
 239132 root      20   0       0      0      0 I   0.0   0.0   0:00.00 kworker/11:2-inet_frag_wq
 240712 root      20   0       0      0      0 I   0.0   0.0   0:00.00 kworker/5:1-events
 242478 root      20   0       0      0      0 I   0.0   0.0   0:00.00 kworker/26:0
 352180 daniel    20   0 1448.5g 250508 144144 S   0.0   0.8   0:05.45 chrome
 352211 daniel    20   0 1448.5g 287200 145444 S   0.0   0.9   0:15.92 chrome
 352242 daniel    20   0 1448.5g 318464 156560 S   0.0   1.0   0:09.25 chrome
 425196 root      20   0       0      0      0 I   0.0   0.0   0:00.00 kworker/23:2-events
 454057 root      20   0       0      0      0 I   0.0   0.0   0:00.00 kworker/19:1
 457545 root      20   0       0      0      0 I   0.0   0.0   0:00.28 kworker/20:0-mm_percpu_wq
 478768 daniel    20   0 5609348 388380 116092 S   0.0   1.2   3:20.16 claude
 479193 daniel    20   0 7651200  56068  42900 S   0.0   0.2   0:01.40 bun
 482459 daniel    20   0 5611396 390104 116508 S   0.0   1.2   2:44.59 claude
 482901 daniel    20   0 7720836  56016  42912 S   0.0   0.2   0:01.39 bun
 489185 root      20   0       0      0      0 I   0.0   0.0   0:00.00 kworker/22:2
 492864 root      20   0       0      0      0 I   0.0   0.0   0:00.00 kworker/18:0
 494563 daniel    20   0 1448.5g 254544 148640 S   0.0   0.8   0:19.26 chrome
 494909 root      20   0       0      0      0 I   0.0   0.0   0:00.00 kworker/14:1
 497879 daniel    20   0 5615168 384004 116288 S   0.0   1.2   3:20.71 claude
 498066 daniel    20   0 7511864  57364  42964 S   0.0   0.2   0:01.31 bun
 498068 daniel    20   0 1742260  57632  56960 S   0.0   0.2   0:00.46 npm exec shadcn
 498367 daniel    20   0 1577452  56804  54680 S   0.0   0.2   0:00.98 node-MainThread
 509794 daniel    20   0 1452.3g 379388 157308 S   0.0   1.2   0:26.13 chrome
 509844 daniel    20   0 1448.5g 156320 125768 S   0.0   0.5   0:01.33 chrome
 540310 root      20   0       0      0      0 I   0.0   0.0   0:00.00 kworker/6:2
 547809 root      20   0       0      0      0 I   0.0   0.0   0:00.00 kworker/24:0
 551716 daniel    20   0  436812  15816  13316 S   0.0   0.0   0:00.02 gvfs-udisks2-vo
 551722 daniel    20   0  308660   7724   6648 S   0.0   0.0   0:00.01 gvfs-mtp-volume
 551728 daniel    20   0  552600  13644  11552 S   0.0   0.0   0:00.00 gvfsd-trash
 551786 daniel    20   0  169328   7140   6396 S   0.0   0.0   0:00.02 gvfsd-metadata
 554065 daniel    20   0  479112  13448  11380 S   0.0   0.0   0:00.00 gvfsd-network
 555568 root      20   0       0      0      0 I   0.0   0.0   0:00.13 kworker/29:0-mm_percpu_wq
 564217 root      20   0       0      0      0 I   0.0   0.0   0:00.00 kworker/3:1
 578061 daniel    20   0 1448.5g 249640 143636 S   0.0   0.8   0:04.12 chrome
 578113 daniel    20   0 1448.5g 328984 144900 S   0.0   1.0   0:17.29 chrome
 581449 root      20   0       0      0      0 I   0.0   0.0   0:00.00 kworker/4:2
 582957 daniel    20   0 1448.5g 418292 157648 S   0.0   1.3   0:33.71 chrome
 582964 daniel    20   0 1448.5g 319024 131752 S   0.0   1.0   0:06.85 chrome
 583913 daniel    20   0 1448.5g 221312 131320 S   0.0   0.7   0:03.05 chrome
 583956 daniel    20   0 1448.5g 218404 130848 S   0.0   0.7   0:03.01 chrome
 584154 daniel    20   0 1448.5g 381444 146512 S   0.0   1.2   0:13.59 chrome
 588803 root      20   0       0      0      0 I   0.0   0.0   0:02.26 kworker/u129:5-kcryptd-253:0-1
 588810 root      20   0       0      0      0 I   0.0   0.0   0:02.06 kworker/u129:35-kcryptd-253:0-1
 602956 root      20   0       0      0      0 I   0.0   0.0   0:00.00 kworker/28:2
 606150 daniel    20   0 1448.5g 251792 142572 S   0.0   0.8   0:03.35 chrome
 606220 root      20   0       0      0      0 I   0.0   0.0   0:00.00 kworker/27:2
 610675 root      20   0       0      0      0 I   0.0   0.0   0:01.80 kworker/u129:0-btrfs-endio-meta
 617522 root      20   0       0      0      0 I   0.0   0.0   0:01.57 kworker/u129:10-kcryptd-253:0-1
 619154 root      20   0       0      0      0 I   0.0   0.0   0:00.00 kworker/31:2-cgroup_release
 619802 root      20   0       0      0      0 I   0.0   0.0   0:00.00 kworker/21:2
 621226 root      20   0       0      0      0 I   0.0   0.0   0:00.00 kworker/9:2-events
 625856 root      20   0       0      0      0 I   0.0   0.0   0:01.44 kworker/u129:16-kcryptd-253:0-1
 625857 root      20   0       0      0      0 I   0.0   0.0   0:01.57 kworker/u129:17-thermal_events
 625858 root      20   0       0      0      0 I   0.0   0.0   0:01.50 kworker/u129:18-btrfs-delalloc
 628510 root      20   0       0      0      0 I   0.0   0.0   0:00.00 kworker/2:0
 637746 root      20   0       0      0      0 I   0.0   0.0   0:01.60 kworker/u129:2-kcryptd-253:0-1
 637817 root      20   0       0      0      0 I   0.0   0.0   0:00.00 kworker/25:2
 642100 root      20   0       0      0      0 I   0.0   0.0   0:00.86 kworker/u129:4-btrfs-endio-meta
 646385 daniel    20   0 1457.7g 329088 143532 S   0.0   1.0   0:05.21 signal-desktop
 646388 daniel    20   0   52.6g  51848  41428 S   0.0   0.2   0:00.03 signal-desktop
 646389 daniel    20   0   52.6g  51944  41608 S   0.0   0.2   0:00.03 signal-desktop
 646391 daniel    20   0   52.6g  12084   1732 S   0.0   0.0   0:00.00 signal-desktop
 646424 daniel    20   0   53.2g 263188 169292 S   0.0   0.8   0:11.99 signal-desktop
 646430 daniel    20   0   52.4g  71772  60380 S   0.0   0.2   0:00.09 signal-desktop
 646451 root      20   0       0      0      0 S   0.0   0.0   0:00.00 nvidia-drm/timeline-deb
 646453 daniel    20   0   53.0g  42648  11364 S   0.0   0.1   0:00.00 signal-desktop
 646460 root      20   0       0      0      0 S   0.0   0.0   0:00.00 nvidia-drm/timeline-dec
 646463 root      20   0       0      0      0 S   0.0   0.0   0:00.00 nvidia-drm/timeline-ded
 646466 root      20   0       0      0      0 S   0.0   0.0   0:00.00 nvidia-drm/timeline-dee
 646468 daniel    20   0 1448.8g 343940 159040 S   0.0   1.0   0:08.82 signal-desktop
 649266 daniel    20   0 1448.4g 243312 142336 S   0.0   0.7   0:03.52 chrome
 649791 root      20   0       0      0      0 I   0.0   0.0   0:00.00 kworker/16:0
 650219 daniel    20   0 1448.5g 589424 192168 S   0.0   1.8   0:16.79 chrome
 651085 root      20   0       0      0      0 I   0.0   0.0   0:00.00 kworker/20:1
 651517 daniel    20   0 1655456  75744  52760 S   0.0   0.2   0:00.08 npm run dev
 651529 daniel    20   0    9.9g 381724  67236 S   0.0   1.2   0:53.74 node-MainThread
 651685 daniel    20   0 1240884  17424   8732 S   0.0   0.1   0:00.85 esbuild
 653241 root      20   0       0      0      0 S   0.0   0.0   0:00.00 nvidia-drm/timeline-e82
 653243 root      20   0       0      0      0 S   0.0   0.0   0:00.00 nvidia-drm/timeline-e83
 653246 root      20   0       0      0      0 S   0.0   0.0   0:00.00 nvidia-drm/timeline-e84
 653599 root      20   0       0      0      0 I   0.0   0.0   0:01.07 kworker/u129:6-kcryptd-253:0-1
 653740 root      20   0       0      0      0 I   0.0   0.0   0:00.31 kworker/u130:1-flush-btrfs-1
 656361 root      20   0       0      0      0 I   0.0   0.0   0:00.00 kworker/8:0
 657674 daniel    20   0 1450.4g 195728 105740 S   0.0   0.6   0:06.34 chrome
 663692 root      20   0       0      0      0 I   0.0   0.0   0:01.00 kworker/u129:3-thermal_events
 664662 daniel    20   0 1448.5g 229496 132772 S   0.0   0.7   0:02.27 chrome
 666580 daniel    20   0    8144   4048   3640 S   0.0   0.0   0:00.00 codex-run3.sh
 667198 root      20   0       0      0      0 I   0.0   0.0   0:00.11 kworker/u130:6-btrfs-endio-meta
 667202 daniel    20   0 1383.7g  24440  18784 S   0.0   0.1   0:00.66 codex-code-mode
 668219 daniel    20   0    8144   4260   3768 S   0.0   0.0   0:00.02 bash
 669473 root      20   0       0      0      0 I   0.0   0.0   0:00.82 kworker/u129:7-events_unbound
 670748 root      20   0       0      0      0 I   0.0   0.0   0:00.66 kworker/u129:8-btrfs-endio
 670749 root      20   0       0      0      0 I   0.0   0.0   0:00.21 kworker/u130:9-btrfs-endio-write
 671116 root      20   0       0      0      0 I   0.0   0.0   0:00.44 kworker/u129:9-kcryptd-253:0-1
 673644 daniel    20   0 1448.5g 180412 122320 S   0.0   0.6   0:01.21 chrome
 673721 daniel    20   0 1448.5g 212736 124872 S   0.0   0.6   0:02.67 chrome
 676552 daniel    20   0 1448.3g  75268  64684 S   0.0   0.2   0:00.05 chrome
 676936 root      20   0       0      0      0 I   0.0   0.0   0:00.00 kworker/12:0
 677344 root      20   0       0      0      0 I   0.0   0.0   0:00.00 kworker/1:2
 677619 daniel    20   0 1448.5g 242232 142436 S   0.0   0.7   0:02.91 chrome
 677662 daniel    20   0 1448.5g   1.4g 450912 S   0.0   4.6   0:59.46 chrome
 679335 root      20   0       0      0      0 I   0.0   0.0   0:00.00 kworker/10:0
 680810 daniel    20   0    8144   4192   3704 S   0.0   0.0   0:00.00 bash
 680812 daniel    20   0 1589688  74904  52780 S   0.0   0.2   0:00.08 npm run dev --p
 680823 daniel    20   0 9959.5m 142808  60340 S   0.0   0.4   0:01.87 node-MainThread
 680950 daniel    20   0 1238836  14744   8676 S   0.0   0.0   0:00.34 esbuild
 681047 root      20   0       0      0      0 I   0.0   0.0   0:00.49 kworker/u129:11-btrfs-endio-meta
 681268 root      20   0       0      0      0 I   0.0   0.0   0:00.00 kworker/7:0-events
 681492 root      20   0       0      0      0 S   0.0   0.0   0:00.00 nvidia-drm/timeline-10bd
 681494 root      20   0       0      0      0 S   0.0   0.0   0:00.00 nvidia-drm/timeline-10be
 681497 root      20   0       0      0      0 S   0.0   0.0   0:00.00 nvidia-drm/timeline-10bf
 682232 root      20   0       0      0      0 I   0.0   0.0   0:00.00 kworker/30:2-events
 684075 root      20   0       0      0      0 I   0.0   0.0   0:00.11 kworker/u130:3-flush-btrfs-1
 684077 root      20   0       0      0      0 I   0.0   0.0   0:00.11 kworker/u130:8-kcryptd-253:0-1
 684078 root      20   0       0      0      0 I   0.0   0.0   0:00.10 kworker/u130:10-kcryptd-253:0-1
 684079 root      20   0       0      0      0 I   0.0   0.0   0:00.06 kworker/u130:11-btrfs-endio-meta
 686640 root      20   0       0      0      0 I   0.0   0.0   0:00.07 kworker/u130:12-kcryptd-253:0-1
 687030 root      20   0       0      0      0 I   0.0   0.0   0:00.00 kworker/0:2-events
 687445 root      20   0       0      0      0 I   0.0   0.0   0:00.41 kworker/u129:1-btrfs-endio-meta
 688022 root      20   0       0      0      0 I   0.0   0.0   0:00.33 kworker/u129:12-btrfs-endio-meta
 688023 root      20   0       0      0      0 I   0.0   0.0   0:00.18 kworker/u129:13-btrfs-endio-meta
 688637 root      20   0       0      0      0 I   0.0   0.0   0:00.00 kworker/17:2
 691751 daniel    20   0   82216   5520   4972 S   0.0   0.0   0:00.00 pactl
 694845 root      20   0       0      0      0 I   0.0   0.0   0:00.00 kworker/29:1-events
 695368 daniel    20   0    8144   4236   3744 S   0.0   0.0   0:00.00 bash
 697655 root      20   0       0      0      0 I   0.0   0.0   0:00.00 kworker/13:0-events
 697738 daniel    20   0 1448.3g  77572  65184 S   0.0   0.2   0:00.02 chrome
 698594 root      20   0       0      0      0 I   0.0   0.0   0:00.00 kworker/15:2
 700216 root      20   0       0      0      0 I   0.0   0.0   0:00.00 kworker/7:2
 700514 root      20   0       0      0      0 I   0.0   0.0   0:00.07 kworker/u129:14-btrfs-endio-meta
 700856 root      20   0    9784   5884   5224 S   0.0   0.0   0:00.00 systemd-userwor
 700860 root      20   0       0      0      0 I   0.0   0.0   0:00.00 kworker/29:2
 702308 daniel    20   0 1450.4g 233400 110076 S   0.0   0.7   0:02.32 chrome
 702311 daniel    20   0 1450.4g 194216 104188 S   0.0   0.6   0:01.24 chrome
 703050 root      20   0    9912   5916   5256 S   0.0   0.0   0:00.00 systemd-userwor
 703327 daniel    20   0 1450.4g 204716 115864 S   0.0   0.6   0:02.28 chrome
 703460 daniel    20   0 1450.1g 162740  93664 S   0.0   0.5   0:00.22 chrome
 703474 daniel    20   0 1450.1g  94176  78112 S   0.0   0.3   0:00.02 chrome
 703602 daniel    20   0 1450.1g 161700  93372 S   0.0   0.5   0:00.22 chrome
 703612 daniel    20   0 1450.1g  92296  77796 S   0.0   0.3   0:00.02 chrome
 703625 daniel    20   0    6016   2468   2352 S   0.0   0.0   0:00.00 sleep
 703630 root      20   0    9912   5924   5264 S   0.0   0.0   0:00.00 systemd-userwor
 703757 daniel    20   0    6016   2468   2352 S   0.0   0.0   0:00.00 sleep
 703771 daniel    20   0    8552   3888   3500 S   0.0   0.0   0:00.00 bash
 703784 daniel    20   0   10912   5564   3384 R   0.0   0.0   0:00.01 top

top - 13:35:38 up  4:09,  1 user,  load average: 0.83, 1.58, 2.04
Tasks: 657 total, 1 running, 655 sleep, 0 d-sleep, 0 stopped, 1 zombie
%Cpu(s):  0.4 us,  0.1 sy,  0.0 ni, 99.4 id,  0.0 wa,  0.1 hi,  0.0 si,  0.0 st 
MiB Mem :  32006.4 total,   7014.7 free,  17787.9 used,   9634.4 buff/cache     
MiB Swap:  64012.6 total,  61124.4 free,   2888.2 used.  14218.4 avail Mem 

    PID USER      PR  NI    VIRT    RES    SHR S  %CPU  %MEM     TIME+ COMMAND
 699160 daniel    20   0 1448.5g 215588 119680 S   3.9   0.7   0:13.80 grok-bot
 482459 daniel    20   0 5611396 390104 116508 S   3.0   1.2   2:44.62 claude
 478768 daniel    20   0 5609348 388328 116092 S   2.0   1.2   3:20.18 claude
 703784 daniel    20   0   10912   5844   3640 R   2.0   0.0   0:00.03 top
   1559 daniel    20   0 2472224 460636 180712 S   1.0   1.4   1:01.44 quickshell
   3984 daniel    20   0   53.8g 744120 609956 S   1.0   2.3   7:28.61 chrome
   4924 daniel    20   0   35808   9168   6376 S   1.0   0.0   0:43.49 herdr
   4930 daniel    20   0  193980  19672   8120 S   1.0   0.1   7:15.44 herdr
  18248 daniel    20   0 1452.4g 915916 209580 S   1.0   2.8  27:05.02 chrome
 106928 daniel    20   0 5632088 332752 115996 S   1.0   1.0   3:00.23 claude
 197184 daniel    20   0 1448.7g 908460 183556 S   1.0   2.8  11:45.00 chrome
 197661 daniel    20   0   53.3g 117032 113592 S   1.0   0.4   1:13.76 grok-bot
 582957 daniel    20   0 1448.5g 418324 157648 S   1.0   1.3   0:33.72 chrome
 666585 daniel    20   0  914060 185908 124952 S   1.0   0.6   0:11.11 codex
      1 root      20   0   20764  13260  10228 S   0.0   0.0   0:03.37 systemd
      2 root      20   0       0      0      0 S   0.0   0.0   0:00.10 kthreadd
      3 root      20   0       0      0      0 S   0.0   0.0   0:00.00 pool_workqueue_release
      4 root       0 -20       0      0      0 I   0.0   0.0   0:00.00 kworker/R-rcu_gp
      5 root       0 -20       0      0      0 I   0.0   0.0   0:00.00 kworker/R-sync_wq
      6 root       0 -20       0      0      0 I   0.0   0.0   0:00.00 kworker/R-kvfree_rcu_reclaim
      7 root       0 -20       0      0      0 I   0.0   0.0   0:00.00 kworker/R-slub_flushwq
      8 root       0 -20       0      0      0 I   0.0   0.0   0:00.00 kworker/R-netns
     10 root      20   0       0      0      0 I   0.0   0.0   0:02.25 kworker/0:1-events
     11 root       0 -20       0      0      0 I   0.0   0.0   0:00.00 kworker/0:0H-kblockd
     12 root      20   0       0      0      0 I   0.0   0.0   0:00.00 kworker/u128:0-ipv6_addrconf
     13 root      20   0       0      0      0 I   0.0   0.0   0:00.70 kworker/u128:1-ipv6_addrconf
     14 root       0 -20       0      0      0 I   0.0   0.0   0:00.00 kworker/R-mm_percpu_wq
     15 root      20   0       0      0      0 S   0.0   0.0   0:00.40 ksoftirqd/0
     16 root      -2   0       0      0      0 I   0.0   0.0   0:09.05 rcu_preempt
     17 root      -2   0       0      0      0 S   0.0   0.0   0:00.00 rcub/1
     18 root      20   0       0      0      0 S   0.0   0.0   0:00.05 rcu_exp_par_gp_kthread_worker/1
     19 root      20   0       0      0      0 S   0.0   0.0   0:00.08 rcu_exp_gp_kthread_worker
     20 root      rt   0       0      0      0 S   0.0   0.0   0:00.71 migration/0
     21 root      20   0       0      0      0 S   0.0   0.0   0:00.00 kprobe-optimizer
     22 root     -51   0       0      0      0 S   0.0   0.0   0:00.00 idle_inject/0
     23 root      20   0       0      0      0 S   0.0   0.0   0:00.00 cpuhp/0
     24 root      20   0       0      0      0 S   0.0   0.0   0:00.00 cpuhp/1
     25 root     -51   0       0      0      0 S   0.0   0.0   0:00.00 idle_inject/1
     26 root      rt   0       0      0      0 S   0.0   0.0   0:01.01 migration/1
     27 root      20   0       0      0      0 S   0.0   0.0   0:00.18 ksoftirqd/1
     29 root       0 -20       0      0      0 I   0.0   0.0   0:00.00 kworker/1:0H-kblockd
     30 root      20   0       0      0      0 S   0.0   0.0   0:00.00 cpuhp/2
     31 root     -51   0       0      0      0 S   0.0   0.0   0:00.00 idle_inject/2
     32 root      rt   0       0      0      0 S   0.0   0.0   0:01.13 migration/2
     33 root      20   0       0      0      0 S   0.0   0.0   0:00.11 ksoftirqd/2
     35 root       0 -20       0      0      0 I   0.0   0.0   0:00.00 kworker/2:0H-kblockd
     36 root      20   0       0      0      0 S   0.0   0.0   0:00.00 cpuhp/3
     37 root     -51   0       0      0      0 S   0.0   0.0   0:00.00 idle_inject/3
     38 root      rt   0       0      0      0 S   0.0   0.0   0:00.55 migration/3
     39 root      20   0       0      0      0 S   0.0   0.0   0:00.10 ksoftirqd/3
     41 root       0 -20       0      0      0 I   0.0   0.0   0:00.00 kworker/3:0H-kblockd
     42 root      20   0       0      0      0 S   0.0   0.0   0:00.00 cpuhp/4
     43 root     -51   0       0      0      0 S   0.0   0.0   0:00.00 idle_inject/4
     44 root      rt   0       0      0      0 S   0.0   0.0   0:00.98 migration/4
     45 root      20   0       0      0      0 S   0.0   0.0   0:00.09 ksoftirqd/4
     47 root       0 -20       0      0      0 I   0.0   0.0   0:00.00 kworker/4:0H-kblockd
     48 root      20   0       0      0      0 S   0.0   0.0   0:00.00 cpuhp/5
     49 root     -51   0       0      0      0 S   0.0   0.0   0:00.00 idle_inject/5
     50 root      rt   0       0      0      0 S   0.0   0.0   0:01.22 migration/5
     51 root      20   0       0      0      0 S   0.0   0.0   0:00.07 ksoftirqd/5
     53 root       0 -20       0      0      0 I   0.0   0.0   0:00.00 kworker/5:0H-kblockd
     54 root      20   0       0      0      0 S   0.0   0.0   0:00.00 cpuhp/6
     55 root     -51   0       0      0      0 S   0.0   0.0   0:00.00 idle_inject/6
     56 root      rt   0       0      0      0 S   0.0   0.0   0:01.23 migration/6
     57 root      20   0       0      0      0 S   0.0   0.0   0:00.06 ksoftirqd/6
     59 root       0 -20       0      0      0 I   0.0   0.0   0:00.00 kworker/6:0H-kblockd
     60 root      20   0       0      0      0 S   0.0   0.0   0:00.00 cpuhp/7
     61 root     -51   0       0      0      0 S   0.0   0.0   0:00.00 idle_inject/7
     62 root      rt   0       0      0      0 S   0.0   0.0   0:00.95 migration/7
     63 root      20   0       0      0      0 S   0.0   0.0   0:00.06 ksoftirqd/7
     65 root       0 -20       0      0      0 I   0.0   0.0   0:00.00 kworker/7:0H-kblockd
     66 root      20   0       0      0      0 S   0.0   0.0   0:00.00 cpuhp/8
     67 root     -51   0       0      0      0 S   0.0   0.0   0:00.00 idle_inject/8
     68 root      rt   0       0      0      0 S   0.0   0.0   0:00.85 migration/8
     69 root      20   0       0      0      0 S   0.0   0.0   0:00.13 ksoftirqd/8
     71 root       0 -20       0      0      0 I   0.0   0.0   0:00.00 kworker/8:0H-kblockd
     72 root      20   0       0      0      0 S   0.0   0.0   0:00.00 cpuhp/9
     73 root     -51   0       0      0      0 S   0.0   0.0   0:00.00 idle_inject/9
     74 root      rt   0       0      0      0 S   0.0   0.0   0:00.79 migration/9
     75 root      20   0       0      0      0 S   0.0   0.0   0:00.09 ksoftirqd/9
     77 root       0 -20       0      0      0 I   0.0   0.0   0:00.00 kworker/9:0H-kblockd
     78 root      20   0       0      0      0 S   0.0   0.0   0:00.00 cpuhp/10
     79 root     -51   0       0      0      0 S   0.0   0.0   0:00.00 idle_inject/10
     80 root      rt   0       0      0      0 S   0.0   0.0   0:00.72 migration/10
     81 root      20   0       0      0      0 S   0.0   0.0   0:00.06 ksoftirqd/10
     83 root       0 -20       0      0      0 I   0.0   0.0   0:00.00 kworker/10:0H-kblockd
     84 root      20   0       0      0      0 S   0.0   0.0   0:00.00 cpuhp/11
     85 root     -51   0       0      0      0 S   0.0   0.0   0:00.00 idle_inject/11
     86 root      rt   0       0      0      0 S   0.0   0.0   0:00.78 migration/11
     87 root      20   0       0      0      0 S   0.0   0.0   0:00.06 ksoftirqd/11
     89 root       0 -20       0      0      0 I   0.0   0.0   0:00.00 kworker/11:0H-kblockd
     90 root      20   0       0      0      0 S   0.0   0.0   0:00.00 cpuhp/12
     91 root     -51   0       0      0      0 S   0.0   0.0   0:00.00 idle_inject/12
     92 root      rt   0       0      0      0 S   0.0   0.0   0:00.69 migration/12
     93 root      20   0       0      0      0 S   0.0   0.0   0:00.07 ksoftirqd/12
     95 root       0 -20       0      0      0 I   0.0   0.0   0:00.00 kworker/12:0H-kblockd
     96 root      20   0       0      0      0 S   0.0   0.0   0:00.00 cpuhp/13
     97 root     -51   0       0      0      0 S   0.0   0.0   0:00.00 idle_inject/13
     98 root      rt   0       0      0      0 S   0.0   0.0   0:00.65 migration/13
     99 root      20   0       0      0      0 S   0.0   0.0   0:00.06 ksoftirqd/13
    101 root       0 -20       0      0      0 I   0.0   0.0   0:00.00 kworker/13:0H-kblockd
    102 root      20   0       0      0      0 S   0.0   0.0   0:00.00 cpuhp/14
    103 root     -51   0       0      0      0 S   0.0   0.0   0:00.00 idle_inject/14
    104 root      rt   0       0      0      0 S   0.0   0.0   0:00.64 migration/14
    105 root      20   0       0      0      0 S   0.0   0.0   0:00.10 ksoftirqd/14
    107 root       0 -20       0      0      0 I   0.0   0.0   0:00.00 kworker/14:0H-kblockd
    108 root      20   0       0      0      0 S   0.0   0.0   0:00.00 cpuhp/15
    109 root     -51   0       0      0      0 S   0.0   0.0   0:00.00 idle_inject/15
    110 root      rt   0       0      0      0 S   0.0   0.0   0:00.60 migration/15
    111 root      20   0       0      0      0 S   0.0   0.0   0:00.11 ksoftirqd/15
    113 root       0 -20       0      0      0 I   0.0   0.0   0:00.00 kworker/15:0H-kblockd
    114 root      20   0       0      0      0 S   0.0   0.0   0:00.00 cpuhp/16
    115 root     -51   0       0      0      0 S   0.0   0.0   0:00.00 idle_inject/16
    116 root      rt   0       0      0      0 S   0.0   0.0   0:00.13 migration/16
    117 root      20   0       0      0      0 S   0.0   0.0   0:00.09 ksoftirqd/16
    119 root       0 -20       0      0      0 I   0.0   0.0   0:00.00 kworker/16:0H-kblockd
    120 root      -2   0       0      0      0 S   0.0   0.0   0:00.00 rcub/2
    121 root      20   0       0      0      0 S   0.0   0.0   0:00.00 rcu_exp_par_gp_kthread_worker/2
    122 root      20   0       0      0      0 S   0.0   0.0   0:00.00 cpuhp/17
    123 root     -51   0       0      0      0 S   0.0   0.0   0:00.00 idle_inject/17
    124 root      rt   0       0      0      0 S   0.0   0.0   0:00.26 migration/17
    125 root      20   0       0      0      0 S   0.0   0.0   0:00.07 ksoftirqd/17
    126 root      20   0       0      0      0 I   0.0   0.0   0:00.79 kworker/17:0-mm_percpu_wq
    127 root       0 -20       0      0      0 I   0.0   0.0   0:00.00 kworker/17:0H-kblockd
    128 root      20   0       0      0      0 S   0.0   0.0   0:00.00 cpuhp/18
    129 root     -51   0       0      0      0 S   0.0   0.0   0:00.00 idle_inject/18
    130 root      rt   0       0      0      0 S   0.0   0.0   0:00.47 migration/18
    131 root      20   0       0      0      0 S   0.0   0.0   0:00.06 ksoftirqd/18
    133 root       0 -20       0      0      0 I   0.0   0.0   0:00.00 kworker/18:0H
    134 root      20   0       0      0      0 S   0.0   0.0   0:00.00 cpuhp/19
    135 root     -51   0       0      0      0 S   0.0   0.0   0:00.00 idle_inject/19
    136 root      rt   0       0      0      0 S   0.0   0.0   0:00.11 migration/19
    137 root      20   0       0      0      0 S   0.0   0.0   0:00.10 ksoftirqd/19
    139 root       0 -20       0      0      0 I   0.0   0.0   0:00.00 kworker/19:0H-kblockd
    140 root      20   0       0      0      0 S   0.0   0.0   0:00.00 cpuhp/20
    141 root     -51   0       0      0      0 S   0.0   0.0   0:00.00 idle_inject/20
    142 root      rt   0       0      0      0 S   0.0   0.0   0:00.33 migration/20
    143 root      20   0       0      0      0 S   0.0   0.0   0:00.06 ksoftirqd/20
    145 root       0 -20       0      0      0 I   0.0   0.0   0:00.00 kworker/20:0H-kblockd
    146 root      20   0       0      0      0 S   0.0   0.0   0:00.00 cpuhp/21
    147 root     -51   0       0      0      0 S   0.0   0.0   0:00.00 idle_inject/21
    148 root      rt   0       0      0      0 S   0.0   0.0   0:00.78 migration/21
    149 root      20   0       0      0      0 S   0.0   0.0   0:00.06 ksoftirqd/21
    150 root      20   0       0      0      0 I   0.0   0.0   0:00.62 kworker/21:0-mm_percpu_wq
    151 root       0 -20       0      0      0 I   0.0   0.0   0:00.00 kworker/21:0H-kblockd
    152 root      20   0       0      0      0 S   0.0   0.0   0:00.00 cpuhp/22
    153 root     -51   0       0      0      0 S   0.0   0.0   0:00.00 idle_inject/22
    154 root      rt   0       0      0      0 S   0.0   0.0   0:00.97 migration/22
    155 root      20   0       0      0      0 S   0.0   0.0   0:00.05 ksoftirqd/22
    157 root       0 -20       0      0      0 I   0.0   0.0   0:00.00 kworker/22:0H-kblockd
    158 root      20   0       0      0      0 S   0.0   0.0   0:00.00 cpuhp/23
    159 root     -51   0       0      0      0 S   0.0   0.0   0:00.00 idle_inject/23
    160 root      rt   0       0      0      0 S   0.0   0.0   0:00.51 migration/23
    161 root      20   0       0      0      0 S   0.0   0.0   0:00.05 ksoftirqd/23
    163 root       0 -20       0      0      0 I   0.0   0.0   0:00.00 kworker/23:0H-kblockd
    164 root      20   0       0      0      0 S   0.0   0.0   0:00.00 cpuhp/24
    165 root     -51   0       0      0      0 S   0.0   0.0   0:00.00 idle_inject/24
    166 root      rt   0       0      0      0 S   0.0   0.0   0:00.53 migration/24
    167 root      20   0       0      0      0 S   0.0   0.0   0:00.06 ksoftirqd/24
    169 root       0 -20       0      0      0 I   0.0   0.0   0:00.00 kworker/24:0H-kblockd
    170 root      20   0       0      0      0 S   0.0   0.0   0:00.00 cpuhp/25
    171 root     -51   0       0      0      0 S   0.0   0.0   0:00.00 idle_inject/25
    172 root      rt   0       0      0      0 S   0.0   0.0   0:00.32 migration/25
    173 root      20   0       0      0      0 S   0.0   0.0   0:00.06 ksoftirqd/25
    175 root       0 -20       0      0      0 I   0.0   0.0   0:00.00 kworker/25:0H-kblockd
    176 root      20   0       0      0      0 S   0.0   0.0   0:00.00 cpuhp/26
    177 root     -51   0       0      0      0 S   0.0   0.0   0:00.00 idle_inject/26
    178 root      rt   0       0      0      0 S   0.0   0.0   0:00.37 migration/26
    179 root      20   0       0      0      0 S   0.0   0.0   0:00.07 ksoftirqd/26
    181 root       0 -20       0      0      0 I   0.0   0.0   0:00.00 kworker/26:0H-kblockd
    182 root      20   0       0      0      0 S   0.0   0.0   0:00.00 cpuhp/27
    183 root     -51   0       0      0      0 S   0.0   0.0   0:00.00 idle_inject/27
    184 root      rt   0       0      0      0 S   0.0   0.0   0:00.65 migration/27
    185 root      20   0       0      0      0 S   0.0   0.0   0:00.04 ksoftirqd/27
    187 root       0 -20       0      0      0 I   0.0   0.0   0:00.00 kworker/27:0H-kblockd
    188 root      20   0       0      0      0 S   0.0   0.0   0:00.00 cpuhp/28
    189 root     -51   0       0      0      0 S   0.0   0.0   0:00.00 idle_inject/28
    190 root      rt   0       0      0      0 S   0.0   0.0   0:00.48 migration/28
    191 root      20   0       0      0      0 S   0.0   0.0   0:00.04 ksoftirqd/28
    193 root       0 -20       0      0      0 I   0.0   0.0   0:00.00 kworker/28:0H-kblockd
    194 root      20   0       0      0      0 S   0.0   0.0   0:00.00 cpuhp/29
    195 root     -51   0       0      0      0 S   0.0   0.0   0:00.00 idle_inject/29
    196 root      rt   0       0      0      0 S   0.0   0.0   0:00.26 migration/29
    197 root      20   0       0      0      0 S   0.0   0.0   0:00.05 ksoftirqd/29
    199 root       0 -20       0      0      0 I   0.0   0.0   0:00.00 kworker/29:0H-kblockd
    200 root      20   0       0      0      0 S   0.0   0.0   0:00.00 cpuhp/30
    201 root     -51   0       0      0      0 S   0.0   0.0   0:00.00 idle_inject/30
    202 root      rt   0       0      0      0 S   0.0   0.0   0:00.41 migration/30
    203 root      20   0       0      0      0 S   0.0   0.0   0:00.04 ksoftirqd/30
    205 root       0 -20       0      0      0 I   0.0   0.0   0:00.00 kworker/30:0H-kblockd
    206 root      20   0       0      0      0 S   0.0   0.0   0:00.00 cpuhp/31
    207 root     -51   0       0      0      0 S   0.0   0.0   0:00.00 idle_inject/31
    208 root      rt   0       0      0      0 S   0.0   0.0   0:00.21 migration/31
    209 root      20   0       0      0      0 S   0.0   0.0   0:00.09 ksoftirqd/31
    211 root       0 -20       0      0      0 I   0.0   0.0   0:00.00 kworker/31:0H-kblockd
    214 root      20   0       0      0      0 S   0.0   0.0   0:00.00 kdevtmpfs
    215 root       0 -20       0      0      0 I   0.0   0.0   0:00.00 kworker/R-inet_frag_wq
    216 root      20   0       0      0      0 I   0.0   0.0   0:00.00 rcu_tasks_kthread
    217 root      20   0       0      0      0 I   0.0   0.0   0:00.00 rcu_tasks_rude_kthread
    218 root      20   0       0      0      0 S   0.0   0.0   0:00.00 kauditd
    219 root      20   0       0      0      0 S   0.0   0.0   0:00.05 khungtaskd
    221 root      20   0       0      0      0 S   0.0   0.0   0:00.00 oom_reaper
    223 root       0 -20       0      0      0 I   0.0   0.0   0:00.00 kworker/R-writeback
    224 root      20   0       0      0      0 S   0.0   0.0   0:21.71 kcompactd0
    225 root      25   5       0      0      0 S   0.0   0.0   0:00.00 ksmd
    227 root      39  19       0      0      0 S   0.0   0.0   0:00.39 khugepaged
    228 root       0 -20       0      0      0 I   0.0   0.0   0:00.00 kworker/R-kblockd
    229 root       0 -20       0      0      0 I   0.0   0.0   0:00.00 kworker/R-blkcg_punt_bio
    230 root       0 -20       0      0      0 I   0.0   0.0   0:00.00 kworker/R-kintegrityd
    231 root     -51   0       0      0      0 S   0.0   0.0   0:00.00 irq/9-acpi
    234 root       0 -20       0      0      0 I   0.0   0.0   0:00.00 kworker/R-tpm_dev_wq
    235 root       0 -20       0      0      0 I   0.0   0.0   0:00.00 kworker/R-ata_sff
    236 root       0 -20       0      0      0 I   0.0   0.0   0:00.00 kworker/R-edac-poller
    237 root       0 -20       0      0      0 I   0.0   0.0   0:00.00 kworker/R-devfreq_wq
    238 root     -51   0       0      0      0 S   0.0   0.0   0:00.00 watchdogd
    239 root       0 -20       0      0      0 I   0.0   0.0   0:00.00 kworker/R-quota_events_unbound
    240 root     -51   0       0      0      0 S   0.0   0.0   0:00.00 irq/26-AMD-Vi
    241 root      20   0       0      0      0 S   0.0   0.0   0:41.57 kswapd0
    242 root       0 -20       0      0      0 I   0.0   0.0   0:00.00 kworker/R-kthrotld
    243 root       0 -20       0      0      0 I   0.0   0.0   0:00.00 kworker/u131:0
    244 root     -51   0       0      0      0 S   0.0   0.0   0:00.00 irq/28-aerdrv
    245 root     -51   0       0      0      0 S   0.0   0.0   0:00.00 irq/29-aerdrv
    246 root     -51   0       0      0      0 S   0.0   0.0   0:00.00 irq/31-aerdrv
    247 root     -51   0       0      0      0 S   0.0   0.0   0:00.00 irq/32-aerdrv
    248 root       0 -20       0      0      0 I   0.0   0.0   0:00.00 kworker/R-acpi_thermal_pm
    251 root      20   0       0      0      0 I   0.0   0.0   0:00.95 kworker/4:1-events
    252 root      20   0       0      0      0 I   0.0   0.0   0:01.38 kworker/1:1-events
    254 root      20   0       0      0      0 I   0.0   0.0   0:00.58 kworker/6:1-mm_percpu_wq
    255 root      20   0       0      0      0 I   0.0   0.0   0:00.69 kworker/7:1-events_freezable
    259 root      20   0       0      0      0 I   0.0   0.0   0:00.50 kworker/22:1-mm_percpu_wq
    260 root      20   0       0      0      0 I   0.0   0.0   0:00.57 kworker/23:1-mm_percpu_wq
    262 root      20   0       0      0      0 I   0.0   0.0   0:00.45 kworker/30:1-mm_percpu_wq
    264 root      20   0       0      0      0 I   0.0   0.0   0:00.69 kworker/8:1-mm_percpu_wq
    266 root      20   0       0      0      0 I   0.0   0.0   0:01.58 kworker/15:1-mm_percpu_wq
    267 root      20   0       0      0      0 I   0.0   0.0   0:00.85 kworker/13:1-mm_percpu_wq
    268 root      20   0       0      0      0 I   0.0   0.0   0:00.47 kworker/27:1-mm_percpu_wq
    269 root      20   0       0      0      0 I   0.0   0.0   0:00.63 kworker/24:1-events
    270 root      20   0       0      0      0 I   0.0   0.0   0:00.60 kworker/26:1-mm_percpu_wq
    272 root      20   0       0      0      0 I   0.0   0.0   0:01.07 kworker/9:1-mm_percpu_wq
    273 root      20   0       0      0      0 I   0.0   0.0   0:00.53 kworker/11:1-mm_percpu_wq
    274 root      20   0       0      0      0 I   0.0   0.0   0:00.49 kworker/28:1-mm_percpu_wq
    275 root      20   0       0      0      0 I   0.0   0.0   0:00.56 kworker/12:1-events
    276 root      20   0       0      0      0 I   0.0   0.0   0:00.73 kworker/31:1-mm_percpu_wq
    278 root      20   0       0      0      0 S   0.0   0.0   0:00.00 scsi_eh_0
    279 root       0 -20       0      0      0 I   0.0   0.0   0:00.00 kworker/R-scsi_tmf_0
    280 root      20   0       0      0      0 S   0.0   0.0   0:00.00 scsi_eh_1
    281 root       0 -20       0      0      0 I   0.0   0.0   0:00.00 kworker/R-scsi_tmf_1
    282 root      20   0       0      0      0 S   0.0   0.0   0:00.00 scsi_eh_2
    283 root       0 -20       0      0      0 I   0.0   0.0   0:00.00 kworker/R-scsi_tmf_2
    284 root      20   0       0      0      0 S   0.0   0.0   0:00.00 scsi_eh_3
    285 root       0 -20       0      0      0 I   0.0   0.0   0:00.00 kworker/R-scsi_tmf_3
    290 root      20   0       0      0      0 S   0.0   0.0   0:00.00 scsi_eh_4
    291 root       0 -20       0      0      0 I   0.0   0.0   0:00.00 kworker/R-scsi_tmf_4
    292 root      20   0       0      0      0 S   0.0   0.0   0:00.00 scsi_eh_5
    293 root       0 -20       0      0      0 I   0.0   0.0   0:00.00 kworker/R-scsi_tmf_5
    294 root      20   0       0      0      0 S   0.0   0.0   0:00.00 scsi_eh_6
    295 root       0 -20       0      0      0 I   0.0   0.0   0:00.00 kworker/R-scsi_tmf_6
    296 root      20   0       0      0      0 S   0.0   0.0   0:00.00 scsi_eh_7
    297 root       0 -20       0      0      0 I   0.0   0.0   0:00.00 kworker/R-scsi_tmf_7
    298 root      20   0       0      0      0 S   0.0   0.0   0:00.00 scsi_eh_8
    299 root       0 -20       0      0      0 I   0.0   0.0   0:00.00 kworker/R-scsi_tmf_8
    300 root      20   0       0      0      0 S   0.0   0.0   0:00.00 scsi_eh_9
    301 root       0 -20       0      0      0 I   0.0   0.0   0:00.00 kworker/R-scsi_tmf_9
    308 root       0 -20       0      0      0 I   0.0   0.0   0:00.00 kworker/R-mld
    309 root       0 -20       0      0      0 I   0.0   0.0   0:00.00 kworker/R-ipv6_addrconf
    310 root       0 -20       0      0      0 I   0.0   0.0   0:00.00 kworker/R-kstrp
    314 root       0 -20       0      0      0 I   0.0   0.0   0:00.00 kworker/u132:0
    315 root       0 -20       0      0      0 I   0.0   0.0   0:00.00 kworker/u133:0
    318 root      20   0       0      0      0 I   0.0   0.0   0:00.81 kworker/10:3-mm_percpu_wq
    320 root       0 -20       0      0      0 I   0.0   0.0   0:00.05 kworker/19:1H-kblockd
    321 root       0 -20       0      0      0 I   0.0   0.0   0:00.10 kworker/3:1H-kblockd
    322 root       0 -20       0      0      0 I   0.0   0.0   0:00.37 kworker/0:1H-events_highpri
    325 root     -51   0       0      0      0 S   0.0   0.0   0:00.00 irq/27-ACPI:Event
    358 root      20   0       0      0      0 S   0.0   0.0   0:00.00 nv_queue
    359 root      20   0       0      0      0 S   0.0   0.0   0:20.98 nv_mem_pool_scrubber_queue
    360 root      20   0       0      0      0 S   0.0   0.0   0:00.00 nv_mem_pool_scrubber_queue
    361 root      20   0       0      0      0 S   0.0   0.0   0:00.00 nv_mem_pool_scrubber_queue
    362 root      20   0       0      0      0 S   0.0   0.0   0:00.00 nv_queue
    363 root      20   0       0      0      0 S   0.0   0.0   0:00.00 nv_open_q
    375 root      20   0       0      0      0 S   0.0   0.0   0:13.33 nvidia-modeset/kthread_q
    376 root      20   0       0      0      0 S   0.0   0.0   0:00.00 nvidia-modeset/deferred_close_kthread_q
    377 root      20   0       0      0      0 S   0.0   0.0   0:00.00 UVM global queue
    378 root      20   0       0      0      0 S   0.0   0.0   0:00.00 UVM deferred release queue
    379 root      20   0       0      0      0 S   0.0   0.0   0:00.00 UVM Tools Event Queue
    380 root      20   0       0      0      0 I   0.0   0.0   0:01.03 kworker/16:2-mm_percpu_wq
    381 root     -51   0       0      0      0 S   0.0   0.0   0:00.00 irq/90-nvidia
    382 root      20   0       0      0      0 S   0.0   0.0   0:00.00 nvidia
    383 root      20   0       0      0      0 S   0.0   0.0   0:00.00 nv_queue
    521 root       0 -20       0      0      0 I   0.0   0.0   0:00.05 kworker/16:1H-kblockd
    524 root       0 -20       0      0      0 I   0.0   0.0   0:00.06 kworker/17:1H-kblockd
    525 root       0 -20       0      0      0 I   0.0   0.0   0:00.03 kworker/24:1H-kblockd
    527 root       0 -20       0      0      0 I   0.0   0.0   0:00.03 kworker/10:1H-kblockd
    704 root       0 -20       0      0      0 I   0.0   0.0   0:00.00 kworker/R-kdmflush/253:0
    705 root       0 -20       0      0      0 I   0.0   0.0   0:00.00 kworker/R-kcryptd_io-253:0-1
    706 root       0 -20       0      0      0 I   0.0   0.0   0:00.00 kworker/R-kcryptd-253:0-1
    707 root      20   0       0      0      0 S   0.0   0.0   0:03.11 dmcrypt_write/253:0
    712 root       0 -20       0      0      0 I   0.0   0.0   0:00.14 kworker/1:1H-kblockd
    747 root      20   0       0      0      0 I   0.0   0.0   0:00.96 kworker/19:2-mm_percpu_wq
    755 root       0 -20       0      0      0 I   0.0   0.0   0:00.02 kworker/30:1H-kblockd
    756 root       0 -20       0      0      0 I   0.0   0.0   0:00.00 kworker/R-btrfs-worker
    757 root       0 -20       0      0      0 I   0.0   0.0   0:00.00 kworker/R-btrfs-delalloc
    758 root       0 -20       0      0      0 I   0.0   0.0   0:00.00 kworker/R-btrfs-flush_delalloc
    759 root       0 -20       0      0      0 I   0.0   0.0   0:00.00 kworker/R-btrfs-cache
    760 root       0 -20       0      0      0 I   0.0   0.0   0:00.00 kworker/R-btrfs-fixup
    761 root       0 -20       0      0      0 I   0.0   0.0   0:00.00 kworker/R-btrfs-endio
    762 root       0 -20       0      0      0 I   0.0   0.0   0:00.00 kworker/R-btrfs-endio-meta
    763 root       0 -20       0      0      0 I   0.0   0.0   0:00.00 kworker/R-btrfs-rmw
    764 root       0 -20       0      0      0 I   0.0   0.0   0:00.00 kworker/R-btrfs-endio-write
    765 root       0 -20       0      0      0 I   0.0   0.0   0:00.00 kworker/R-btrfs-freespace-write
    766 root       0 -20       0      0      0 I   0.0   0.0   0:00.00 kworker/R-btrfs-delayed-meta
    767 root       0 -20       0      0      0 I   0.0   0.0   0:00.00 kworker/R-btrfs-qgroup-rescan
    768 root       0 -20       0      0      0 I   0.0   0.0   0:00.02 kworker/31:1H-kblockd
    769 root      20   0       0      0      0 S   0.0   0.0   0:00.01 btrfs-cleaner
    770 root      20   0       0      0      0 S   0.0   0.0   0:28.10 btrfs-transaction
    791 root       0 -20       0      0      0 I   0.0   0.0   0:00.06 kworker/20:1H-kblockd
    792 root       0 -20       0      0      0 I   0.0   0.0   0:00.06 kworker/21:1H-kblockd
    793 root       0 -20       0      0      0 I   0.0   0.0   0:00.07 kworker/6:1H-kblockd
    797 root       0 -20       0      0      0 I   0.0   0.0   0:00.02 kworker/8:1H-kblockd
    798 root       0 -20       0      0      0 I   0.0   0.0   0:00.03 kworker/9:1H-kblockd
    803 root       0 -20       0      0      0 I   0.0   0.0   0:00.03 kworker/12:1H-kblockd
    807 root       0 -20       0      0      0 I   0.0   0.0   0:00.02 kworker/28:1H-kblockd
    808 root       0 -20       0      0      0 I   0.0   0.0   0:00.03 kworker/13:1H-kblockd
    813 root       0 -20       0      0      0 I   0.0   0.0   0:00.03 kworker/14:1H-kblockd
    814 root       0 -20       0      0      0 I   0.0   0.0   0:00.02 kworker/25:1H-kblockd
    815 root       0 -20       0      0      0 I   0.0   0.0   0:00.02 kworker/26:1H-kblockd
    838 root       0 -20       0      0      0 I   0.0   0.0   0:00.07 kworker/7:1H-kblockd
    841 root      -2   0       0      0      0 S   0.0   0.0   0:00.22 psimon
    849 root      20   0  100768  38272  37576 S   0.0   0.1   0:01.60 systemd-journal
    858 root       0 -20       0      0      0 I   0.0   0.0   0:00.06 kworker/18:1H-kblockd
    862 root       0 -20       0      0      0 I   0.0   0.0   0:00.10 kworker/4:1H-kblockd
    863 root      20   0       0      0      0 I   0.0   0.0   0:00.61 kworker/18:2-mm_percpu_wq
    865 root       0 -20       0      0      0 I   0.0   0.0   0:00.12 kworker/2:1H-kblockd
    868 root       0 -20       0      0      0 I   0.0   0.0   0:00.05 kworker/23:1H-kblockd
    869 root       0 -20       0      0      0 I   0.0   0.0   0:00.10 kworker/5:1H-kblockd
    871 root      20   0    9088   4092   3968 S   0.0   0.0   0:00.08 systemd-userdbd
    873 root       0 -20       0      0      0 I   0.0   0.0   0:00.02 kworker/29:1H-kblockd
    890 root       0 -20       0      0      0 I   0.0   0.0   0:00.03 kworker/11:1H-kblockd
    912 root       0 -20       0      0      0 I   0.0   0.0   0:00.03 kworker/15:1H-kblockd
    916 root      20   0       0      0      0 I   0.0   0.0   0:01.24 kworker/3:2-events
    967 root      -2   0       0      0      0 S   0.0   0.0   0:00.00 psimon
    972 systemd+  20   0   26008  15612  12356 S   0.0   0.0   0:08.13 systemd-resolve
    973 systemd+  20   0   85404   6908   6608 S   0.0   0.0   0:00.05 systemd-timesyn
    980 root      20   0   43836   8752   7720 S   0.0   0.0   0:00.21 systemd-udevd
    984 root      -2   0       0      0      0 S   0.0   0.0   0:00.00 psimon
   1078 root       0 -20       0      0      0 I   0.0   0.0   0:00.06 kworker/22:1H-kblockd
   1097 root       0 -20       0      0      0 I   0.0   0.0   0:00.03 kworker/27:1H-kblockd
   1139 systemd+  20   0    9672   5392   5200 S   0.0   0.0   0:10.16 systemd-oomd
   1185 root       0 -20       0      0      0 I   0.0   0.0   0:00.00 kworker/R-zswap-shrink
   1190 dbus      20   0    8044   3444   3232 S   0.0   0.0   0:00.08 dbus-broker-lau
   1192 dbus      20   0    8064   3392   2572 S   0.0   0.0   0:00.55 dbus-broker
   1194 root      20   0  347588  20540  19264 S   0.0   0.1   0:00.32 NetworkManager
   1196 avahi     20   0    6180   4100   3828 S   0.0   0.0   0:00.46 avahi-daemon
   1197 root      20   0    8652   4708   3816 S   0.0   0.0   0:00.02 bash
   1199 root      20   0   10592   7256   6464 S   0.0   0.0   0:00.24 systemd-logind
   1201 root      20   0       0      0      0 I   0.0   0.0   0:00.69 kworker/5:2-events
   1220 avahi     20   0    6180   1196   1164 S   0.0   0.0   0:00.00 avahi-daemon
   1252 root      20   0    7568   4088   3832 S   0.0   0.0   0:00.00 inotifywait
   1253 root      20   0    8136   2060   1648 S   0.0   0.0   0:00.00 bash
   1263 root      20   0   22160   7348   7024 S   0.0   0.0   0:00.00 cupsd
   1265 root      20   0 2764560  55960  15432 S   0.0   0.2   0:05.27 tailscaled
   1318 root      20   0  161860  18980  18976 S   0.0   0.1   0:00.02 sddm
   1329 root      20   0  308500   6684   6680 S   0.0   0.0   0:00.03 power-profiles-
   1339 polkitd   20   0  382744   8776   7956 S   0.0   0.0   0:00.66 polkitd
   1341 root      20   0   91448  22856  21276 S   0.0   0.1   0:00.01 sddm-helper
   1362 daniel    20   0   20952  13704   9756 S   0.0   0.0   0:02.79 systemd
   1364 daniel    20   0   19464   2152   2148 S   0.0   0.0   0:00.00 (sd-pam)
   1370 daniel    20   0    7568   3528   3212 S   0.0   0.0   0:00.00 dbus-broker-lau
   1371 daniel    20   0    5912   3816   2668 S   0.0   0.0   0:00.95 dbus-broker
   1372 daniel    20   0 9890.3m  82092  55580 S   0.0   0.3   0:03.62 node-MainThread
   1373 daniel    20   0  265252  30516   8308 S   0.0   0.1   0:14.11 pipewire
   1374 daniel    20   0  752388  43808  19320 S   0.0   0.1   0:21.59 wireplumber
   1376 daniel    20   0  187920  25244   7948 S   0.0   0.1   0:08.46 pipewire-pulse
   1378 daniel    20   0  182784   8724   7260 S   0.0   0.0   0:00.52 gnome-keyring-d
   1383 daniel    20   0    8004   3792   3784 S   0.0   0.0   0:00.08 sh
   1425 daniel    20   0    5956   2276   2172 S   0.0   0.0   0:00.00 waitpid
   1426 daniel    20   0   12624   5672   5540 S   0.0   0.0   0:00.00 systemctl
   1427 daniel    20   0    8520   3688   3684 S   0.0   0.0   0:00.00 omarchy-tailsca
   1433 daniel    20   0 1727132  14380   7688 S   0.0   0.0   0:00.00 tailscale
   1495 daniel    20   0   16936   4408   4404 S   0.0   0.0   0:00.06 start-hyprland
   1500 daniel    20   0 1608116 195860 186320 S   0.0   0.6   6:18.94 Hyprland
   1536 root      20   0       0      0      0 S   0.0   0.0   0:01.49 nvidia-drm/timeline-7
   1544 daniel    20   0  165608   6148   5964 S   0.0   0.0   0:00.00 dconf-service
   1552 daniel    20   0    8140   3736   3728 S   0.0   0.0   0:00.00 omarchy-launch-
   1558 daniel    20   0    8140   3932   3724 S   0.0   0.0   0:00.32 omarchy-hyprlan
   1561 daniel    20   0  565856  38904  27908 S   0.0   0.1   0:00.60 udiskie
   1569 daniel    20   0 1003728  23460  11948 S   0.0   0.1   0:32.24 python3
   1571 daniel    20   0       0      0      0 Z   0.0   0.0   0:00.00 uwsm-app
   1575 root      20   0  321764  11708   8500 S   0.0   0.0   0:00.15 upowerd
   1616 daniel    20   0  495096  81120  73976 S   0.0   0.2   0:01.78 Xwayland
   1627 daniel    20   0  380072   7128   6868 S   0.0   0.0   0:00.00 at-spi-bus-laun
   1636 daniel    20   0    7572   3220   3212 S   0.0   0.0   0:00.00 dbus-broker-lau
   1637 daniel    20   0    4832   2780   2628 S   0.0   0.0   0:00.07 dbus-broker
   1643 root      20   0       0      0      0 S   0.0   0.0   0:00.00 nvidia-drm/timeline-8
   1644 daniel    20   0  331208  10428   9908 S   0.0   0.0   0:00.01 gvfsd
   1655 daniel    20   0  324960   7276   6792 S   0.0   0.0   0:00.00 gvfsd-fuse
   1700 daniel    20   0  167932   7068   6768 S   0.0   0.0   0:00.09 at-spi2-registr
   1727 root      20   0       0      0      0 S   0.0   0.0   0:00.00 nvidia-drm/timeline-9
   1807 daniel    20   0    9352   4664   4600 S   0.0   0.0   0:00.00 systemd-inhibit
   1808 daniel    20   0 1448.6g 150948 127420 S   0.0   0.5   0:07.17 1password
   1823 daniel    20   0    6024   2412   2364 S   0.0   0.0   0:00.29 tail
   1825 daniel    20   0    8144   3728   3704 S   0.0   0.0   0:00.00 omarchy-crash-w
   1827 daniel    20   0  393764  23176  16208 S   0.0   0.1   0:05.63 fcitx5
   1830 daniel    20   0    8140   3712   3696 S   0.0   0.0   0:00.00 omarchy-system-
   1832 daniel    20   0    4800   2440   2428 S   0.0   0.0   0:00.00 dbus-monitor
   1833 daniel    20   0  226560   8208   7968 S   0.0   0.0   0:00.18 journalctl
   1834 daniel    20   0    8660   2736   2420 S   0.0   0.0   0:00.05 omarchy-crash-w
   1839 daniel    20   0 2277048  11812   4752 S   0.0   0.0   0:11.53 voxtype
   1844 daniel    20   0   35556  20904   8672 S   0.0   0.1   0:00.11 uwsm
   1845 daniel    20   0  551048  16616  13780 S   0.0   0.1   0:01.56 xdg-desktop-por
   1926 daniel    20   0  307720   6580   6196 S   0.0   0.0   0:00.00 xdg-permission-
   2002 daniel    20   0  612612   6828   6500 S   0.0   0.0   0:00.34 xdg-document-po
   2022 root      20   0    2984   1980   1976 S   0.0   0.0   0:00.00 fusermount3
   2026 daniel    20   0 2210808  43368  31040 S   0.0   0.1   0:01.68 xdg-desktop-por
   2081 daniel    20   0  170224   8120   7872 S   0.0   0.0   0:00.55 xdg-desktop-por
   2086 daniel    20   0 1101464  77868  67268 S   0.0   0.2   0:31.80 voxtype-osd-gtk
   2107 daniel    20   0   48.6g  33116  32944 S   0.0   0.1   0:00.02 1password
   2108 daniel    20   0   48.6g  33096  32952 S   0.0   0.1   0:00.02 1password
   2126 daniel    20   0    7724   3836   3828 S   0.0   0.0   0:00.00 inotifywait
   2170 daniel    20   0   48.6g   4608   4164 S   0.0   0.0   0:00.01 1password
   2176 daniel    20   0 2127004   4276   4148 S   0.0   0.0   0:01.32 voxtype
   2196 daniel    20   0 2127012   4436   4284 S   0.0   0.0   0:01.30 voxtype
   2322 daniel    20   0 9925.8m 238364 112576 S   0.0   0.7   3:00.64 bun
   2493 daniel    20   0   14484   3784   3732 S   0.0   0.0   0:00.07 socat
   2544 root      20   0  480444  16540  13020 S   0.0   0.1   0:01.54 udisksd
   2557 daniel    20   0    8008   3756   3748 S   0.0   0.0   0:00.00 sh
   2565 daniel    20   0   53.5g 136896 130048 S   0.0   0.4   0:36.76 1password
   2571 daniel    20   0   48.4g  47080  45808 S   0.0   0.1   0:00.41 1password
   2702 daniel    20   0   12020   6160   4672 S   0.0   0.0   0:00.11 busctl
   2750 root      20   0       0      0      0 S   0.0   0.0   0:00.00 nvidia-drm/timeline-d
   2900 root      20   0       0      0      0 S   0.0   0.0   0:00.00 nvidia-drm/timeline-10
   2921 root      20   0       0      0      0 S   0.0   0.0   0:00.00 nvidia-drm/timeline-11
   2991 root      20   0       0      0      0 S   0.0   0.0   0:00.00 nvidia-drm/timeline-12
   3020 root      20   0       0      0      0 S   0.0   0.0   0:00.00 vidmem lazy free
   3037 root      20   0       0      0      0 S   0.0   0.0   0:00.00 UVM GPU1 BH
   3038 root      20   0       0      0      0 S   0.0   0.0   0:00.00 UVM GPU1 KC
   3050 root      20   0       0      0      0 I   0.0   0.0   0:00.63 kworker/14:2-mm_percpu_wq
   3062 daniel    20   0    3108   2012   1908 S   0.0   0.0   0:00.07 wl-paste
   3063 daniel    20   0    3108   2028   1920 S   0.0   0.0   0:00.04 wl-paste
   3427 root      20   0       0      0      0 S   0.0   0.0   0:00.00 nvidia-drm/timeline-14
   3430 root      20   0       0      0      0 S   0.0   0.0   0:00.00 nvidia-drm/timeline-15
   3433 root      20   0       0      0      0 S   0.0   0.0   0:00.00 nvidia-drm/timeline-16
   3938 daniel    20   0   53.1g 413368 237508 S   0.0   1.3   5:37.99 chrome
   3943 daniel    20   0    5992   2124   2116 S   0.0   0.0   0:00.00 cat
   3944 daniel    20   0    5992   2168   2140 S   0.0   0.0   0:00.00 cat
   3946 daniel    20   0   52.0g   3952   3852 S   0.0   0.0   0:00.00 chrome_crashpad
   3948 daniel    20   0   52.0g   3448   3436 S   0.0   0.0   0:00.00 chrome_crashpad
   3954 daniel    20   0   52.7g  33288  31940 S   0.0   0.1   0:00.01 chrome
   3955 daniel    20   0   52.7g  37404  32212 S   0.0   0.1   0:00.02 chrome
   3957 daniel    20   0   52.7g   9760   4324 S   0.0   0.0   0:02.06 chrome
   3986 daniel    20   0   52.6g 121712  99324 S   0.0   0.4   0:47.68 chrome
   4005 daniel    20   0   52.7g  53552  45548 S   0.0   0.2   0:00.70 chrome
   4018 daniel    20   0 1448.5g 152844 122884 S   0.0   0.5   0:02.53 chrome
   4028 root      20   0       0      0      0 S   0.0   0.0   0:00.35 nvidia-drm/timeline-1a
   4053 daniel    20   0 1450.4g 267328 138828 S   0.0   0.8   0:12.98 chrome
   4082 daniel    20   0 1450.4g 300516 128004 S   0.0   0.9   0:23.27 chrome
   4093 daniel    20   0 1450.3g 135012 107448 S   0.0   0.4   0:01.55 chrome
   4173 daniel    20   0   53.2g  18228  11048 S   0.0   0.1   0:08.42 chrome
   4181 root      20   0       0      0      0 S   0.0   0.0   0:00.00 nvidia-drm/timeline-1b
   4187 root      20   0       0      0      0 S   0.0   0.0   0:00.00 nvidia-drm/timeline-1c
   4190 root      20   0       0      0      0 S   0.0   0.0   0:00.00 nvidia-drm/timeline-1d
   4217 daniel    20   0 2103304   2868   2860 S   0.0   0.0   0:00.01 chrome-native-h
   4427 daniel    20   0 2115868   6148   5396 S   0.0   0.0   0:00.41 1Password-Brows
   4558 daniel    20   0 1450.4g 328228 162540 S   0.0   1.0   0:54.36 chrome
   4921 daniel    20   0  904080  24728  22000 S   0.0   0.1   0:16.94 foot
   4964 daniel    20   0   10352   4496   4320 S   0.0   0.0   0:00.02 bash
   4967 daniel    20   0   10352   4476   4304 S   0.0   0.0   0:00.02 bash
   4971 daniel    20   0   10352   4480   4304 S   0.0   0.0   0:00.02 bash
   4975 daniel    20   0   10352   4484   4304 S   0.0   0.0   0:00.02 bash
   4978 daniel    20   0   10356   4264   4256 S   0.0   0.0   0:00.02 bash
   4981 daniel    20   0   10352   4420   4236 S   0.0   0.0   0:00.01 bash
   4984 daniel    20   0   10488   4468   4316 S   0.0   0.0   0:00.06 bash
   4987 daniel    20   0   10488   4428   4288 S   0.0   0.0   0:00.07 bash
   4990 daniel    20   0   10352   4436   4256 S   0.0   0.0   0:00.02 bash
   4993 daniel    20   0   10352   4348   4256 S   0.0   0.0   0:00.02 bash
   9435 daniel    20   0 5602908 303100 115508 S   0.0   0.9   2:18.88 claude
  17004 daniel    20   0 1448.4g  47696  46448 S   0.0   0.1   0:00.32 1password
  18156 daniel    20   0   53.0g 316584 196316 S   0.0   1.0   4:02.96 chrome
  18163 daniel    20   0    5996   2152   2140 S   0.0   0.0   0:00.00 cat
  18164 daniel    20   0    5996   2172   2140 S   0.0   0.0   0:00.00 cat
  18167 daniel    20   0   52.0g   4012   3912 S   0.0   0.0   0:00.00 chrome_crashpad
  18169 daniel    20   0   52.0g   3540   3528 S   0.0   0.0   0:00.00 chrome_crashpad
  18175 daniel    20   0   52.7g  32132  31708 S   0.0   0.1   0:00.01 chrome
  18176 daniel    20   0   52.7g  34912  32528 S   0.0   0.1   0:00.01 chrome
  18178 daniel    20   0   52.7g   7160   4516 S   0.0   0.0   0:00.70 chrome
  18203 daniel    20   0   53.4g 279536 221920 S   0.0   0.9   3:42.41 chrome
  18205 daniel    20   0   52.6g 104104  92324 S   0.0   0.3   0:30.97 chrome
  18220 daniel    20   0   52.7g  46532  42844 S   0.0   0.1   0:00.34 chrome
  18238 daniel    20   0 1448.4g 122164 111200 S   0.0   0.4   0:00.46 chrome
  18272 daniel    20   0 1450.4g 223876 112140 S   0.0   0.7   0:17.86 chrome
  18279 daniel    20   0 1450.4g 222276 127140 S   0.0   0.7   0:12.54 chrome
  18290 daniel    20   0 1450.3g 118560 106488 S   0.0   0.4   0:01.03 chrome
  18349 root      20   0       0      0      0 S   0.0   0.0   0:00.25 nvidia-drm/timeline-8a
  18355 daniel    20   0   53.2g  12400  11044 S   0.0   0.0   0:00.01 chrome
  18370 root      20   0       0      0      0 S   0.0   0.0   0:00.00 nvidia-drm/timeline-8b
  18377 root      20   0       0      0      0 S   0.0   0.0   0:00.00 nvidia-drm/timeline-8c
  18387 root      20   0       0      0      0 S   0.0   0.0   0:00.00 nvidia-drm/timeline-8d
  18663 daniel    20   0   52.5g  60044  56552 S   0.0   0.2   0:02.26 chrome
  44669 daniel    20   0 2303008 358860 212776 S   0.0   1.1   2:30.61 Telegram
  44943 root      20   0       0      0      0 S   0.0   0.0   0:00.12 nvidia-drm/timeline-144
 105395 daniel    20   0   10488   4432   4424 S   0.0   0.0   0:00.03 bash
 105947 daniel    20   0 1448.6g 622560 160060 S   0.0   1.9   1:34.85 chrome
 106237 daniel    20   0 1448.5g 203060 126740 S   0.0   0.6   0:03.76 chrome
 107921 daniel    20   0 7929680  56228  42916 S   0.0   0.2   0:01.75 bun
 113199 root      20   0       0      0      0 I   0.0   0.0   0:00.71 kworker/2:2-mm_percpu_wq
 119221 daniel    20   0   52.5g  58636  57124 S   0.0   0.2   0:00.45 chrome
 197576 daniel    20   0 1448.3g 188216 110836 S   0.0   0.6   2:02.50 grok-bot
 197622 daniel    20   0   48.6g  28440  28044 S   0.0   0.1   0:00.03 grok-bot
 197623 daniel    20   0   48.6g  29308  27140 S   0.0   0.1   0:00.02 grok-bot
 197625 daniel    20   0   48.6g   6048   3588 S   0.0   0.0   0:00.00 grok-bot
 197640 daniel    20   0   48.0g   2696   2576 S   0.0   0.0   0:00.00 chrome_crashpad
 197667 daniel    20   0   48.4g  52264  50028 S   0.0   0.2   0:00.49 grok-bot
 197857 daniel    20   0 1448.5g 342248  94672 S   0.0   1.0   2:43.53 grok-bot
 197884 daniel    20   0 1448.1g  81456  59652 S   0.0   0.2   0:24.51 grok-bot
 197932 daniel    20   0 1448.0g  85156  51628 S   0.0   0.3   0:07.85 grok-bot
 198195 daniel    20   0   48.4g  37360  36412 S   0.0   0.1   0:00.30 grok-bot
 220854 root      20   0       0      0      0 I   0.0   0.0   0:00.49 kworker/25:0-mm_percpu_wq
 239132 root      20   0       0      0      0 I   0.0   0.0   0:00.00 kworker/11:2-inet_frag_wq
 240712 root      20   0       0      0      0 I   0.0   0.0   0:00.00 kworker/5:1-events
 242478 root      20   0       0      0      0 I   0.0   0.0   0:00.00 kworker/26:0
 352180 daniel    20   0 1448.5g 250508 144144 S   0.0   0.8   0:05.45 chrome
 352211 daniel    20   0 1448.5g 287200 145444 S   0.0   0.9   0:15.92 chrome
 352242 daniel    20   0 1448.5g 318464 156560 S   0.0   1.0   0:09.25 chrome
 425196 root      20   0       0      0      0 I   0.0   0.0   0:00.00 kworker/23:2-events
 454057 root      20   0       0      0      0 I   0.0   0.0   0:00.00 kworker/19:1
 457545 root      20   0       0      0      0 I   0.0   0.0   0:00.28 kworker/20:0-mm_percpu_wq
 479193 daniel    20   0 7651200  56068  42900 S   0.0   0.2   0:01.40 bun
 482901 daniel    20   0 7720836  56016  42912 S   0.0   0.2   0:01.39 bun
 489185 root      20   0       0      0      0 I   0.0   0.0   0:00.00 kworker/22:2
 492864 root      20   0       0      0      0 I   0.0   0.0   0:00.00 kworker/18:0
 494563 daniel    20   0 1448.5g 254544 148640 S   0.0   0.8   0:19.26 chrome
 494909 root      20   0       0      0      0 I   0.0   0.0   0:00.00 kworker/14:1
 497879 daniel    20   0 5615168 384004 116288 S   0.0   1.2   3:20.71 claude
 498066 daniel    20   0 7511864  57364  42964 S   0.0   0.2   0:01.31 bun
 498068 daniel    20   0 1742260  57632  56960 S   0.0   0.2   0:00.46 npm exec shadcn
 498367 daniel    20   0 1577452  56804  54680 S   0.0   0.2   0:00.98 node-MainThread
 509794 daniel    20   0 1452.3g 379388 157308 S   0.0   1.2   0:26.13 chrome
 509844 daniel    20   0 1448.5g 156320 125768 S   0.0   0.5   0:01.33 chrome
 540310 root      20   0       0      0      0 I   0.0   0.0   0:00.00 kworker/6:2
 547809 root      20   0       0      0      0 I   0.0   0.0   0:00.00 kworker/24:0
 551716 daniel    20   0  436812  15816  13316 S   0.0   0.0   0:00.02 gvfs-udisks2-vo
 551722 daniel    20   0  308660   7724   6648 S   0.0   0.0   0:00.01 gvfs-mtp-volume
 551728 daniel    20   0  552600  13644  11552 S   0.0   0.0   0:00.00 gvfsd-trash
 551786 daniel    20   0  169328   7140   6396 S   0.0   0.0   0:00.02 gvfsd-metadata
 554065 daniel    20   0  479112  13448  11380 S   0.0   0.0   0:00.00 gvfsd-network
 555568 root      20   0       0      0      0 I   0.0   0.0   0:00.13 kworker/29:0-mm_percpu_wq
 564217 root      20   0       0      0      0 I   0.0   0.0   0:00.00 kworker/3:1
 578061 daniel    20   0 1448.5g 249640 143636 S   0.0   0.8   0:04.12 chrome
 578113 daniel    20   0 1448.5g 328984 144900 S   0.0   1.0   0:17.29 chrome
 581449 root      20   0       0      0      0 I   0.0   0.0   0:00.00 kworker/4:2
 582964 daniel    20   0 1448.5g 319024 131752 S   0.0   1.0   0:06.85 chrome
 583913 daniel    20   0 1448.5g 221312 131320 S   0.0   0.7   0:03.05 chrome
 583956 daniel    20   0 1448.5g 218404 130848 S   0.0   0.7   0:03.01 chrome
 584154 daniel    20   0 1448.5g 381444 146512 S   0.0   1.2   0:13.59 chrome
 588803 root      20   0       0      0      0 I   0.0   0.0   0:02.26 kworker/u129:5-kcryptd-253:0-1
 588810 root      20   0       0      0      0 I   0.0   0.0   0:02.06 kworker/u129:35-kcryptd-253:0-1
 602956 root      20   0       0      0      0 I   0.0   0.0   0:00.00 kworker/28:2
 606150 daniel    20   0 1448.5g 251792 142572 S   0.0   0.8   0:03.35 chrome
 606220 root      20   0       0      0      0 I   0.0   0.0   0:00.00 kworker/27:2
 610675 root      20   0       0      0      0 I   0.0   0.0   0:01.80 kworker/u129:0-btrfs-endio-meta
 617522 root      20   0       0      0      0 I   0.0   0.0   0:01.57 kworker/u129:10-kcryptd-253:0-1
 619154 root      20   0       0      0      0 I   0.0   0.0   0:00.00 kworker/31:2-cgroup_release
 619802 root      20   0       0      0      0 I   0.0   0.0   0:00.00 kworker/21:2
 621226 root      20   0       0      0      0 I   0.0   0.0   0:00.00 kworker/9:2-events
 625856 root      20   0       0      0      0 I   0.0   0.0   0:01.44 kworker/u129:16-kcryptd-253:0-1
 625857 root      20   0       0      0      0 I   0.0   0.0   0:01.57 kworker/u129:17-events_unbound
 625858 root      20   0       0      0      0 I   0.0   0.0   0:01.50 kworker/u129:18-btrfs-delalloc
 628510 root      20   0       0      0      0 I   0.0   0.0   0:00.00 kworker/2:0
 637746 root      20   0       0      0      0 I   0.0   0.0   0:01.60 kworker/u129:2-kcryptd-253:0-1
 637817 root      20   0       0      0      0 I   0.0   0.0   0:00.00 kworker/25:2
 642100 root      20   0       0      0      0 I   0.0   0.0   0:00.86 kworker/u129:4-btrfs-endio-meta
 646385 daniel    20   0 1457.7g 329084 143532 S   0.0   1.0   0:05.21 signal-desktop
 646388 daniel    20   0   52.6g  51848  41428 S   0.0   0.2   0:00.03 signal-desktop
 646389 daniel    20   0   52.6g  51944  41608 S   0.0   0.2   0:00.03 signal-desktop
 646391 daniel    20   0   52.6g  12084   1732 S   0.0   0.0   0:00.00 signal-desktop
 646424 daniel    20   0   53.2g 263188 169292 S   0.0   0.8   0:11.99 signal-desktop
 646430 daniel    20   0   52.4g  71772  60380 S   0.0   0.2   0:00.09 signal-desktop
 646451 root      20   0       0      0      0 S   0.0   0.0   0:00.00 nvidia-drm/timeline-deb
 646453 daniel    20   0   53.0g  42648  11364 S   0.0   0.1   0:00.00 signal-desktop
 646460 root      20   0       0      0      0 S   0.0   0.0   0:00.00 nvidia-drm/timeline-dec
 646463 root      20   0       0      0      0 S   0.0   0.0   0:00.00 nvidia-drm/timeline-ded
 646466 root      20   0       0      0      0 S   0.0   0.0   0:00.00 nvidia-drm/timeline-dee
 646468 daniel    20   0 1448.8g 343940 159040 S   0.0   1.0   0:08.82 signal-desktop
 649266 daniel    20   0 1448.4g 243312 142336 S   0.0   0.7   0:03.52 chrome
 649791 root      20   0       0      0      0 I   0.0   0.0   0:00.00 kworker/16:0
 650219 daniel    20   0 1448.5g 589424 192168 S   0.0   1.8   0:16.79 chrome
 651085 root      20   0       0      0      0 I   0.0   0.0   0:00.00 kworker/20:1
 651517 daniel    20   0 1655456  75744  52760 S   0.0   0.2   0:00.08 npm run dev
 651529 daniel    20   0    9.9g 381736  67236 S   0.0   1.2   0:53.74 node-MainThread
 651685 daniel    20   0 1240884  17424   8732 S   0.0   0.1   0:00.85 esbuild
 653241 root      20   0       0      0      0 S   0.0   0.0   0:00.00 nvidia-drm/timeline-e82
 653243 root      20   0       0      0      0 S   0.0   0.0   0:00.00 nvidia-drm/timeline-e83
 653246 root      20   0       0      0      0 S   0.0   0.0   0:00.00 nvidia-drm/timeline-e84
 653599 root      20   0       0      0      0 I   0.0   0.0   0:01.07 kworker/u129:6-kcryptd-253:0-1
 653740 root      20   0       0      0      0 I   0.0   0.0   0:00.31 kworker/u130:1-writeback
 656361 root      20   0       0      0      0 I   0.0   0.0   0:00.00 kworker/8:0
 657674 daniel    20   0 1450.4g 195728 105740 S   0.0   0.6   0:06.34 chrome
 663692 root      20   0       0      0      0 I   0.0   0.0   0:01.00 kworker/u129:3-blkcg_punt_bio
 664662 daniel    20   0 1448.5g 229496 132772 S   0.0   0.7   0:02.27 chrome
 666580 daniel    20   0    8144   4048   3640 S   0.0   0.0   0:00.00 codex-run3.sh
 667198 root      20   0       0      0      0 I   0.0   0.0   0:00.11 kworker/u130:6-btrfs-endio-meta
 667202 daniel    20   0 1381.8g  23092  18784 S   0.0   0.1   0:00.66 codex-code-mode
 668219 daniel    20   0    8144   4260   3768 S   0.0   0.0   0:00.02 bash
 669473 root      20   0       0      0      0 I   0.0   0.0   0:00.82 kworker/u129:7-btrfs-endio-write
 670748 root      20   0       0      0      0 I   0.0   0.0   0:00.66 kworker/u129:8-btrfs-endio
 670749 root      20   0       0      0      0 I   0.0   0.0   0:00.21 kworker/u130:9-btrfs-endio-write
 671116 root      20   0       0      0      0 I   0.0   0.0   0:00.44 kworker/u129:9-kcryptd-253:0-1
 673644 daniel    20   0 1448.5g 180412 122320 S   0.0   0.6   0:01.21 chrome
 673721 daniel    20   0 1448.5g 212736 124872 S   0.0   0.6   0:02.67 chrome
 676552 daniel    20   0 1448.3g  75268  64684 S   0.0   0.2   0:00.05 chrome
 676936 root      20   0       0      0      0 I   0.0   0.0   0:00.00 kworker/12:0
 677344 root      20   0       0      0      0 I   0.0   0.0   0:00.00 kworker/1:2
 677619 daniel    20   0 1448.5g 242232 142436 S   0.0   0.7   0:02.91 chrome
 677662 daniel    20   0 1448.5g   1.4g 450912 S   0.0   4.6   0:59.46 chrome
 679335 root      20   0       0      0      0 I   0.0   0.0   0:00.00 kworker/10:0
 680810 daniel    20   0    8144   4192   3704 S   0.0   0.0   0:00.00 bash
 680812 daniel    20   0 1589688  74904  52780 S   0.0   0.2   0:00.08 npm run dev --p
 680823 daniel    20   0 9959.5m 142812  60340 S   0.0   0.4   0:01.87 node-MainThread
 680950 daniel    20   0 1238836  14744   8676 S   0.0   0.0   0:00.34 esbuild
 681047 root      20   0       0      0      0 I   0.0   0.0   0:00.49 kworker/u129:11-btrfs-endio-meta
 681268 root      20   0       0      0      0 I   0.0   0.0   0:00.00 kworker/7:0-events
 681492 root      20   0       0      0      0 S   0.0   0.0   0:00.00 nvidia-drm/timeline-10bd
 681494 root      20   0       0      0      0 S   0.0   0.0   0:00.00 nvidia-drm/timeline-10be
 681497 root      20   0       0      0      0 S   0.0   0.0   0:00.00 nvidia-drm/timeline-10bf
 682232 root      20   0       0      0      0 I   0.0   0.0   0:00.00 kworker/30:2-events
 684075 root      20   0       0      0      0 I   0.0   0.0   0:00.11 kworker/u130:3-flush-btrfs-1
 684077 root      20   0       0      0      0 I   0.0   0.0   0:00.11 kworker/u130:8-kcryptd-253:0-1
 684078 root      20   0       0      0      0 I   0.0   0.0   0:00.10 kworker/u130:10-kcryptd-253:0-1
 684079 root      20   0       0      0      0 I   0.0   0.0   0:00.06 kworker/u130:11-btrfs-endio-meta
 686640 root      20   0       0      0      0 I   0.0   0.0   0:00.07 kworker/u130:12-kcryptd-253:0-1
 687030 root      20   0       0      0      0 I   0.0   0.0   0:00.00 kworker/0:2-events
 687445 root      20   0       0      0      0 I   0.0   0.0   0:00.41 kworker/u129:1-btrfs-endio-meta
 688022 root      20   0       0      0      0 I   0.0   0.0   0:00.33 kworker/u129:12-btrfs-endio-meta
 688023 root      20   0       0      0      0 I   0.0   0.0   0:00.18 kworker/u129:13-btrfs-endio-meta
 688637 root      20   0       0      0      0 I   0.0   0.0   0:00.00 kworker/17:2
 691751 daniel    20   0   82216   5520   4972 S   0.0   0.0   0:00.00 pactl
 694845 root      20   0       0      0      0 I   0.0   0.0   0:00.00 kworker/29:1-events
 695368 daniel    20   0    8144   4236   3744 S   0.0   0.0   0:00.00 bash
 695589 daniel    20   0 1448.5g 342076 164924 S   0.0   1.0   0:06.49 chrome
 697655 root      20   0       0      0      0 I   0.0   0.0   0:00.00 kworker/13:0-events
 697738 daniel    20   0 1448.3g  77572  65184 S   0.0   0.2   0:00.02 chrome
 698594 root      20   0       0      0      0 I   0.0   0.0   0:00.00 kworker/15:2
 700216 root      20   0       0      0      0 I   0.0   0.0   0:00.00 kworker/7:2
 700514 root      20   0       0      0      0 I   0.0   0.0   0:00.07 kworker/u129:14-btrfs-endio-meta
 700856 root      20   0    9784   5884   5224 S   0.0   0.0   0:00.00 systemd-userwor
 700860 root      20   0       0      0      0 I   0.0   0.0   0:00.00 kworker/29:2
 702308 daniel    20   0 1450.4g 233400 110076 S   0.0   0.7   0:02.32 chrome
 702311 daniel    20   0 1450.4g 194216 104188 S   0.0   0.6   0:01.24 chrome
 703050 root      20   0    9912   5916   5256 S   0.0   0.0   0:00.00 systemd-userwor
 703327 daniel    20   0 1450.4g 204716 115864 S   0.0   0.6   0:02.28 chrome
 703460 daniel    20   0 1450.1g 162740  93664 S   0.0   0.5   0:00.22 chrome
 703474 daniel    20   0 1450.1g  94176  78112 S   0.0   0.3   0:00.02 chrome
 703602 daniel    20   0 1450.1g 161700  93372 S   0.0   0.5   0:00.22 chrome
 703612 daniel    20   0 1450.1g  92296  77796 S   0.0   0.3   0:00.02 chrome
 703625 daniel    20   0    6016   2468   2352 S   0.0   0.0   0:00.00 sleep
 703630 root      20   0    9912   5924   5264 S   0.0   0.0   0:00.00 systemd-userwor
 703757 daniel    20   0    6016   2468   2352 S   0.0   0.0   0:00.00 sleep
 703771 daniel    20   0    8552   3888   3500 S   0.0   0.0   0:00.00 bash

    Finished `release` profile [optimized] target(s) in 0.03s
     Running unittests src/lib.rs (target/release/deps/telperion_core-667d8e26891ed866)

running 1 test
TOLERANCE preset=OregonWhiteOak tolerance=0.0001 sample=0 ms=7398.895553 nodes=187331 frames=7153119
TOLERANCE preset=OregonWhiteOak tolerance=0.0001 sample=1 ms=6885.526922 nodes=187331 frames=7153119
TOLERANCE preset=OregonWhiteOak tolerance=0.0001 sample=2 ms=6777.062014 nodes=187331 frames=7153119
TOLERANCE preset=NorwaySpruce tolerance=0.0001 sample=0 ms=717.505530 nodes=73369 frames=502822
TOLERANCE preset=NorwaySpruce tolerance=0.0001 sample=1 ms=724.199277 nodes=73369 frames=502822
TOLERANCE preset=NorwaySpruce tolerance=0.0001 sample=2 ms=718.208615 nodes=73369 frames=502822
test branching::specimen::measurement::tolerance_cost_report ... ok

test result: ok. 1 passed; 0 failed; 0 ignored; 0 measured; 134 filtered out; finished in 26.23s

