1.25000000000000000e0,3.90625000000000000e-3,9.76562500000000000e-4,9.99218673676236402e-1
8.00000000000000000e0,7.81249999999999913e-3,1.38777878078144444e-17,1.00000000000000000e0
5.84664383862400427e0,1.17187500000000017e-2,5.12196597408310900e-12,9.99999999999123923e-1
1.79200303385732695e0,9.96093749999999889e-1,9.93010819269861345e-1,6.26779683620037470e-2
1.25000000000000000e0,1.00000000000000003e-300,0.00000000000000000e0,1.00000000000000000e0
8.00000000000000000e0,1.28729378088792146e-1,7.54086852474247090e-8,9.99999990573913977e-1
7.64731954270973802e0,3.96390872069787292e-1,8.44740075143221038e-4,9.99889497179931475e-1
1.40410253399750218e0,2.53039458561943320e-1,1.45216213704300795e-1,8.94268901281973672e-1
1.25000000000000000e0,3.51562500000000000e-2,1.52231028008983360e-2,9.87802864485006871e-1
8.00000000000000000e0,3.90624999999999931e-2,5.42101086242751409e-12,9.99999999999322320e-1
7.13963332067942247e0,4.29687500000000069e-2,1.74265579303786575e-10,9.99999999975591747e-1
3.18735120526980609e0,9.96093749999999889e-1,9.87602518178366084e-1,2.52233163674740801e-1
1.25000000000000000e0,1.00000000000000003e-300,0.00000000000000000e0,1.00000000000000000e0
8.00000000000000000e0,3.28018642276219907e-1,1.34025739848146795e-4,9.99983245800090681e-1
1.83342076145345345e0,6.82594379809415841e-1,4.96535685360767975e-1,6.87773155771195244e-1
2.03735239175148308e0,7.86971759416701389e-1,6.13807401763183713e-1,6.26887626534486264e-1
1.25000000000000000e0,6.64062500000000000e-2,3.37101895925506073e-2,9.72939689105993155e-1
8.00000000000000000e0,7.03124999999999861e-2,5.97393259860189609e-10,9.99999999925325844e-1
3.55192495137453079e0,7.42187500000000139e-2,9.73081464747941238e-5,9.99972603151949246e-1
3.11630130838602781e0,9.96093749999999889e-1,9.87877190992263676e-1,2.42684062569497316e-1
1.25000000000000000e0,1.00000000000000003e-300,0.00000000000000000e0,1.00000000000000000e0
8.00000000000000000e0,6.83370635897517786e-1,4.75609485482062500e-2,9.93927368166141689e-1
5.55624571110820398e0,1.08497925907613535e-1,4.37083579762630705e-6,9.99999213345870941e-1
5.06269175186753273e0,3.44700390755861008e-1,4.55208426926483490e-3,9.99099210152790351e-1
1.25000000000000000e0,9.76562500000000000e-2,5.45915033569284586e-2,9.56083010485366813e-1
8.00000000000000000e0,1.01562499999999986e-1,1.13205378543534830e-8,9.99999998584932714e-1
7.08245177450589836e0,1.05468750000000014e-1,1.20592810182618741e-7,9.99999982973012735e-1
3.42328424775041640e0,9.96093749999999889e-1,9.86690968998916396e-1,2.83159426554500993e-1
1.25000000000000000e0,1.00000000000000003e-300,0.00000000000000000e0,1.00000000000000000e0
8.00000000000000000e0,3.60372121936052281e-1,2.84452330195452394e-4,9.99964439033002028e-1
5.45931633876170963e0,1.58896923690008407e-1,4.35147744947614459e-5,9.99992029121384407e-1
7.18058079364709556e0,4.29116609293487272e-1,2.29973308098485336e-3,9.99679411385214323e-1
1.25000000000000000e0,1.28906250000000000e-1,7.72400361217169956e-2,9.37715283952770595e-1
8.00000000000000000e0,1.32812499999999972e-1,9.68080815649806158e-8,9.99999987898989251e-1
7.99637225520564243e0,1.36718750000000028e-1,1.22958803233769006e-7,9.99999984623175853e-1
4.72087753674713895e0,9.96093749999999889e-1,9.81692614597976299e-1,4.28529553660432994e-1
1.25000000000000000e0,1.00000000000000003e-300,0.00000000000000000e0,1.00000000000000000e0
8.00000000000000000e0,8.46698851701148669e-1,2.64138535888489845e-1,9.62386467366922904e-1
4.30451003648340702e0,2.42798823219345650e-1,2.25833165923406938e-3,9.99474901470563393e-1
6.68823046993929893e0,6.57501080395377357e-1,6.05410051581969505e-2,9.90705995403326378e-1
1.25000000000000000e0,1.60156250000000000e-1,1.01316426671723595e-1,9.18090392718665660e-1
8.00000000000000000e0,1.64062499999999972e-1,5.24897616496765953e-7,9.99999934387782896e-1
1.83271114481613040e0,1.67968750000000028e-1,3.80248596222779039e-2,9.79069512703602873e-1
4.55880950205028057e0,9.96093749999999889e-1,9.82315517403728133e-1,4.12666981730048010e-1
1.25000000000000000e0,1.00000000000000003e-300,0.00000000000000000e0,1.00000000000000000e0
8.00000000000000000e0,6.00452562812279211e-1,1.68977788640215475e-2,9.97871995507181309e-1
2.59124239656375721e0,4.02125989398882666e-1,9.43640147575854210e-2,9.62471247415674358e-1
4.61486561270430684e0,7.95132225093766465e-1,3.47169051169832266e-1,9.11735740721359211e-1
1.25000000000000000e0,1.91406250000000000e-1,1.26603334220864200e-1,8.97365200467358903e-1
8.00000000000000000e0,1.95312499999999972e-1,2.11758236813574831e-6,9.99999735301958736e-1
6.23170979938004166e0,1.99218750000000028e-1,4.30159192717010047e-5,9.99993097127851338e-1
2.47541363310301676e0,9.96093749999999889e-1,9.90358262762926156e-1,1.53339268383381216e-1
1.25000000000000000e0,1.00000000000000003e-300,0.00000000000000000e0,1.00000000000000000e0
8.00000000000000000e0,1.16443951492328779e-1,3.38014614066198248e-8,9.99999995774817241e-1
2.56798717920901254e0,1.62575021722659585e-1,9.41881629526886144e-3,9.96321617902929502e-1
6.41231424058787525e0,7.16788996355717245e-1,1.18228931392097461e-1,9.80569199408414471e-1
1.25000000000000000e0,2.22656250000000000e-1,1.52947933289164978e-1,8.75645026163489826e-1
8.00000000000000000e0,2.26562499999999972e-1,6.94231357069307486e-6,9.99999132208167940e-1
3.34062170860124752e0,2.30468750000000028e-1,7.42553868817911675e-3,9.97771391787950823e-1
7.92125581932486966e0,9.96093749999999889e-1,9.69472666811905803e-1,6.43729140489220586e-1
1.25000000000000000e0,1.00000000000000003e-300,0.00000000000000000e0,1.00000000000000000e0
8.00000000000000000e0,7.71160696272090718e-1,1.25071711910502953e-1,9.83437030572817505e-1
2.44218089838977903e0,5.90252969627726998e-1,2.75952173160224024e-1,8.76150850516829394e-1
4.45333830505842343e0,7.22125693328052876e-1,2.34614557176676647e-1,9.41727436112854588e-1
1.25000000000000000e0,2.53906250000000000e-1,1.80236082459168973e-1,8.53003943427088962e-1
8.00000000000000000e0,2.57812499999999944e-1,1.95178403750300927e-5,9.99997560249119899e-1
3.08504369214642793e0,2.61718750000000056e-1,1.59953975050508568e-2,9.94786901010275559e-1
1.37169193982845172e0,9.96093749999999889e-1,9.94645721370093772e-1,2.20883076024606141e-2
1.25000000000000000e0,1.00000000000000003e-300,0.00000000000000000e0,1.00000000000000000e0
8.00000000000000000e0,5.80598772421581089e-2,1.29124575278538544e-10,9.99999999983859467e-1
1.57283084833761677e0,9.37298379826643213e-1,9.03168205595835993e-1,2.26628229121221741e-1
4.89867539145052433e0,3.40008671601026435e-1,5.06899146871186718e-3,9.98963138619757496e-1
1.25000000000000000e0,2.85156250000000000e-1,2.08378841167479345e-1,8.29495272046510856e-1
8.00000000000000000e0,2.89062499999999944e-1,4.87454445408235602e-5,9.99993906689484513e-1
7.87925928778713569e0,2.92968750000000056e-1,6.29429017882134068e-5,9.99992011351695131e-1
3.26217274484224617e0,9.96093749999999889e-1,9.87313347076332004e-1,2.62175508829676329e-1
1.25000000000000000e0,1.00000000000000003e-300,0.00000000000000000e0,1.00000000000000000e0
8.00000000000000000e0,1.78808416990250407e-1,1.04496962527823252e-6,9.99999869378737083e-1
7.26580621808534488e0,9.78920243337597640e-1,8.56587522057474682e-1,7.65456010384041208e-1
1.61942695133620873e0,7.06462241500958044e-1,5.69653259052032235e-1,5.94130794327722644e-1
1.25000000000000000e0,3.16406250000000000e-1,2.37304687500000000e-1,8.05157535361904153e-1
8.00000000000000000e0,3.20312499999999944e-1,1.10813097991005322e-4,9.99986147691167115e-1
3.01739647338399664e0,3.24218750000000056e-1,3.34198648820510022e-2,9.88798179820800427e-1
1.74489569343859330e0,9.96093749999999889e-1,9.93193920917635253e-1,5.72839451430267252e-2
1.25000000000000000e0,1.00000000000000003e-300,0.00000000000000000e0,1.00000000000000000e0
8.00000000000000000e0,7.09329920068739739e-1,6.40894039913014052e-2,9.91754764446659887e-1
2.21395556908100843e0,6.01888917976793891e-1,3.24981761869915731e-1,8.37346454840950272e-1
5.55804504692787305e0,8.07617683449279866e-2,8.43724612808036492e-7,9.99999848197541064e-1
1.25000000000000000e0,3.47656250000000000e-1,2.66954687843774630e-1,7.80018057221357641e-1
8.00000000000000000e0,3.51562499999999944e-1,2.33356742132886631e-4,9.99970827428770970e-1
4.65001597965601832e0,3.55468750000000056e-1,8.15116074173672170e-3,9.98241433048447813e-1
5.53686256683431566e0,9.96093749999999889e-1,9.78562400449703662e-1,4.99571400090604745e-1
1.25000000000000000e0,1.00000000000000003e-300,0.00000000000000000e0,1.00000000000000000e0
8.00000000000000000e0,9.22316881701590319e-1,5.23650186851952859e-1,9.11466581128286046e-1
6.77045666187768802e0,1.79793837196484674e-1,9.00502844430812647e-6,9.99998669947471663e-1
5.85637040022993460e0,5.23752433491608826e-2,3.15302733021563684e-8,9.99999994616072474e-1
1.25000000000000000e0,3.78906250000000000e-1,2.97279328411479138e-1,7.54095212007456772e-1
8.00000000000000000e0,3.82812499999999944e-1,4.61199558676752565e-4,9.99942338419504750e-1
1.55773771455278620e0,3.86718750000000056e-1,2.27651222823640725e-1,8.47190569588663567e-1
2.11199641518760473e0,9.96093749999999889e-1,9.91767929268537185e-1,1.03044179061673041e-1
1.25000000000000000e0,1.00000000000000003e-300,0.00000000000000000e0,1.00000000000000000e0
8.00000000000000000e0,7.54406228916195687e-1,1.04916096698397424e-1,9.86240807722014390e-1
7.18748803558992222e0,2.63658378867148713e-1,6.89831885898760697e-5,9.99990402038008708e-1
2.24996620061574504e0,3.32795994836487807e-1,8.41234072802009847e-2,9.61697293908639228e-1
1.25000000000000000e0,4.10156250000000000e-1,3.28236344393639023e-1,7.27399842735470537e-1
8.00000000000000000e0,4.14062499999999944e-1,8.64026772509087458e-4,9.99891955804845578e-1
1.86764314799802378e0,4.17968750000000056e-1,1.96079340309009531e-1,8.89708829932359890e-1
7.67075960774673149e0,9.96093749999999889e-1,9.70423620338684789e-1,6.31923436739521782e-1
1.25000000000000000e0,1.00000000000000003e-300,0.00000000000000000e0,1.00000000000000000e0
8.00000000000000000e0,1.88383348418028618e-1,1.58613480817845460e-6,9.99999801733011395e-1
1.99134021141799167e0,4.34264844589051791e-1,1.89953068657773894e-1,8.99613903029964801e-1
3.87834336009109393e0,9.18361538865610783e-1,7.18711144181778283e-1,7.21054943293574002e-1
1.25000000000000000e0,4.41406250000000000e-1,3.59789179270068482e-1,6.99936123962543011e-1
8.00000000000000000e0,4.45312499999999944e-1,1.54639019800396752e-3,9.99806570323258037e-1
7.02129044674802572e0,4.49218750000000056e-1,3.62915734831891065e-3,9.99482314885909329e-1
2.56981674802955240e0,9.96093749999999889e-1,9.89992408538770463e-1,1.66671995574884879e-1
1.25000000000000000e0,1.00000000000000003e-300,0.00000000000000000e0,1.00000000000000000e0
8.00000000000000000e0,5.21086599842419673e-1,5.43599740388194495e-3,9.99318878793217680e-1
3.26875437813578174e0,4.45070908099296503e-1,7.09253411570212877e-2,9.77745492557406171e-1
3.41531704971566796e0,9.61036021735708346e-1,8.73072859694923431e-1,5.46414259757916576e-1
1.25000000000000000e0,4.72656250000000000e-1,3.91905859016604852e-1,6.71702021297934992e-1
8.00000000000000000e0,4.76562499999999944e-1,2.66047341098253360e-3,9.99667053094130842e-1
1.75981474661966786e0,4.80468750000000056e-1,2.75289489095935425e-1,8.32798015790697121e-1
7.53085102053591982e0,9.96093749999999889e-1,9.70955158307579835e-1,6.25050870572763206e-1
1.25000000000000000e0,1.00000000000000003e-300,0.00000000000000000e0,1.00000000000000000e0
8.00000000000000000e0,5.33401645320736861e-1,6.55291912166536955e-3,9.99178527124321647e-1
5.30456978856818751e0,9.80749270925116434e-1,9.02025447401414104e-1,6.45368858083699704e-1
2.78715269954409450e0,2.36299601078826527e-1,1.79368293750679954e-2,9.93527085174680358e-1
1.25000000000000000e0,5.03906250000000000e-1,4.24558149056228296e-1,6.42689427105970101e-1
8.00000000000000000e0,5.07812499999999889e-1,4.42208509935682666e-3,9.99446166992400742e-1
6.58699467952828854e0,5.11718750000000111e-1,1.21168831864081963e-2,9.98150959967925688e-1
6.21326454449445009e0,9.96093749999999889e-1,9.75975210584653641e-1,5.48748894032057399e-1
1.25000000000000000e0,1.00000000000000003e-300,0.00000000000000000e0,1.00000000000000000e0
8.00000000000000000e0,6.26776117414920009e-1,2.38176834279469618e-2,9.96991296466632981e-1
4.83350965031422675e0,7.79178672610214562e-1,2.99382677234705297e-1,9.29034177555657648e-1
6.08829059137497097e0,7.20412853133893805e-1,1.35804605382121607e-1,9.76311782108481241e-1
1.25000000000000000e0,5.35156250000000000e-1,4.57720909590476011e-1,6.12884004742573207e-1
8.00000000000000000e0,5.39062499999999889e-1,7.13038481632066908e-3,9.99105909000011838e-1
2.61374742467887700e0,5.42968750000000111e-1,2.02660172449852766e-1,9.17000411879940414e-1
4.35467003774829209e0,9.96093749999999889e-1,9.83100682767849121e-1,3.91787421997532248e-1
1.25000000000000000e0,1.00000000000000003e-300,0.00000000000000000e0,1.00000000000000000e0
8.00000000000000000e0,3.05341988369036699e-1,7.55600497035717586e-5,9.99990554681543853e-1
7.53159931284608319e0,1.49168001257748983e-1,5.97662831542741938e-7,9.99999920645939677e-1
7.74414766114205122e0,8.47834950845935964e-1,2.78504517417663022e-1,9.58724309646133088e-1
1.25000000000000000e0,5.66406250000000000e-1,4.91371593636373338e-1,5.82264736836148100e-1
8.00000000000000000e0,5.70312499999999889e-1,1.11918820307765864e-2,9.98594116382587549e-1
1.67914798471610993e0,5.74218750000000111e-1,3.93962831731886731e-1,7.42112218978843829e-1
3.09762048063566908e0,9.96093749999999889e-1,9.87949422154153822e-1,2.40156727695830824e-1
1.25000000000000000e0,1.00000000000000003e-300,0.00000000000000000e0,1.00000000000000000e0
8.00000000000000000e0,6.34492920949014660e-1,2.62672282669525262e-2,9.96678232486088556e-1
6.38088324468117207e0,8.33258817492605885e-1,3.12252487180676275e-1,9.43022779567347147e-1
1.28919591399608180e0,4.01234164219204104e-1,3.08107450152270090e-1,7.51487248851338885e-1
1.25000000000000000e0,5.97656250000000000e-1,5.25489849963695188e-1,5.50803137371440932e-1
8.00000000000000000e0,6.01562499999999889e-1,1.71492860405142340e-2,9.97840081218743569e-1
3.39307612855918705e0,6.05468750000000111e-1,1.82230329543254355e-1,9.42433680799938167e-1
4.29038693930488080e0,9.96093749999999889e-1,9.83348059634371552e-1,3.84999735285544098e-1
1.25000000000000000e0,1.00000000000000003e-300,0.00000000000000000e0,1.00000000000000000e0
8.00000000000000000e0,2.35608931780006969e-2,9.49585341630413227e-14,9.99999999999988121e-1
4.66599532368127257e0,1.61956808765353344e-1,2.04672933609270738e-4,9.99956131676533855e-1
6.24575371586252004e0,2.10375971537359874e-1,5.91017842311925134e-5,9.99990537050634454e-1
1.25000000000000000e0,6.28906250000000000e-1,5.60057204616636328e-1,5.18462044338134032e-1
8.00000000000000000e0,6.32812499999999889e-1,2.57158209844820865e-2,9.96748765123909752e-1
1.58519268815871328e0,6.36718750000000111e-1,4.88899092353970277e-1,6.54809361866262707e-1
4.04406582703813910e0,9.96093749999999889e-1,9.84296539061505604e-1,3.58024825084983678e-1
1.25000000000000000e0,1.00000000000000003e-300,0.00000000000000000e0,1.00000000000000000e0
8.00000000000000000e0,4.03678885868430370e-2,7.05160986026731270e-12,9.99999999999118594e-1
6.46819037868408486e0,5.18762479973702284e-1,1.43338339026910754e-2,9.97770403489584234e-1
4.30729378125397488e0,2.78773154886948760e-1,4.07880428551842499e-3,9.99051560679945383e-1
1.25000000000000000e0,6.60156250000000000e-1,5.95056802298256082e-1,4.85193848902445157e-1
8.00000000000000000e0,6.64062499999999889e-1,3.78156568613205665e-2,9.95192938358031687e-1
2.37367070716572925e0,6.67968750000000111e-1,3.83732687223553304e-1,8.15515403869385813e-1
5.72095389285823330e0,9.96093749999999889e-1,9.77857585589291256e-1,5.13750080818809907e-1
1.25000000000000000e0,1.00000000000000003e-300,0.00000000000000000e0,1.00000000000000000e0
8.00000000000000000e0,9.06581702461153327e-1,4.56305386594894224e-1,9.26657785252420485e-1
2.87928709312109277e0,9.13729815392798628e-1,7.71228707145857117e-1,5.99121494837132285e-1
4.66479303815867752e0,7.49861069084545306e-1,2.61102684774605298e-1,9.37191059197385434e-1
1.25000000000000000e0,6.91406250000000000e-1,6.30473194039544271e-1,4.50937921309250811e-1
8.00000000000000000e0,6.95312499999999889e-1,5.46311441321511437e-2,9.93002087228680108e-1
6.65071769343921915e0,6.99218750000000111e-1,9.25902734059382837e-2,9.85497066570507951e-1
5.30708175536710769e0,9.96093749999999889e-1,9.79442855597653761e-1,4.80967623128512878e-1
1.25000000000000000e0,1.00000000000000003e-300,0.00000000000000000e0,1.00000000000000000e0
8.00000000000000000e0,7.16098478733329102e-2,6.91483798400128415e-10,9.99999999913564475e-1
2.44141560600837693e0,3.87787337504050811e-1,9.89887984945367616e-2,9.58203067813548470e-1
7.28373899083817378e0,9.88987585574250261e-1,9.22510534805864424e-1,7.03885089421441013e-1
1.25000000000000000e0,7.22656250000000000e-1,6.66292161134617866e-1,4.15616831127386233e-1
8.00000000000000000e0,7.26562499999999889e-1,7.76575761564423372e-2,9.89946040890467338e-1
7.29313206847291440e0,7.30468750000000111e-1,1.01211242291746162e-1,9.85475319545074724e-1
3.43297797220293432e0,9.96093749999999889e-1,9.86653534395623422e-1,2.84402661664035161e-1
1.25000000000000000e0,1.00000000000000003e-300,0.00000000000000000e0,1.00000000000000000e0
8.00000000000000000e0,1.52968263059847231e-1,2.99785541167035464e-7,9.99999962526802455e-1
6.39118943532230332e0,3.99399921188887674e-1,2.83480284392197352e-3,9.99555920199809544e-1
2.76573044882388785e0,4.98145912752079312e-1,1.45535805576101240e-1,9.44719064429149991e-1
1.25000000000000000e0,7.53906250000000000e-1,7.02500567835117273e-1,3.79130665240171694e-1
8.00000000000000000e0,7.57812499999999889e-1,1.08766240380599899e-1,9.85709525979017509e-1
1.56008305802242830e0,7.61718750000000111e-1,6.54018193839376316e-1,5.06450556437405774e-1
2.16016372427111492e0,9.96093749999999889e-1,9.91580976819517179e-1,1.09533209270264414e-1
1.25000000000000000e0,1.00000000000000003e-300,0.00000000000000000e0,1.00000000000000000e0
8.00000000000000000e0,6.52364660786588502e-1,3.28037440662704641e-2,9.95839447838298142e-1
6.99907003506086767e0,7.65129231026548950e-1,1.53550657758828368e-1,9.76463260245800879e-1
2.78421937709208578e0,2.77406774739574757e-2,4.62696654242029086e-5,9.99983381212056766e-1
1.25000000000000000e0,7.85156250000000000e-1,7.39086237099951804e-1,3.41348179188165568e-1
8.00000000000000000e0,7.89062499999999889e-1,1.50276555869754802e-1,9.79850232686360290e-1
1.72006574016995728e0,7.92968750000000111e-1,6.70986561087520084e-1,5.23987566895698254e-1
3.80554766103159636e0,9.96093749999999889e-1,9.85215844437632993e-1,3.30422506767987012e-1
1.25000000000000000e0,1.00000000000000003e-300,0.00000000000000000e0,1.00000000000000000e0
8.00000000000000000e0,3.53858075163770991e-1,2.45828870905920424e-4,9.99969268085763030e-1
6.71481021412182599e0,4.03799356613490090e-1,2.26713248675800135e-3,9.99662042158154129e-1
3.60531798051670194e0,3.18869967541104415e-1,1.62318959503243085e-2,9.95471137142435070e-1
1.25000000000000000e0,8.16406250000000000e-1,7.76037845011459892e-1,3.02092337848336834e-1
8.00000000000000000e0,8.20312499999999889e-1,2.05038131444049254e-1,9.71724800959147705e-1
4.70266389584867284e0,8.24218750000000111e-1,4.02880315817624346e-1,8.96149520832380087e-1
3.65571281756274402e0,9.96093749999999889e-1,9.85793782377836769e-1,3.12335042786861639e-1
1.25000000000000000e0,1.00000000000000003e-300,0.00000000000000000e0,1.00000000000000000e0
8.00000000000000000e0,2.30780967763166700e-1,8.04636856511816697e-6,9.99998994200388625e-1
4.68223909684456885e0,6.09846263168947189e-1,9.87075574465798022e-2,9.78048828005318338e-1
1.95616665226407349e0,1.43359110738856543e-1,2.23783107368473663e-2,9.88496848683147245e-1
1.25000000000000000e0,8.47656250000000000e-1,8.13344830441744326e-1,2.61115118467370066e-1
8.00000000000000000e0,8.51562499999999889e-1,2.76523615351546848e-1,9.60346692461414353e-1
7.16461270704166964e0,8.55468750000000111e-1,3.26790172970934434e-1,9.46267922602741285e-1
7.01058938202913851e0,9.96093749999999889e-1,9.72934281686640978e-1,5.97582945569236856e-1
1.25000000000000000e0,1.00000000000000003e-300,0.00000000000000000e0,1.00000000000000000e0
8.00000000000000000e0,4.06789294038389926e-2,7.49818439592347338e-12,9.99999999999062750e-1
7.68951843277318403e0,6.36451742047938751e-1,3.09778332579681188e-2,9.95916065264215611e-1
6.93643934134161100e0,6.75299936924602662e-1,6.56620240063795074e-2,9.90256437451206173e-1
1.25000000000000000e0,8.78906250000000000e-1,8.50997317281903087e-1,2.18049587883688278e-1
8.00000000000000000e0,8.82812499999999889e-1,3.68933244080719924e-1,9.44081337895699479e-1
1.28006019641179591e0,8.86718750000000111e-1,8.57359172442272666e-1,2.18415814321195917e-1
3.11024013627320528e0,9.96093749999999889e-1,9.87900626500473722e-1,2.41864784568217028e-1
1.25000000000000000e0,1.00000000000000003e-300,0.00000000000000000e0,1.00000000000000000e0
8.00000000000000000e0,7.85579108865022135e-1,1.45050558352034842e-1,9.80601502004651904e-1
6.91482558404095471e0,4.82095592096811743e-1,6.44052206659785111e-3,9.99066016377980426e-1
4.46788618242135271e0,8.34003215732082026e-2,1.51321342698290776e-5,9.99996613113557919e-1
1.25000000000000000e0,9.10156250000000000e-1,8.88986047099726506e-1,1.72306655808069475e-1
8.00000000000000000e0,9.14062499999999889e-1,4.87312034586293130e-1,9.19880982478902931e-1
5.40279164881212637e0,9.17968750000000111e-1,6.29748109069889206e-1,8.32019258056770683e-1
4.15194734558463097e0,9.96093749999999889e-1,9.83881019977878135e-1,3.70028987437073464e-1
1.25000000000000000e0,1.00000000000000003e-300,0.00000000000000000e0,1.00000000000000000e0
8.00000000000000000e0,2.57062693763145944e-1,1.90683200926001792e-5,9.99997616440103765e-1
3.73080261785071343e0,4.33039760082465364e-1,4.40511109643786022e-2,9.87997242398213960e-1
3.08589387329993770e0,2.48352141270515858e-1,1.35907607098569201e-2,9.95575458502237609e-1
1.25000000000000000e0,9.41406250000000000e-1,9.27302320515350775e-1,1.22805110067637446e-1
8.00000000000000000e0,9.45312499999999889e-1,6.37680600873049008e-1,8.80818542185654918e-1
7.42173276841640472e0,9.49218750000000111e-1,6.79233017103497705e-1,8.57954544519441975e-1
1.92301384004531428e0,9.96093749999999889e-1,9.92501770480348600e-1,7.85131298048805520e-2
1.25000000000000000e0,1.00000000000000003e-300,0.00000000000000000e0,1.00000000000000000e0
8.00000000000000000e0,7.70112174495807267e-2,1.23717721409532824e-9,9.99999999845352816e-1
5.00623227574396878e0,1.11917425829233252e-2,1.70737436026382786e-10,9.99999999965895059e-1
4.32299738842993975e0,4.14457189344830113e-2,1.05528133399775741e-6,9.99999755891186837e-1
1.25000000000000000e0,9.72656250000000000e-1,9.65937945912721085e-1,6.69601884707623080e-2
8.00000000000000000e0,9.76562499999999889e-1,8.27180612553026884e-1,8.02969515411484869e-1
4.31739398767240345e0,9.80468750000000111e-1,9.18366747742844769e-1,5.59712937783348963e-1
2.54471851204289123e0,9.96093749999999889e-1,9.90089662218780253e-1,1.63125303444238312e-1
1.25000000000000000e0,1.00000000000000003e-300,0.00000000000000000e0,1.00000000000000000e0
8.00000000000000000e0,7.68801880535647797e-1,1.22043736559592622e-1,9.83861825967418668e-1
3.41766351531259716e0,9.94196263231970079e-1,9.80303557940872428e-1,3.16914441239837308e-1
4.80410909187048674e0,3.37649558077828260e-1,5.42875341199654596e-3,9.98867540336731752e-1
1.25000000000000000e0,7.81250000000000000e-3,2.32267014648968951e-3,9.98141431897595854e-1
8.00000000000000000e0,1.17187499999999983e-2,3.55672522683869335e-16,1.00000000000000000e0
6.55564490583492443e0,1.56250000000000035e-2,1.44319645869815444e-12,9.99999999999779843e-1
6.84210934385191649e0,9.96093749999999889e-1,9.73576059658032400e-1,5.87988747103544318e-1
1.25000000000000000e0,1.00000000000000003e-300,0.00000000000000000e0,1.00000000000000000e0
8.00000000000000000e0,6.13370280907474807e-1,2.00346535754312959e-2,9.97473438550950386e-1
1.42339473724132404e0,8.06882773799770803e-1,7.36808243425065346e-1,3.91484637887315634e-1
1.69802502915263176e0,9.62022799144506280e-1,9.36371804951660947e-1,1.97444917474976389e-1
1.25000000000000000e0,3.90625000000000000e-2,1.73660098636613559e-2,9.86082896635689043e-1
8.00000000000000000e0,4.29687499999999931e-2,1.16204182235880714e-11,9.99999999998547495e-1
5.49417711357818916e0,4.68750000000000069e-2,4.98788006292920326e-8,9.99999990921515480e-1
7.79905348917236552e0,9.96093749999999889e-1,9.69936464488987737e-1,6.38047849542205947e-1
1.25000000000000000e0,1.00000000000000003e-300,0.00000000000000000e0,1.00000000000000000e0
8.00000000000000000e0,4.59900406958695385e-1,2.00129150083506796e-3,9.99749619255426381e-1
3.97405529976822436e0,2.63648897930579551e-1,5.00178648885269556e-3,9.98739027321630557e-1
7.91606716875685379e0,4.13017084943021473e-1,9.11962601294741314e-4,9.99884750079056306e-1
1.25000000000000000e0,7.03125000000000000e-2,3.62068443264923073e-2,9.70928099852173210e-1
8.00000000000000000e0,7.42187499999999861e-2,9.20680797279834667e-10,9.99999999884914947e-1
2.17569490888854489e0,7.81250000000000139e-2,3.89985900574451021e-3,9.98205641560024337e-1
2.44022277684416622e0,9.96093749999999889e-1,9.90494677635667786e-1,1.48379377467770857e-1
1.25000000000000000e0,1.00000000000000003e-300,0.00000000000000000e0,1.00000000000000000e0
8.00000000000000000e0,2.37481242811554694e-2,1.01165982684351745e-13,9.99999999999987343e-1
4.02937399991787970e0,9.45583551592790172e-1,7.98152439484869136e-1,6.72237081440296258e-1
3.61166648165090010e0,5.54041468203649856e-1,1.18511424385752157e-1,9.65676292463305996e-1
1.25000000000000000e0,1.01562500000000000e-1,5.73345922589686210e-2,9.53863117147048301e-1
8.00000000000000000e0,1.05468749999999986e-1,1.53105358513386949e-8,9.99999998086183006e-1
6.63942845957353711e0,1.09375000000000014e-1,4.15877338189507496e-7,9.99999937362468172e-1
1.53916602232493460e0,9.96093749999999889e-1,9.93993967905118181e-1,3.60365212386347666e-2
1.25000000000000000e0,1.00000000000000003e-300,0.00000000000000000e0,1.00000000000000000e0
8.00000000000000000e0,7.30249817888761754e-1,8.08670608416324904e-2,9.89514793228132628e-1
2.01433132495731115e0,9.81074882420216454e-1,9.62244405814141390e-1,1.96586104457540656e-1
3.42218848259653896e0,8.46400175760209095e-3,8.08674191599395702e-8,9.99999976369676302e-1
1.25000000000000000e0,1.32812500000000000e-1,8.01767946231037310e-2,9.35327039130241955e-1
8.00000000000000000e0,1.36718749999999972e-1,1.22074409534113261e-7,9.99999984740697956e-1
3.83127152384258807e0,1.40625000000000028e-1,5.44497953751071624e-4,9.99857852012809745e-1
5.12002210877835751e0,9.96093749999999889e-1,9.80160200229041489e-1,4.65038797300224460e-1
1.25000000000000000e0,1.00000000000000003e-300,0.00000000000000000e0,1.00000000000000000e0
8.00000000000000000e0,6.10201243998744758e-1,1.92213864119942131e-2,9.97576875628572890e-1
2.48784670128952712e0,6.50818516701292538e-1,3.43492160292040383e-1,8.44381770172364821e-1
6.75942560215480626e0,8.40493296236672904e-1,3.08954769096378756e-1,9.46795830380266934e-1
1.25000000000000000e0,1.64062500000000000e-1,1.04414702725504766e-1,9.15557372572979755e-1
8.00000000000000000e0,1.67968749999999972e-1,6.33618606671033163e-7,9.99999920797652209e-1
1.44865497446153313e0,1.71875000000000028e-1,7.79986506551013092e-2,9.45484367109379553e-1
4.45941497478634119e0,9.96093749999999889e-1,9.82697732295867432e-1,4.02628033884930514e-1
1.25000000000000000e0,1.00000000000000003e-300,0.00000000000000000e0,1.00000000000000000e0
8.00000000000000000e0,7.33864039966647397e-1,8.41249577349132693e-2,9.89075690883378211e-1
1.62006290047429502e0,3.55985407850312185e-2,4.50017126569093959e-3,9.97219827167063477e-1
2.65924443857511505e0,1.71163929717295105e-1,9.15073094049732860e-3,9.96549025493337681e-1
1.25000000000000000e0,1.95312500000000000e-1,1.29841208421508508e-1,8.94702827688348523e-1
8.00000000000000000e0,1.99218749999999972e-1,2.48108524667124302e-6,9.99999689864007557e-1
1.96286892995703965e0,2.03125000000000028e-1,4.37754120925279294e-2,9.77453445511538899e-1
3.76687033486086875e0,9.96093749999999889e-1,9.85364996874216637e-1,3.25808553321491501e-1
1.25000000000000000e0,1.00000000000000003e-300,0.00000000000000000e0,1.00000000000000000e0
8.00000000000000000e0,1.96342738922794524e-1,2.20860860469941564e-6,9.99999723923657657e-1
7.73262618778971955e0,9.39909158178124926e-1,6.19274476037151800e-1,8.82599816424565198e-1
7.39487532130442560e0,2.71429298186376400e-1,6.48577805978189199e-5,9.99991229115205216e-1
1.25000000000000000e0,2.26562500000000000e-1,1.56309378146650274e-1,8.72863990600695416e-1
8.00000000000000000e0,2.30468749999999972e-1,7.95969397188009819e-6,9.99999005034788668e-1
3.53836576559115201e0,2.34375000000000028e-1,5.89543237177385729e-3,9.98330319208441175e-1
5.16507921105949208e0,9.96093749999999889e-1,9.79987365235191255e-1,4.68942001490756599e-1
1.25000000000000000e0,1.00000000000000003e-300,0.00000000000000000e0,1.00000000000000000e0
8.00000000000000000e0,5.91347822060015460e-1,1.49535398739646681e-2,9.98118463403226297e-1
2.80778673128224909e0,4.03167726321953523e-1,7.80347691734874921e-2,9.71478066260487050e-1
6.38253407937008888e0,1.31177345474497997e-1,2.34263146398125053e-6,9.99999632961806606e-1
1.25000000000000000e0,2.57812500000000000e-1,1.83708801038026059e-1,8.50111891617657101e-1
8.00000000000000000e0,2.61718749999999944e-1,2.20129729091526369e-5,9.99997248351885970e-1
7.39169649814721197e0,2.65625000000000056e-1,5.55099446872614819e-5,9.99992490049207206e-1
1.91519235825398937e0,9.96093749999999889e-1,9.92532153898182390e-1,7.75369299644269316e-2
1.25000000000000000e0,1.00000000000000003e-300,0.00000000000000000e0,1.00000000000000000e0
8.00000000000000000e0,6.05220722713966097e-1,1.80015673040390990e-2,9.97731880246885972e-1
3.59243268717546016e0,9.41581185584254854e-1,8.05537579147872163e-1,6.33925520548369148e-1
4.75223659549374133e0,6.36728021131602873e-1,1.17042299920356252e-1,9.74146517628533104e-1
1.25000000000000000e0,2.89062500000000000e-1,2.11953061022920275e-1,8.26497737695926382e-1
8.00000000000000000e0,2.92968749999999944e-1,5.42713199896040644e-5,9.99993215923920542e-1
1.80594197014579549e0,2.96875000000000056e-1,1.11557449551594023e-1,9.36601072770916865e-1
3.43675341975176707e0,9.96093749999999889e-1,9.86638954998749762e-1,2.84886260167482308e-1
1.25000000000000000e0,1.00000000000000003e-300,0.00000000000000000e0,1.00000000000000000e0
8.00000000000000000e0,6.85873085039929720e-1,4.89722530854758212e-2,9.93743151075330400e-1
4.05566829786403105e0,7.47350388364793616e-1,3.06942035792031276e-1,9.13563607523815602e-1
7.19966542063048109e0,9.28650432360882405e-1,5.86876967922614234e-1,8.84453933194489061e-1
1.25000000000000000e0,3.20312500000000000e-1,2.40972430929330295e-1,8.02058490090157283e-1
8.00000000000000000e0,3.24218749999999944e-1,1.22097006557868554e-4,9.99984737058854378e-1
6.99575651576742530e0,3.28125000000000056e-1,4.11461234502659813e-4,9.99941173795569460e-1
2.89639812766108662e0,9.96093749999999889e-1,9.88727802054971017e-1,2.12541380901017152e-1
1.25000000000000000e0,1.00000000000000003e-300,0.00000000000000000e0,1.00000000000000000e0
8.00000000000000000e0,3.32086047092161607e-2,1.47912551767818518e-12,9.99999999999815148e-1
4.12273555283900350e0,5.06251240799429070e-1,6.04198458015913625e-2,9.84996985794659441e-1
5.54321822192287073e0,8.66979346160405839e-1,4.53282530576142817e-1,8.96793132847814034e-1
1.25000000000000000e0,3.51562500000000000e-1,2.70709302677433650e-1,7.76820251631265446e-1
8.00000000000000000e0,3.55468749999999944e-1,2.54924406028573462e-4,9.99968130894733465e-1
5.31928446370875463e0,3.59375000000000056e-1,4.32347196957840081e-3,9.99185777515574247e-1
5.64232781215105206e0,9.96093749999999889e-1,9.78158552473533560e-1,5.07770926881075946e-1
1.25000000000000000e0,1.00000000000000003e-300,0.00000000000000000e0,1.00000000000000000e0
8.00000000000000000e0,1.38431145569484215e-1,1.34856071132959390e-7,9.99999983142990101e-1
6.59540874825324863e0,9.50405685807709233e-2,1.81506527167788138e-7,9.99999972479864718e-1
4.41354621615028009e0,4.34135161472113396e-1,2.51559672474515536e-2,9.94243995583259488e-1
1.25000000000000000e0,3.82812500000000000e-1,3.01115171677038385e-1,7.50800391116293153e-1
8.00000000000000000e0,3.86718749999999944e-1,5.00220901174111359e-4,9.99937458699115322e-1
5.71362313115969300e0,3.90625000000000056e-1,4.65018992758583268e-3,9.99184556816776759e-1
5.01903713267529383e0,9.96093749999999889e-1,9.80547680245943298e-1,4.56133806320262736e-1
1.25000000000000000e0,1.00000000000000003e-300,0.00000000000000000e0,1.00000000000000000e0
8.00000000000000000e0,6.12815227732426138e-1,1.98900734869780112e-2,9.97491832758808372e-1
6.07806633959989995e0,3.00133029854805500e-1,6.65393502727812522e-4,9.99890495020405501e-1
1.60061346268048510e0,9.66228427109854238e-1,9.46495479187085098e-1,1.60527208365377649e-1
1.25000000000000000e0,4.14062500000000000e-1,3.32148560767778767e-1,7.24008880179354497e-1
8.00000000000000000e0,4.17968749999999944e-1,9.31430594454167658e-4,9.99883523703205990e-1
6.56469047605060041e0,4.21875000000000056e-1,3.46296097254838444e-3,9.99471710886774667e-1
5.24408255284652114e0,9.96093749999999889e-1,9.79684389082941753e-1,4.75683599203756635e-1
1.25000000000000000e0,1.00000000000000003e-300,0.00000000000000000e0,1.00000000000000000e0
8.00000000000000000e0,2.85991421415019431e-1,4.47531954398248767e-5,9.99994405741036152e-1
7.86664193612523377e0,6.48119480756577104e-1,3.29881467303001566e-2,9.95744930526199723e-1
3.14816829003393650e0,4.21600774247963273e-1,6.59365896723060341e-2,9.78566170868838126e-1
1.25000000000000000e0,4.45312500000000000e-1,3.63773540984873023e-1,6.96449099309609299e-1
8.00000000000000000e0,4.49218749999999944e-1,1.65829961662383751e-3,9.99792562003560703e-1
6.07853642763802782e0,4.53125000000000056e-1,8.13408553933598483e-3,9.98657265069450628e-1
6.06777178199263290e0,9.96093749999999889e-1,9.76531132104341615e-1,5.38826222787677223e-1
1.25000000000000000e0,1.00000000000000003e-300,0.00000000000000000e0,1.00000000000000000e0
8.00000000000000000e0,5.22291955976470490e-1,5.53741021071277491e-3,9.99306141018996286e-1
4.36143991496646777e0,1.54124823911843123e-1,2.87048388396183359e-4,9.99934177667992530e-1
5.86440845415927470e0,3.27440539153940335e-1,1.43396523183349483e-3,9.99755334438058196e-1
1.25000000000000000e0,4.76562500000000000e-1,3.95958647105049966e-1,6.68118253666166617e-1
8.00000000000000000e0,4.80468749999999944e-1,2.84001849968353991e-3,9.99644555809745761e-1
7.58581660105846822e0,4.84375000000000056e-1,4.09115811214456372e-3,9.99459722998238709e-1
2.79427900619339198e0,9.96093749999999889e-1,9.89123059682248895e-1,1.98297243906814136e-1
1.25000000000000000e0,1.00000000000000003e-300,0.00000000000000000e0,1.00000000000000000e0
8.00000000000000000e0,6.26747844603414705e-1,2.38090897811849556e-2,9.96992393566770274e-1
5.32954693224746734e0,3.54004105474814423e-2,1.84872208554182849e-8,9.99999996531183322e-1
4.86059208237566054e0,3.64912976151572366e-1,7.44699070657684620e-3,9.98463332615496468e-1
1.25000000000000000e0,5.07812500000000000e-1,4.28676063281321795e-1,6.39007471390763082e-1
8.00000000000000000e0,5.11718749999999889e-1,4.70165375106031212e-3,9.99411080819528008e-1
6.99231825803872198e0,5.15625000000000111e-1,9.73974389898886288e-3,9.98601230911228654e-1
4.09833171876380220e0,9.96093749999999889e-1,9.84087505301465382e-1,3.64100302966248957e-1
1.25000000000000000e0,1.00000000000000003e-300,0.00000000000000000e0,1.00000000000000000e0
8.00000000000000000e0,1.55955426707805600e-1,3.49948334057822835e-7,9.99999956256451550e-1
4.99831210332922637e0,9.12134707186851301e-1,6.31483957676423291e-1,8.18958695922143765e-1
5.73321277671493590e0,1.28185518587997649e-1,7.67451525313105306e-6,9.99998661389370214e-1
1.25000000000000000e0,5.39062500000000000e-1,4.61900998810235774e-1,6.09101611805744181e-1
8.00000000000000000e0,5.42968749999999889e-1,7.55437743673646050e-3,9.99052567064380947e-1
3.14095552143407986e0,5.46875000000000111e-1,1.50216655148894762e-1,9.49496878942755695e-1
6.14024326641811058e0,9.96093749999999889e-1,9.76254182143093119e-1,5.43811171708797558e-1
1.25000000000000000e0,1.00000000000000003e-300,0.00000000000000000e0,1.00000000000000000e0
8.00000000000000000e0,5.48734989165495790e-1,8.22055662308849092e-3,9.98968715674200536e-1
7.46955877006985247e0,5.93586394797966932e-1,2.03247383806732310e-2,9.97254733536922955e-1
2.72400127275614068e0,1.27050624041658011e-1,3.62436284580018543e-3,9.98667941918742197e-1
1.25000000000000000e0,5.70312500000000000e-1,4.95611201064776685e-1,5.78378774647323901e-1
8.00000000000000000e0,5.74218749999999889e-1,1.18200402518678603e-2,9.98514797465699266e-1
1.33875886182067916e0,5.78125000000000111e-1,4.80180488396483973e-1,6.13413170425391341e-1
4.51189226791029796e0,9.96093749999999889e-1,9.82495915907593997e-1,4.07958106888364647e-1
1.25000000000000000e0,1.00000000000000003e-300,0.00000000000000000e0,1.00000000000000000e0
8.00000000000000000e0,3.10947541556743090e-1,8.73970995679654755e-5,9.99989074944814260e-1
4.45777254662243649e0,8.71502852442063158e-2,1.88781489050709835e-5,9.99995765085156751e-1
5.57037365512223914e0,3.25381588882009964e-1,1.92241292147099421e-3,9.99654613689901939e-1
1.25000000000000000e0,6.01562500000000000e-1,5.29786569508050920e-1,5.46809465295564179e-1
8.00000000000000000e0,6.05468749999999889e-1,1.80606702282606751e-2,9.97724373816306742e-1
5.37267441250151023e0,6.09375000000000111e-1,6.98642775074486411e-2,9.86610243716392277e-1
5.83512488298583776e0,9.96093749999999889e-1,9.77420723863610785e-1,5.22234440728100546e-1
1.25000000000000000e0,1.00000000000000003e-300,0.00000000000000000e0,1.00000000000000000e0
8.00000000000000000e0,1.47706324710270565e-1,2.26564955868184538e-7,9.99999971679377708e-1
1.49745658721076325e0,5.65848258484038524e-1,4.26264299783858325e-1,6.90030095520450693e-1
7.88426043308572844e0,2.25763921448560723e-1,8.01759406460647026e-6,9.99998983085072179e-1
1.25000000000000000e0,6.32812500000000000e-1,5.64408845596994557e-1,5.14355326401782942e-1
8.00000000000000000e0,6.36718749999999889e-1,2.70135158989015245e-2,9.96582716269473257e-1
5.22154498146846890e0,6.40625000000000111e-1,9.77627646282895613e-2,9.80490270753031301e-1
7.21620394079945982e0,9.96093749999999889e-1,9.72151623234454365e-1,6.08814532893461324e-1
1.25000000000000000e0,1.00000000000000003e-300,0.00000000000000000e0,1.00000000000000000e0
8.00000000000000000e0,4.40902435525458714e-1,1.42803871915311159e-3,9.99821383536543262e-1
3.53439514961792156e0,3.86125957829790423e-1,3.46207902872709139e-2,9.90080552058665075e-1
4.31384345120750368e0,1.42751349540048977e-1,2.25419472939721163e-4,9.99947740571623389e-1
1.25000000000000000e0,6.64062500000000000e-1,5.99461360609411242e-1,4.80967282279577801e-1
8.00000000000000000e0,6.67968749999999889e-1,3.96322894105626058e-2,9.94957874904389139e-1
4.12388079374795780e0,6.71875000000000111e-1,1.93980594677208129e-1,9.49051361250546233e-1
5.15647614718182012e0,9.96093749999999889e-1,9.80020363460659794e-1,4.68200033443475550e-1
1.25000000000000000e0,1.00000000000000003e-300,0.00000000000000000e0,1.00000000000000000e0
8.00000000000000000e0,1.22069624767391360e-1,4.93015844362230995e-8,9.99999993837301759e-1
6.74577100569149479e0,9.12191118295595516e-1,5.37957804301449904e-1,8.91850505645355840e-1
7.34425374382408336e0,7.71236277751086163e-1,1.48414388370756989e-1,9.78362563866671420e-1
1.25000000000000000e0,6.95312500000000000e-1,6.34928828334294426e-1,4.46582840502517175e-1
8.00000000000000000e0,6.99218749999999889e-1,5.71353017463295948e-2,9.92672914095370063e-1
3.18755013454938307e0,7.03125000000000111e-1,3.25393258989187917e-1,8.83831921981917512e-1
3.88757839851314202e0,9.96093749999999889e-1,9.84899581763953647e-1,3.40080846893143440e-1
1.25000000000000000e0,1.00000000000000003e-300,0.00000000000000000e0,1.00000000000000000e0
8.00000000000000000e0,6.88245858950722322e-1,5.03441318356121839e-2,9.93563850803424575e-1
3.93653833022108302e0,8.30369431105282274e-2,5.56762858541285556e-5,9.99985856242866733e-1
2.17595278442604467e0,7.04416193466386176e-1,4.66534547640874209e-1,7.49180682697163758e-1
1.25000000000000000e0,7.26562500000000000e-1,6.70797172969755495e-1,4.11122120639158317e-1
8.00000000000000000e0,7.30468749999999889e-1,8.10612188907264969e-2,9.89488662620216952e-1
3.73144127958221361e0,7.34375000000000111e-1,3.15995179360757272e-1,9.03227218481797434e-1
4.39281369181117043e0,9.96093749999999889e-1,9.82953926207250528e-1,3.95766438624540418e-1
1.25000000000000000e0,1.00000000000000003e-300,0.00000000000000000e0,1.00000000000000000e0
8.00000000000000000e0,9.79576865220224136e-1,8.47828786807929946e-1,7.90299237429802459e-1
1.96509547095047310e0,4.66971093478605326e-1,2.23935667767092228e-1,8.78963881770192024e-1
1.93080865638330579e0,4.19476430561189773e-1,1.86861787192899503e-1,8.98405778424666290e-1
1.25000000000000000e0,7.57812500000000000e-1,7.07053384980323107e-1,3.74481861806583050e-1
8.00000000000000000e0,7.61718749999999889e-1,1.13333204440938112e-1,9.85076719955592206e-1
7.69251210964284837e0,7.65625000000000111e-1,1.28171802297835480e-1,9.82327323769698668e-1
2.29766113654477522e0,9.96093749999999889e-1,9.91047500055354913e-1,1.28420567505921651e-1
1.25000000000000000e0,1.00000000000000003e-300,0.00000000000000000e0,1.00000000000000000e0
8.00000000000000000e0,9.05149175155202101e-1,4.50568970707506955e-1,9.27874304087974444e-1
1.51528967136982828e0,7.24076182427779713e-1,6.13101728703883353e-1,5.34365852152693832e-1
5.88895556848729029e0,7.36703785255485855e-1,1.65384114453600822e-1,9.69767654704450810e-1
1.25000000000000000e0,7.89062500000000000e-1,7.43685399397248648e-1,3.36526041257555975e-1
8.00000000000000000e0,7.92968749999999889e-1,1.56332250838457032e-1,9.78974615788005376e-1
1.50224123895168304e0,7.96875000000000111e-1,7.10991313924784096e-1,4.37666647700100775e-1
5.52697198448004201e0,9.96093749999999889e-1,9.78600282061054871e-1,4.98791714059783176e-1
1.25000000000000000e0,1.00000000000000003e-300,0.00000000000000000e0,1.00000000000000000e0
8.00000000000000000e0,3.25728230291133514e-2,1.26719426242766452e-12,9.99999999999841571e-1
5.95425775652984157e0,4.54715976889019657e-1,9.16425179932250401e-3,9.98454989966114037e-1
4.61869564844528213e0,6.48897926412246306e-1,1.35675019590043716e-1,9.68924341053159610e-1
1.25000000000000000e0,8.20312500000000000e-1,7.80681992310798045e-1,2.97070436008594119e-1
8.00000000000000000e0,8.24218749999999889e-1,2.12980538066308511e-1,9.70505909074868112e-1
5.86359221657039598e0,8.28125000000000111e-1,3.30938832949092099e-1,9.33757831851081632e-1
6.41757108474848792e0,9.96093749999999889e-1,9.75195098367614199e-1,5.62125535022130252e-1
1.25000000000000000e0,1.00000000000000003e-300,0.00000000000000000e0,1.00000000000000000e0
8.00000000000000000e0,1.07105774218325678e-1,1.73182130859210717e-8,9.99999997835223309e-1
5.62327000149525702e0,2.18807213968830183e-2,4.63146509682207199e-10,9.99999999917637550e-1
6.32894888985902071e0,5.22188308559634606e-2,7.67703510732403032e-9,9.99999998786996858e-1
1.25000000000000000e0,8.51562500000000000e-1,8.18032692241104642e-1,2.55855463770926828e-1
8.00000000000000000e0,8.55468749999999889e-1,2.86835695327832874e-1,9.58624887289310390e-1
2.84902059345040470e0,8.59375000000000111e-1,6.49359503778440761e-1,6.92225481959651057e-1
3.21201907086651772e0,9.96093749999999889e-1,9.87507172185139948e-1,2.55524264358897857e-1
1.25000000000000000e0,1.00000000000000003e-300,0.00000000000000000e0,1.00000000000000000e0
8.00000000000000000e0,8.94246614125222550e-1,4.08938910577312242e-1,9.36384133562429444e-1
4.43728028167970479e0,1.77211652403457265e-1,4.62753370904217109e-4,9.99895693689635712e-1
6.15729592519346625e0,2.04469850627901906e-1,5.69299068329611702e-5,9.99990753852844749e-1
1.25000000000000000e0,8.82812500000000000e-1,8.55727703777909965e-1,2.12493845114175683e-1
8.00000000000000000e0,8.86718749999999889e-1,3.82196877893831777e-1,9.41577912602358680e-1
5.28984268201747909e0,8.90625000000000111e-1,5.41868416121636165e-1,8.62805832192376165e-1
7.54775898932712153e0,9.96093749999999889e-1,9.70890906419986210e-1,6.25892412653630048e-1
1.25000000000000000e0,1.00000000000000003e-300,0.00000000000000000e0,1.00000000000000000e0
8.00000000000000000e0,7.46533660412751487e-2,9.64706389656697834e-10,9.99999999879411683e-1
3.23106894176453352e0,4.08893564253958175e-1,5.56014378383601418e-2,9.82450532668109555e-1
5.70127146434970200e0,7.52663942621438764e-1,1.97910773340549212e-1,9.62056790360816816e-1
1.25000000000000000e0,9.14062500000000000e-1,8.93757841414010157e-1,1.66355632067869658e-1
8.00000000000000000e0,9.17968749999999889e-1,5.04223607975710308e-1,9.16032179418988290e-1
2.59175701293861493e0,9.21875000000000111e-1,8.09913253474374040e-1,5.26977117857431843e-1
6.83507719531189650e0,9.96093749999999889e-1,9.73602855878867635e-1,5.87580354728651777e-1
1.25000000000000000e0,1.00000000000000003e-300,0.00000000000000000e0,1.00000000000000000e0
8.00000000000000000e0,9.54227646616345737e-1,6.87410182440965078e-1,8.64712731635302156e-1
1.63339140737662092e0,4.98291041353695618e-1,3.20532049854453160e-1,7.89314289757708343e-1
5.54842740553431213e0,2.54650062579457881e-1,5.05734089528748327e-4,9.99908832013178928e-1
1.25000000000000000e0,9.45312500000000000e-1,9.32114471907599662e-1,1.16257709063166029e-1
8.00000000000000000e0,9.49218749999999889e-1,6.59068365153074431e-1,8.74144868818993337e-1
6.57689827168360353e0,9.53125000000000111e-1,7.29240461138865870e-1,8.19833878972524133e-1
4.93683198455255479e0,9.96093749999999889e-1,9.80863215035794100e-1,4.48721636674585589e-1
1.25000000000000000e0,1.00000000000000003e-300,0.00000000000000000e0,1.00000000000000000e0
8.00000000000000000e0,8.62802385504437552e-1,3.07107694330942760e-1,9.55175594451132315e-1
3.69067227042978629e0,9.15030604760431743e-1,7.20562260565319690e-1,7.07895390158543192e-1
6.99671002692775801e0,1.51333711792176473e-1,1.82914350443050580e-6,9.99999738570709451e-1
1.25000000000000000e0,9.76562500000000000e-1,9.70789463826966181e-1,5.92149849150451005e-2
8.00000000000000000e0,9.80468749999999889e-1,8.54023948555068357e-1,7.86203913912597696e-1
7.73601124034030363e0,9.84375000000000111e-1,8.85299328803612950e-1,7.55847612886342946e-1
6.55498834192985669e0,9.96093749999999889e-1,9.74670743081136548e-1,5.70773378071578241e-1
1.25000000000000000e0,1.00000000000000003e-300,0.00000000000000000e0,1.00000000000000000e0
8.00000000000000000e0,7.45923495119313884e-1,9.58416527406769775e-2,9.87485124242093670e-1
7.15827127499505877e0,5.23801963499863632e-1,9.76612046116677110e-3,9.98629920993254427e-1
5.56372507294872776e0,6.22562738876695221e-1,7.15964496697262531e-2,9.86736401452891876e-1
1.25000000000000000e0,1.17187500000000000e-2,3.85568558482175545e-3,9.96914260389102580e-1
8.00000000000000000e0,1.56249999999999983e-2,3.55271367880049777e-15,9.99999999999999556e-1
6.04300713684642687e0,1.95312500000000035e-2,4.68672452064660077e-11,9.99999999992244426e-1
5.70593460730742663e0,9.96093749999999889e-1,9.77915069631307921e-1,5.12616621913436599e-1
1.25000000000000000e0,1.00000000000000003e-300,0.00000000000000000e0,1.00000000000000000e0
8.00000000000000000e0,6.65506005602765072e-1,3.84782960377028499e-2,9.95107241083427740e-1
1.47212717885849997e0,1.48344607891885971e-1,6.02568800625531836e-2,9.58661777494380973e-1
5.23942116694524884e0,2.73467700708351913e-1,1.12127872635390570e-3,9.99785894722635904e-1
1.25000000000000000e0,4.29687500000000000e-2,1.95632452687662037e-2,9.84318543936863688e-1
8.00000000000000000e0,4.68749999999999931e-2,2.33093544466100607e-11,9.99999999997086331e-1
6.89373126480495557e0,5.07812500000000069e-2,1.19527262473839065e-9,9.99999999826614583e-1
2.27179005660582334e0,9.96093749999999889e-1,9.91147855436795622e-1,1.24832792988317384e-1
1.25000000000000000e0,1.00000000000000003e-300,0.00000000000000000e0,1.00000000000000000e0
8.00000000000000000e0,7.66087696893009706e-1,1.18639116045025445e-1,9.84337932671606519e-1
6.60375280660809949e0,6.12727240095409798e-1,3.93699712218108649e-2,9.93936171164824134e-1
3.67617181630339473e0,8.21257569677982247e-1,4.84854608022873945e-1,8.34907846806381193e-1
1.25000000000000000e0,7.42187500000000000e-2,3.87384325865888987e-2,9.68887299722155260e-1
8.00000000000000000e0,7.81249999999999861e-2,1.38777878078144361e-9,9.99999999826527652e-1
4.66779621382011101e0,8.20312500000000139e-2,8.52465527462341970e-6,9.99998173724079842e-1
3.72277163772378117e0,9.96093749999999889e-1,9.85535083442639070e-1,3.20501053104755962e-1
1.25000000000000000e0,1.00000000000000003e-300,0.00000000000000000e0,1.00000000000000000e0
8.00000000000000000e0,1.46776359865725681e-1,2.15401588661042220e-7,9.99999973074798931e-1
5.08783449418842793e0,9.45917587391704728e-1,7.53608153605660580e-1,7.59321704641605644e-1
6.63713736640056595e0,6.12693230946206313e-1,3.87171259520804889e-2,9.94068326374664690e-1
1.25000000000000000e0,1.05468750000000000e-1,6.01041899782998046e-2,9.51620459945685560e-1
8.00000000000000000e0,1.09374999999999986e-1,2.04806873682627867e-8,9.99999997439914079e-1
7.38108727027429268e0,1.13281250000000014e-1,1.04389758924814758e-7,9.99999985857129237e-1
5.09581736900145188e0,9.96093749999999889e-1,9.80253060020348732e-1,4.62924272240105628e-1
1.25000000000000000e0,1.00000000000000003e-300,0.00000000000000000e0,1.00000000000000000e0
8.00000000000000000e0,7.04475780735265289e-1,6.06636498557195994e-2,9.92207809807575281e-1
5.09045729856006801e0,7.06406885401520412e-1,1.70459234832136874e-1,9.63953305405759298e-1
3.17176348523935303e0,9.20706378337854403e-2,5.18128276383291765e-4,9.99836614484597153e-1
1.25000000000000000e0,1.36718750000000000e-1,8.31352292660376552e-2,9.32919624286440929e-1
8.00000000000000000e0,1.40624999999999972e-1,1.52932674524208540e-7,9.99999980883414352e-1
7.71091254072962329e0,1.44531250000000028e-1,3.33072357408494428e-7,9.99999956805059820e-1
6.44653937744442374e0,9.96093749999999889e-1,9.75084538008699653e-1,5.63971393677223709e-1
1.25000000000000000e0,1.00000000000000003e-300,0.00000000000000000e0,1.00000000000000000e0
8.00000000000000000e0,6.84360980485507753e-1,4.81151582790932814e-2,9.93855055861703418e-1
7.30810407851822674e0,9.09686379163758829e-1,5.00698403676618775e-1,9.09338706332426305e-1
3.44566626619780436e0,1.02114015658116841e-1,3.85157922893693662e-4,9.99888204326404573e-1
1.25000000000000000e0,1.67968750000000000e-1,1.07531477429036751e-1,9.13007459755849515e-1
8.00000000000000000e0,1.71874999999999972e-1,7.61555728701067849e-7,9.99999904805502160e-1
7.06521884456742555e0,1.75781250000000028e-1,4.62983827827691568e-6,9.99999344698645487e-1
5.13839883374748752e0,9.96093749999999889e-1,9.80089705083541873e-1,4.66635898593807885e-1
1.25000000000000000e0,1.00000000000000003e-300,0.00000000000000000e0,1.00000000000000000e0
8.00000000000000000e0,3.98963687712239334e-1,6.41899379832678034e-4,9.99919740035322802e-1
4.58767228334909305e0,3.51056792142117047e-1,8.20994801283138516e-3,9.98204659734026500e-1
4.79984571854583919e0,3.92846989589088480e-1,1.12806744288053481e-2,9.97639218438455933e-1
1.25000000000000000e0,1.99218750000000000e-1,1.33095313483372280e-1,8.92025111897662315e-1
8.00000000000000000e0,2.03124999999999972e-1,2.89805769071449165e-6,9.99999637742329361e-1
7.12145797983976081e0,2.07031250000000028e-1,1.34641342302644329e-5,9.99998109346122321e-1
4.58282383222831413e0,9.96093749999999889e-1,9.82223194230620655e-1,4.15056721682572016e-1
1.25000000000000000e0,1.00000000000000003e-300,0.00000000000000000e0,1.00000000000000000e0
8.00000000000000000e0,8.38651774129175465e-1,2.44710925964751885e-1,9.65526393921999571e-1
6.95685910020256415e0,8.24259370565414429e-1,2.60656362859620072e-1,9.57519386222592694e-1
5.36994394205976278e0,2.99723131024620670e-1,1.54887772572545623e-3,9.99711383434600864e-1
1.25000000000000000e0,2.30468750000000000e-1,1.59685343892662229e-1,8.70068710082355756e-1
8.00000000000000000e0,2.34374999999999972e-1,9.10521658070705661e-6,9.99998861843393483e-1
5.89108990487875417e0,2.38281250000000028e-1,2.13983565531413854e-4,9.99963673517182405e-1
4.60760131268762052e0,9.96093749999999889e-1,9.82127946218700143e-1,4.17507962651748721e-1
1.25000000000000000e0,1.00000000000000003e-300,0.00000000000000000e0,1.00000000000000000e0
8.00000000000000000e0,8.07460622968392272e-1,1.80705270695190212e-1,9.75393866048816838e-1
6.51647147996118292e0,3.70378842535501462e-2,4.70569299664119842e-10,9.99999999927787764e-1
1.37538640404818580e0,8.24418166048417334e-1,7.66779483903798686e-1,3.46994970839682004e-1
1.25000000000000000e0,2.61718750000000000e-1,1.87194699240832485e-1,8.47206388110529840e-1
8.00000000000000000e0,2.65624999999999944e-1,2.47828688806350377e-5,9.99996902107800900e-1
3.04262644774280488e0,2.69531250000000056e-1,1.85163877154011086e-2,9.93876121105558896e-1
4.90814872004557401e0,9.96093749999999889e-1,9.80973336265726026e-1,4.46100298764757763e-1
1.25000000000000000e0,1.00000000000000003e-300,0.00000000000000000e0,1.00000000000000000e0
8.00000000000000000e0,5.86297223944711732e-1,1.39618414801881766e-2,9.98244015447604771e-1
5.38271745800739154e0,8.21900458581694693e-1,3.47933257610636537e-1,9.23632529995523144e-1
3.60718778561567888e0,2.41947858835374063e-1,5.98368528360655738e-3,9.98337577749819904e-1
1.25000000000000000e0,2.92968750000000000e-1,2.15539376688186901e-1,8.23487324970179846e-1
8.00000000000000000e0,2.96874999999999944e-1,6.03377367305312447e-5,9.99992457583803507e-1
2.44161262421403080e0,3.00781250000000056e-1,5.32219115164023204e-2,9.77849649370043150e-1
6.31801237800391391e0,9.96093749999999889e-1,9.75575169621050509e-1,5.55686448880521544e-1
1.25000000000000000e0,1.00000000000000003e-300,0.00000000000000000e0,1.00000000000000000e0
8.00000000000000000e0,9.00903548676978971e-1,4.33936698991917003e-1,9.31339719376473307e-1
6.54581307957414538e0,1.08723343987549015e-1,4.91981972421302907e-7,9.99999924840188847e-1
1.60694742645137012e0,9.19683862343845249e-1,8.74116035208113096e-1,2.75368008013757493e-1
1.25000000000000000e0,3.24218750000000000e-1,2.44651373809827793e-1,7.98946971652454874e-1
8.00000000000000000e0,3.28124999999999944e-1,1.34373789823172084e-4,9.99983202288734385e-1
4.17743384704226628e0,3.32031250000000056e-1,9.99440127818284306e-3,9.97598378725026325e-1
5.09969245013780892e0,9.96093749999999889e-1,9.80238192951131015e-1,4.63263636324165007e-1
1.25000000000000000e0,1.00000000000000003e-300,0.00000000000000000e0,1.00000000000000000e0
8.00000000000000000e0,2.80874532118104980e-1,3.87345839746623541e-5,9.99995158094949765e-1
6.74346538929967210e0,6.20393107483323547e-1,3.99812942727133316e-2,9.93967594629441398e-1
6.57331890566274524e0,9.63442527418010286e-1,7.82856043225144238e-1,7.92682616803431328e-1
1.25000000000000000e0,3.55468750000000000e-1,2.74474361683864410e-1,7.73610242590344388e-1
8.00000000000000000e0,3.59374999999999944e-1,2.78216508608153065e-4,9.99965218702633218e-1
5.92066380527103320e0,3.63281250000000056e-1,2.49084410880410058e-3,9.99578860358198318e-1
3.06114245479693636e0,9.96093749999999889e-1,9.88090483067294634e-1,2.35202487363120105e-1
1.25000000000000000e0,1.00000000000000003e-300,0.00000000000000000e0,1.00000000000000000e0
8.00000000000000000e0,9.77156083167756151e-1,8.31211455961823553e-1,8.00604212487425970e-1
6.08475594385527074e0,1.36213977993975277e-1,5.39448759246573309e-6,9.99999113440242948e-1
1.83168374770320952e0,6.97614015280123567e-1,5.17073758856778531e-1,6.72072401324423807e-1
1.25000000000000000e0,3.86718750000000000e-1,3.04960812897910660e-1,7.47493521570730124e-1
8.00000000000000000e0,3.90624999999999944e-1,5.42101086242751566e-4,9.99932221287560541e-1
3.34775052982149646e0,3.94531250000000056e-1,4.44407440182828795e-2,9.86512956391647378e-1
2.97644574876176193e0,9.96093749999999889e-1,9.88418083805515324e-1,2.23607319795617654e-1
1.25000000000000000e0,1.00000000000000003e-300,0.00000000000000000e0,1.00000000000000000e0
8.00000000000000000e0,9.90898506606754381e-1,9.29465750052399842e-1,7.17876945991916982e-1
4.88870206871069968e0,7.10720585375383962e-1,1.88364943251883021e-1,9.58207254540838882e-1
6.44655570329632610e0,3.12956558973382926e-1,5.59255001185559502e-4,9.99913226970016944e-1
1.25000000000000000e0,4.17968750000000000e-1,3.36070015076740558e-1,7.20605921267824079e-1
8.00000000000000000e0,4.21874999999999944e-1,1.00339127755333271e-3,9.99874520996702376e-1
7.34619685338111594e0,4.25781250000000056e-1,1.88769259770436479e-3,9.99742828350214663e-1
6.14477529021678492e0,9.96093749999999889e-1,9.76236865612387206e-1,5.44120094975810487e-1
1.25000000000000000e0,1.00000000000000003e-300,0.00000000000000000e0,1.00000000000000000e0
8.00000000000000000e0,4.87577515773409687e-1,3.19410627710704212e-3,9.99600177659878630e-1
6.14942118950420991e0,5.82050978932784346e-1,3.58629772413809195e-2,9.94078529509779596e-1
5.89228128973627463e0,7.92673579362599412e-1,2.54352330150241668e-1,9.51408955906470344e-1
1.25000000000000000e0,4.49218750000000000e-1,3.67766650021031316e-1,6.92950034510295021e-1
8.00000000000000000e0,4.53124999999999944e-1,1.77723227409742716e-3,9.99777673040172954e-1
7.32906322227790952e0,4.57031250000000056e-1,3.21900740674086697e-3,9.99560177014692131e-1
5.80460945493541658e0,9.96093749999999889e-1,9.77537468407918664e-1,5.19989351718946891e-1
1.25000000000000000e0,1.00000000000000003e-300,0.00000000000000000e0,1.00000000000000000e0
8.00000000000000000e0,7.66678160948686127e-1,1.19372623715322451e-1,9.84235494149255707e-1
5.14784084650455043e0,5.01541814464872004e-1,2.86568789298321247e-2,9.94367823530596273e-1
4.44522919092560187e0,2.62505754412813985e-1,2.61781506465365472e-3,9.99410497247858798e-1
1.25000000000000000e0,4.80468750000000000e-1,4.00019748683586640e-1,6.64522307509566978e-1
8.00000000000000000e0,4.84374999999999944e-1,3.03007765524298828e-3,9.99620737233926304e-1
6.13916905428050086e0,4.88281250000000056e-1,1.22657127893167975e-2,9.97991721587659808e-1
5.46139199921162799e0,9.96093749999999889e-1,9.78851495019704809e-1,4.93574646681933848e-1
1.25000000000000000e0,1.00000000000000003e-300,0.00000000000000000e0,1.00000000000000000e0
8.00000000000000000e0,1.83141185289059649e-1,1.26557580910977867e-6,9.99999841802936218e-1
1.84740575368050486e0,2.17839870160787541e-1,5.98785352706360935e-2,9.67129193175912283e-1
1.69829271623166278e0,4.40572842408073484e-1,2.48563807006619120e-1,8.45126981368793717e-1
1.25000000000000000e0,5.11718750000000000e-1,4.32801904260070591e-1,6.35313101199220798e-1
8.00000000000000000e0,5.15624999999999889e-1,4.99656713600770373e-3,9.99374059518163604e-1
1.76262129226233810e0,5.19531250000000111e-1,3.15305164473047017e-1,8.06624514691068439e-1
4.73739492666209117e0,9.96093749999999889e-1,9.81629152773032865e-1,4.30111591726387466e-1
1.25000000000000000e0,1.00000000000000003e-300,0.00000000000000000e0,1.00000000000000000e0
8.00000000000000000e0,3.81744356445778976e-2,4.51004632471715356e-12,9.99999999999436229e-1
2.38200287159997970e0,1.75987856218853267e-1,1.59491531052687111e-2,9.93273067754203987e-1
6.53713766048895195e0,4.32061216570218676e-1,4.14485508970168642e-3,9.99364836749333074e-1
1.25000000000000000e0,5.42968750000000000e-1,4.66088667576894877e-1,6.05306463256161997e-1
8.00000000000000000e0,5.46874999999999889e-1,8.00026850322764667e-3,9.98996448599123621e-1
6.24440073367441073e0,5.50781250000000111e-1,2.41307042910956678e-2,9.96095877321064527e-1
5.46514073730213568e0,9.96093749999999889e-1,9.78837133236342027e-1,4.93875099659676575e-1
1.25000000000000000e0,1.00000000000000003e-300,0.00000000000000000e0,1.00000000000000000e0
8.00000000000000000e0,9.21975951582680864e-1,5.22103670053748359e-1,9.11835952601153132e-1
6.15704657090827823e0,7.53911051519935427e-1,1.75652445982579480e-1,9.69114336656716868e-1
7.65182890865253285e0,7.76973722872753569e-1,1.45013354019942198e-1,9.79733415871292257e-1
1.25000000000000000e0,5.74218750000000000e-1,4.99858074363655092e-1,5.74479597592842728e-1
8.00000000000000000e0,5.78124999999999889e-1,1.24788338024508314e-2,9.98431562746281975e-1
4.15479151706676930e0,5.82031250000000111e-1,1.05536064259953030e-1,9.73513221638206083e-1
1.98845375271048397e0,9.96093749999999889e-1,9.92247598287696708e-1,8.68141437288783846e-2
1.25000000000000000e0,1.00000000000000003e-300,0.00000000000000000e0,1.00000000000000000e0
8.00000000000000000e0,9.36978745635315136e-1,5.94070402824567911e-1,8.93421377098113867e-1
7.05747488228371367e0,1.33616674725089979e-1,6.77303874746232672e-7,9.99999904030254072e-1
3.31586178456200287e0,1.97937235552672064e-1,4.64924488980651088e-3,9.98595594914296503e-1
1.25000000000000000e0,6.05468750000000000e-1,5.34090269954182406e-1,5.42801981357186825e-1
8.00000000000000000e0,6.09374999999999889e-1,1.90141565087777742e-2,9.97603220596890883e-1
2.03020632214611396e0,6.13281250000000111e-1,3.70599948215822095e-1,7.96084587816475064e-1
7.64260005764663219e0,9.96093749999999889e-1,9.70530580156233058e-1,6.30556671440227201e-1
1.25000000000000000e0,1.00000000000000003e-300,0.00000000000000000e0,1.00000000000000000e0
8.00000000000000000e0,9.41160485954242176e-1,6.15615409857101836e-1,8.87351619109664758e-1
1.42069228226318955e0,1.01732643361174269e-1,3.88961440335867104e-2,9.72461317046421692e-1
7.95555763645097613e0,5.67585407029582711e-1,1.10453937281360139e-2,9.98604862419425920e-1
1.25000000000000000e0,6.36718750000000000e-1,5.68767207294443744e-1,5.10234033184334024e-1
8.00000000000000000e0,6.40624999999999889e-1,2.83681530856973625e-2,9.96409174415853194e-1
2.55218098068144172e0,6.44531250000000111e-1,3.25953846947405534e-1,8.56794902470516484e-1
6.16422319569392130e0,9.96093749999999889e-1,9.76162560078264185e-1,5.45442029243286108e-1
1.25000000000000000e0,1.00000000000000003e-300,0.00000000000000000e0,1.00000000000000000e0
8.00000000000000000e0,9.51522024574842362e-1,6.71971357327089347e-1,8.69939340220736823e-1
3.15252299571875483e0,5.49529280369824846e-1,1.51465993157315154e-1,9.49234339694636664e-1
3.76658701186534017e0,4.98881840535432275e-1,7.28588049100898083e-2,9.80116007665223332e-1
1.25000000000000000e0,6.67968750000000000e-1,6.03872401009984405e-1,4.76725168901523000e-1
8.00000000000000000e0,6.71874999999999889e-1,4.15248290067928294e-2,9.94712575292542756e-1
7.93453854531981051e0,6.75781250000000111e-1,4.46262342033938997e-2,9.94262860573605023e-1
7.25687646743608639e0,9.96093749999999889e-1,9.71996880509252259e-1,6.10976526848397761e-1
1.25000000000000000e0,1.00000000000000003e-300,0.00000000000000000e0,1.00000000000000000e0
8.00000000000000000e0,7.81771463621225848e-1,1.39520655963202428e-1,9.81392096619665200e-1
5.09314608684508130e0,5.68940684647714079e-1,5.65614330013055194e-2,9.88633255785984710e-1
6.38920611148932949e0,4.95347185733407969e-3,1.87198759839493776e-15,9.99999999999999667e-1
1.25000000000000000e0,6.99218750000000000e-1,6.39390724967884405e-1,4.42210972272928160e-1
8.00000000000000000e0,7.03124999999999889e-1,5.97393259860189776e-2,9.92329801091215824e-1
7.61866687895962968e0,7.07031250000000111e-1,7.12726524146338747e-2,9.90341823061406057e-1
2.96333095524460077e0,9.96093749999999889e-1,9.88468820589563646e-1,2.21801057908144500e-1
1.25000000000000000e0,1.00000000000000003e-300,0.00000000000000000e0,1.00000000000000000e0
8.00000000000000000e0,3.21097410151196527e-1,1.13004157513829363e-4,9.99985873781905399e-1
2.83502534963190556e0,9.07394298969848023e-1,7.59190423958643779e-1,6.05197957915581841e-1
5.94759432895807549e0,7.46149419483117526e-1,1.75234446690105516e-1,9.68126735707768082e-1
1.25000000000000000e0,7.30468750000000000e-1,6.75308244025013549e-1,4.06609020885959349e-1
8.00000000000000000e0,7.34374999999999889e-1,8.45946838330781103e-2,9.89012268074128342e-1
7.78587367985164747e0,7.38281250000000111e-1,9.41871994019008729e-2,9.87374975800502042e-1
3.87043833796633407e0,9.96093749999999889e-1,9.84965655447951893e-1,3.38077095951223150e-1
1.25000000000000000e0,1.00000000000000003e-300,0.00000000000000000e0,1.00000000000000000e0
8.00000000000000000e0,8.89869592256218311e-1,3.93197668462903382e-1,9.39465649203580222e-1
7.11388777755200863e0,9.62833192402285931e-1,7.63807715765566164e-1,8.16394161715424782e-1
7.81259498652070761e0,8.00071168482645589e-1,1.75058476749496372e-1,9.75668525419623012e-1
1.25000000000000000e0,7.61718750000000000e-1,7.11612072962624520e-1,3.69812562680657431e-1
8.00000000000000000e0,7.65624999999999889e-1,1.18067087021248657e-1,9.84417768023092665e-1
2.05964076757663861e0,7.69531250000000111e-1,5.82997870687782749e-1,6.53986737643184934e-1
3.67540074198041111e0,9.96093749999999889e-1,9.85717823432604279e-1,3.14744379066846269e-1
1.25000000000000000e0,1.00000000000000003e-300,0.00000000000000000e0,1.00000000000000000e0
8.00000000000000000e0,2.51448770541173872e-1,1.59807122573603296e-5,9.99998002397001429e-1
3.80627854308113456e0,5.12897010667074937e-1,7.87578858903266593e-2,9.78678718474561671e-1
2.06226260698167607e0,8.85774212879368861e-1,7.78692981143182861e-1,4.81266189319978555e-1
1.25000000000000000e0,7.92968750000000000e-1,7.48290257271211123e-1,3.31680561994058543e-1
8.00000000000000000e0,7.96874999999999889e-1,1.62600402725846582e-1,9.78062467497596622e-1
1.63407348003238440e0,8.00781250000000111e-1,6.95560027285619498e-1,4.82969568845327157e-1
3.87756743893260136e0,9.96093749999999889e-1,9.84938172744993956e-1,3.38911440169536893e-1
1.25000000000000000e0,1.00000000000000003e-300,0.00000000000000000e0,1.00000000000000000e0
8.00000000000000000e0,7.56101098004364758e-1,1.06816649138626249e-1,9.85978800731028948e-1
2.20791745558381081e0,5.73045933660978335e-1,2.92484080389289469e-1,8.54954900259888739e-1
7.58058589114807546e0,8.77178526525312918e-2,9.72719764809913828e-9,9.99999998716827765e-1
1.25000000000000000e0,8.24218750000000000e-1,7.85331671667452991e-1,2.92021198800538229e-1
8.00000000000000000e0,8.28124999999999889e-1,2.21190853762326389e-1,9.69234535486305115e-1
6.88976471772184595e0,8.32031250000000111e-1,2.81696140263432315e-1,9.53112498084694559e-1
1.82737585704308003e0,9.96093749999999889e-1,9.92873350739188365e-1,6.68387725355399226e-2
1.25000000000000000e0,1.00000000000000003e-300,0.00000000000000000e0,1.00000000000000000e0
8.00000000000000000e0,4.43470355312456377e-1,1.49594887207801525e-3,9.99812883893308468e-1
3.48273909965064377e0,9.30479822209235863e-1,7.78062537341060345e-1,6.49057221436910914e-1
5.87561373750213534e0,5.61679624029238767e-1,3.37358909429480505e-2,9.94176259404044971e-1
1.25000000000000000e0,8.55468750000000000e-1,8.22725933129023645e-1,2.50562553556451018e-1
8.00000000000000000e0,8.59374999999999889e-1,2.97482706523854668e-1,9.56824148173442190e-1
5.00242337182862684e0,8.63281250000000111e-1,4.79299322567932340e-1,8.77697957531946127e-1
5.30912565521430224e0,9.96093749999999889e-1,9.79435020460075467e-1,4.81137705527968362e-1
1.25000000000000000e0,1.00000000000000003e-300,0.00000000000000000e0,1.00000000000000000e0
8.00000000000000000e0,3.17633091235620668e-1,1.03611015361243589e-4,9.99987048035958281e-1
5.01222660741768777e0,5.24093339026876492e-2,3.81404587593504105e-7,9.99999923905147248e-1
6.20844685129122809e0,1.87331004813131585e-1,3.04814589609870760e-5,9.99995090261794783e-1
1.25000000000000000e0,8.86718750000000000e-1,8.60463325912574573e-1,2.06895332752845940e-1
8.00000000000000000e0,8.90624999999999889e-1,3.95875890689015686e-1,9.38946334752429834e-1
7.46030070603592321e0,8.94531250000000111e-1,4.35399575726836241e-1,9.26238186445071277e-1
6.70374625595286489e0,9.96093749999999889e-1,9.74103432037947248e-1,5.79832863965957457e-1
1.25000000000000000e0,1.00000000000000003e-300,0.00000000000000000e0,1.00000000000000000e0
8.00000000000000000e0,1.42260040588553238e-1,1.67750346602049963e-7,9.99999979031205188e-1
5.46558672474930063e0,8.34381668373680441e-1,3.71716845571098187e-1,9.18480445545898361e-1
7.20420668862061575e0,9.76036531133104290e-1,8.39675363458742829e-1,7.75617937999871554e-1
1.25000000000000000e0,9.17968750000000000e-1,8.98534736537033307e-1,1.60344441735066956e-1
8.00000000000000000e0,9.21874999999999889e-1,5.21646504141134115e-1,9.11944942231428746e-1
2.10333747754339129e0,9.25781250000000111e-1,8.50267975158101486e-1,4.05429963898991219e-1
1.41474315314553678e0,9.96093749999999889e-1,9.94478139560377894e-1,2.53519257915042900e-2
1.25000000000000000e0,1.00000000000000003e-300,0.00000000000000000e0,1.00000000000000000e0
8.00000000000000000e0,1.15935522353538545e-1,3.26386498190709232e-8,9.99999995920168749e-1
4.89927738759433851e0,4.09494414898290415e-1,1.25978174268684094e-2,9.97415648743888994e-1
7.16631134215276688e0,6.68043891369052290e-1,5.55262141719566130e-2,9.92060036410623791e-1
1.25000000000000000e0,9.49218750000000000e-1,9.36931597111686498e-1,1.09609820522388726e-1
8.00000000000000000e0,9.53124999999999889e-1,6.81081193211528602e-1,8.66882061867334075e-1
4.88753359473776072e0,9.57031250000000111e-1,8.06818348123787499e-1,7.14343447882093141e-1
1.98281853320077062e0,9.96093749999999889e-1,9.92269483226347560e-1,8.60904035453513017e-2
1.25000000000000000e0,1.00000000000000003e-300,0.00000000000000000e0,1.00000000000000000e0
8.00000000000000000e0,9.55819984292247682e-1,6.96640713392479460e-1,8.61478933627453647e-1
2.91544530953979120e0,2.23110172282758867e-2,1.53178759468263536e-5,9.99994745930244178e-1
6.93173366284463555e0,4.31379909928182315e-1,2.94405679655139864e-3,9.99574742446712516e-1
1.25000000000000000e0,9.80468750000000000e-1,9.75645835697024788e-1,5.11986589133527348e-2
8.00000000000000000e0,9.84374999999999889e-1,8.81626435029832511e-1,7.65873144018787477e-1
3.33555341797182336e0,9.88281250000000111e-1,9.61443617229530756e-1,3.76800270270375770e-1
7.76368365046801046e0,9.96093749999999889e-1,9.70070745955921465e-1,6.36375983513030152e-1
1.25000000000000000e0,1.00000000000000003e-300,0.00000000000000000e0,1.00000000000000000e0
8.00000000000000000e0,1.92012389561568853e-3,1.84771089227397664e-22,1.00000000000000000e0
4.86925729387439787e0,3.47648652414136450e-1,5.83035873985894397e-3,9.98799835037402550e-1
6.63157658290583640e0,6.22508633064171590e-1,4.31379312343065785e-2,9.93372655142238270e-1
1.25000000000000000e0,1.56250000000000000e-2,5.52427172801990204e-3,9.95578135800088027e-1
8.00000000000000000e0,1.95312499999999965e-2,2.11758236813574769e-14,9.99999999999997335e-1
2.47496818943182006e0,2.34375000000000035e-2,9.23809203470545687e-5,9.99962672868332736e-1
3.21156107162823901e0,9.96093749999999889e-1,9.87508942355454500e-1,2.55463276654919136e-1
1.25000000000000000e0,1.00000000000000003e-300,0.00000000000000000e0,1.00000000000000000e0
8.00000000000000000e0,9.69087809394295618e-1,7.77866455149633262e-1,8.28565351792128535e-1
6.23062444926472381e0,3.03342462789260026e-1,5.91725631729819908e-4,9.99905005884841325e-1
5.25264153786702082e0,2.02606417306014919e-1,2.28085555356069802e-4,9.99956572970754243e-1
1.25000000000000000e0,4.68750000000000000e-2,2.18110513852054592e-2,9.82512765063412563e-1
8.00000000000000000e0,5.07812499999999931e-2,4.42208509935682930e-11,9.99999999994472422e-1
2.48913445236394182e0,5.46875000000000069e-2,7.21827981219668531e-4,9.99709945802122690e-1
7.69870409445138648e0,9.96093749999999889e-1,9.70317489060199767e-1,6.33271680384113966e-1
1.25000000000000000e0,1.00000000000000003e-300,0.00000000000000000e0,1.00000000000000000e0
8.00000000000000000e0,2.55595753997113206e-1,1.82149959805115371e-5,9.99997723107357683e-1
4.65875158028211445e0,5.55384968401995138e-2,1.41701966976618941e-6,9.99999695836870983e-1
6.70862694701645523e0,3.59382719875611656e-1,1.04327547050406103e-3,9.99844418408162072e-1
1.25000000000000000e0,7.81250000000000000e-2,4.13035649781470365e-2,9.66818361818216454e-1
8.00000000000000000e0,8.20312499999999861e-2,2.05038131444049201e-9,9.99999999743702350e-1
2.70056939893402159e0,8.59375000000000139e-2,1.32338575832216792e-3,9.99509756137029304e-1
7.86669727711705491e0,9.96093749999999889e-1,9.69679706853548873e-1,6.41210697117643669e-1
1.25000000000000000e0,1.00000000000000003e-300,0.00000000000000000e0,1.00000000000000000e0
8.00000000000000000e0,1.54096098158333916e-1,3.17931191232056291e-7,9.99999960258595610e-1
6.61222480004653335e0,8.32436026889809000e-1,2.97400731391197604e-1,9.48018546641484217e-1
5.40585282305255532e0,3.66891416620092059e-1,4.42541592179796980e-3,9.99179885532215595e-1
1.25000000000000000e0,1.09375000000000000e-1,6.28995563927282897e-2,9.49355596166257643e-1
8.00000000000000000e0,1.13281249999999986e-1,2.71184123855198237e-8,9.99999996610198449e-1
5.79887019976740703e0,1.17187500000000014e-1,3.98624012788403688e-6,9.99999312582181443e-1
4.74694874195847660e0,9.96093749999999889e-1,9.81592447723134365e-1,4.31023772252852155e-1
1.25000000000000000e0,1.00000000000000003e-300,0.00000000000000000e0,1.00000000000000000e0
8.00000000000000000e0,3.53773299866588786e-1,2.45358111566185372e-4,9.99969326943328851e-1
1.75325198675272986e0,9.11648066576162819e-1,8.50289831294782972e-1,3.38523780745697112e-1
7.89987377030774951e0,3.02988113944593351e-1,8.00437881684970402e-5,9.99989867358817786e-1
1.25000000000000000e0,1.40625000000000000e-1,8.61148737697211009e-2,9.30493379133953469e-1
8.00000000000000000e0,1.44531249999999972e-1,1.90411892737592032e-7,9.99999976198511442e-1
1.51183126406976953e0,1.48437500000000028e-1,5.59131243708981263e-2,9.62657223878570556e-1
7.78416047280188650e0,9.96093749999999889e-1,9.69993003506986917e-1,6.37345408210542308e-1
1.25000000000000000e0,1.00000000000000003e-300,0.00000000000000000e0,1.00000000000000000e0
8.00000000000000000e0,6.14684704455612518e-1,2.03807072924748998e-2,9.97429402206687410e-1
4.76800986099988222e0,7.08757562097162008e-2,3.30492588971787197e-6,9.99999306853319947e-1
5.29986001132056117e0,6.47442196091105870e-1,9.98600392295021649e-2,9.80345197210395813e-1
1.25000000000000000e0,1.71875000000000000e-1,1.10666427132481787e-1,9.10440880236913719e-1
8.00000000000000000e0,1.75781249999999972e-1,9.11549773956588404e-7,9.99999886056232801e-1
7.18314373079920188e0,1.79687500000000028e-1,4.41666729554081449e-6,9.99999385133326424e-1
3.46284130442654714e0,9.96093749999999889e-1,9.86538219021791285e-1,2.88218500295661317e-1
1.25000000000000000e0,1.00000000000000003e-300,0.00000000000000000e0,1.00000000000000000e0
8.00000000000000000e0,9.61988593326168484e-1,7.33431198220977132e-1,8.47668734674457580e-1
5.03206696669803932e0,2.58379611159398337e-2,1.02418200148370300e-8,9.99999997964689191e-1
6.36415979039156809e0,8.54103555234360101e-1,3.66540583303361145e-1,9.30773666768645258e-1
1.25000000000000000e0,2.03125000000000000e-1,1.36365410100290824e-1,8.89332211190383637e-1
8.00000000000000000e0,2.07031249999999972e-1,3.37510458011362288e-6,9.99999578111304466e-1
7.70295309228822589e0,2.10937500000000028e-1,6.22283637276655059e-6,9.99999192147070559e-1
2.17013051855610684e0,9.96093749999999889e-1,9.91542296962490632e-1,1.10885366655894310e-1
1.25000000000000000e0,1.00000000000000003e-300,0.00000000000000000e0,1.00000000000000000e0
8.00000000000000000e0,3.46894687891108333e-2,2.09691678093503187e-12,9.99999999999737876e-1
4.28920118551468477e0,5.92586967482020555e-1,1.05995644700142458e-1,9.74215746741486477e-1
7.06540014041820541e0,6.94711084233858855e-1,7.62576770129197584e-2,9.88835945710137443e-1
1.25000000000000000e0,2.34375000000000000e-1,1.63075645530101981e-1,8.67259298261020328e-1
8.00000000000000000e0,2.38281249999999972e-1,1.03924742616505219e-5,9.99998700934810802e-1
5.18991085537709296e0,2.42187500000000028e-1,6.36505774618793363e-4,9.99877325566192132e-1
5.89835067978128791e0,9.96093749999999889e-1,9.77178881838926872e-1,5.26834510040697923e-1
1.25000000000000000e0,1.00000000000000003e-300,0.00000000000000000e0,1.00000000000000000e0
8.00000000000000000e0,3.92241309418750461e-2,5.60307763971721264e-12,9.99999999999299560e-1
6.58337877050507814e0,1.34962180577531399e-1,1.87869688597091589e-6,9.99999714630063319e-1
2.99789580592187122e0,6.30197548080104752e-1,2.50525574832080322e-1,9.08286732128043006e-1
1.25000000000000000e0,2.65625000000000000e-1,1.90693629247813717e-1,8.44287515293758339e-1
8.00000000000000000e0,2.69531249999999944e-1,2.78530656887526136e-5,9.99996518324361983e-1
7.93982953735394403e0,2.73437500000000056e-1,3.37869592335389248e-5,9.99995744561268496e-1
4.69908874487737194e0,9.96093749999999889e-1,9.81776336067439637e-1,4.26432918671052374e-1
1.25000000000000000e0,1.00000000000000003e-300,0.00000000000000000e0,1.00000000000000000e0
8.00000000000000000e0,4.79408680989763525e-1,2.79027591737163053e-3,9.99650788989142947e-1
3.54232713894452900e0,7.15875672085530823e-3,2.51844822351412270e-8,9.99999992890413081e-1
2.28612106479704380e0,9.45372710220908630e-1,8.79479346402816220e-1,3.96310822816215214e-1
1.25000000000000000e0,2.96875000000000000e-1,2.19137666996119529e-1,8.20464092898713582e-1
8.00000000000000000e0,3.00781249999999944e-1,6.69893985957587267e-5,9.99991626079750784e-1
3.74696963845053688e0,3.04687500000000056e-1,1.16417695258669469e-2,9.96879668780351724e-1
4.14019920566352084e0,9.96093749999999889e-1,9.83926260887429405e-1,3.68736182809457635e-1
1.25000000000000000e0,1.00000000000000003e-300,0.00000000000000000e0,1.00000000000000000e0
8.00000000000000000e0,4.08510104898596182e-1,7.75572550018208151e-4,9.99903020520063301e-1
1.33942630910314620e0,9.83794830926854047e-1,9.78354280135154908e-1,5.71752734281313069e-2
2.22206679702503607e0,1.39127312559139682e-1,1.24912277504972153e-2,9.94359119672030056e-1
1.25000000000000000e0,3.28125000000000000e-1,2.48341414784128550e-1,7.95823020655757829e-1
8.00000000000000000e0,3.32031249999999944e-1,1.47717409614533463e-4,9.99981534130383043e-1
4.50637430127244443e0,3.35937500000000056e-1,7.33066571198080254e-3,9.98368607812729181e-1
7.88575415580999106e0,9.96093749999999889e-1,9.69607384336899969e-1,6.42093648553229923e-1
1.25000000000000000e0,1.00000000000000003e-300,0.00000000000000000e0,1.00000000000000000e0
8.00000000000000000e0,3.22234415875755076e-1,1.16245294760540055e-4,9.99985468599110749e-1
6.47471344133373350e0,7.38971962264258764e-1,1.41059939310047011e-1,9.76789004709425090e-1
1.50900245032971725e0,3.02095012038989807e-1,1.64261335726353264e-1,8.87885450017735778e-1
1.25000000000000000e0,3.59375000000000000e-1,2.78249778662878366e-1,7.70388055410965444e-1
8.00000000000000000e0,3.63281249999999944e-1,3.03349906861102880e-4,9.99962076228280483e-1
1.33577294397400692e0,3.67187500000000056e-1,2.62294397041511362e-1,7.96330375465871709e-1
2.69471521687228233e0,9.96093749999999889e-1,9.89508578884976897e-1,1.84305413506328730e-1
1.25000000000000000e0,1.00000000000000003e-300,0.00000000000000000e0,1.00000000000000000e0
8.00000000000000000e0,8.57477601857681293e-2,2.92268679493770529e-9,9.99999999634664127e-1
1.45325798459816724e0,6.21300604734642548e-1,5.00742157316121927e-1,6.20032743154845578e-1
1.28057469334453344e0,8.85934637144600856e-1,8.56335452766855521e-1,2.19773245281361801e-1
1.25000000000000000e0,3.90625000000000000e-1,3.08816177750818266e-1,7.44174615330396083e-1
8.00000000000000000e0,3.94531249999999944e-1,5.87017796366229696e-4,9.99926603923777635e-1
5.73704247770365328e0,3.98437500000000056e-1,5.09623596741238909e-3,9.99109821537939591e-1
7.73492322635138407e0,9.96093749999999889e-1,9.70179948507860934e-1,6.35007274362852869e-1
1.25000000000000000e0,1.00000000000000003e-300,0.00000000000000000e0,1.00000000000000000e0
8.00000000000000000e0,9.39169810021667217e-1,6.05275351380808790e-1,8.90300835319257633e-1
5.93556593696121126e0,1.80869977302791085e-1,3.90885714958703781e-5,9.99993414409480752e-1
3.08211955259321257e0,4.74446730095223757e-2,8.31479372716161088e-5,9.99973021723788325e-1
1.25000000000000000e0,4.21875000000000000e-1,3.40000642491042560e-1,7.17190965706835715e-1
8.00000000000000000e0,4.25781249999999944e-1,1.08017037246697987e-3,9.99864914852704345e-1
7.77029845881043002e0,4.29687500000000056e-1,1.41087047251514533e-3,9.99818316061572121e-1
3.80718339729355648e0,9.96093749999999889e-1,9.85209537000524715e-1,3.30616792138919868e-1
1.25000000000000000e0,1.00000000000000003e-300,0.00000000000000000e0,1.00000000000000000e0
8.00000000000000000e0,6.76608462254080223e-2,4.39237490079190148e-10,9.99999999945095253e-1
6.74882326577790082e0,6.83484251749177929e-2,1.36706345415917527e-8,9.99999997974367671e-1
1.84347354935016483e0,3.52644706385945028e-1,1.46395731104144888e-1,9.17719249016018090e-1
1.25000000000000000e0,4.53125000000000000e-1,3.71768449267294687e-1,6.89438917458601086e-1
8.00000000000000000e0,4.57031249999999944e-1,1.90356263510270754e-3,9.99761856271600191e-1
2.73335196101106703e0,4.60937500000000056e-1,1.20396903078936024e-1,9.54151291509831578e-1
5.33907611260656267e0,9.96093749999999889e-1,9.79320214804423550e-1,4.83620381960025103e-1
1.25000000000000000e0,1.00000000000000003e-300,0.00000000000000000e0,1.00000000000000000e0
8.00000000000000000e0,3.23272599534902838e-1,1.19275477610470933e-4,9.99985089787221337e-1
5.29571839194977656e0,6.69249754946577013e-1,1.19224177032030240e-1,9.76312459583326686e-1
3.41799839172745124e0,4.16576476918635308e-1,5.01322552564230917e-2,9.85065093329889896e-1
1.25000000000000000e0,4.84375000000000000e-1,4.04089113007527145e-1,6.60914158780162464e-1
8.00000000000000000e0,4.88281249999999944e-1,3.23117426778526126e-3,9.99595531096648449e-1
1.82692930067423731e0,4.92187500000000056e-1,2.73869920333903560e-1,8.39312992214125586e-1
3.94986205000896007e0,9.96093749999999889e-1,9.84659520142246780e-1,3.47298317750778462e-1
1.25000000000000000e0,1.00000000000000003e-300,0.00000000000000000e0,1.00000000000000000e0
8.00000000000000000e0,7.83945637654142047e-1,1.42655191872760101e-1,9.80944508513238222e-1
5.66009949991712347e0,3.77624739685415989e-1,4.03756941332072874e-3,9.99285472484326531e-1
4.76318817277206108e0,4.78240809575254389e-1,2.97917922371293623e-2,9.93670465267999403e-1
1.25000000000000000e0,5.15625000000000000e-1,4.36935626566079705e-1,6.31606279851538499e-1
8.00000000000000000e0,5.19531249999999889e-1,5.30754158083958719e-3,9.99335011625751668e-1
1.68584066617768258e0,5.23437500000000111e-1,3.35776967745622823e-1,7.84514385861311281e-1
7.97012795478804037e0,9.96093749999999889e-1,9.69287243215781746e-1,6.45960792671535056e-1
1.25000000000000000e0,1.00000000000000003e-300,0.00000000000000000e0,1.00000000000000000e0
8.00000000000000000e0,6.03687783059285721e-1,1.76400209410207259e-2,9.97777790228704387e-1
2.60816017218166962e0,3.34069683058260125e-1,5.72915797501319310e-2,9.77633289806051908e-1
2.34730695676989853e0,6.47447820642810257e-1,3.60445535799510774e-1,8.26608607595731737e-1
1.25000000000000000e0,5.46875000000000000e-1,4.70283874956108405e-1,6.01498508477506300e-1
8.00000000000000000e0,5.50781249999999889e-1,8.46902039533730007e-3,9.98937429138432864e-1
7.91639301943359897e0,5.54687500000000111e-1,9.41426404116678384e-3,9.98805869084352760e-1
7.23373874812386930e0,9.96093749999999889e-1,9.72084907272689147e-1,6.09748982794113270e-1
1.25000000000000000e0,1.00000000000000003e-300,0.00000000000000000e0,1.00000000000000000e0
8.00000000000000000e0,9.29773702091551968e-1,5.58493427745203386e-1,9.02853210281571950e-1
5.51618341897847131e0,8.09154077801395033e-1,3.10944858459898998e-1,9.34712199099477226e-1
3.47010869736550376e0,3.41498709785810206e-1,2.40330751160606065e-2,9.93014192347311142e-1
1.25000000000000000e0,5.78125000000000000e-1,5.04112176430125403e-1,5.70567139069837692e-1
8.00000000000000000e0,5.82031249999999889e-1,1.31695345139721115e-2,9.98344244553811655e-1
1.54246847436297685e0,5.85937500000000111e-1,4.38447844397586439e-1,6.87902245554169456e-1
3.51696656562853605e0,9.96093749999999889e-1,9.86329252088124053e-1,2.95079297721360378e-1
1.25000000000000000e0,1.00000000000000003e-300,0.00000000000000000e0,1.00000000000000000e0
8.00000000000000000e0,7.61626908583821205e-1,1.13223932712011560e-1,9.85091894093388820e-1
4.52737957012141123e0,9.42612332987664558e-1,7.65237565600706438e-1,7.26081719268160231e-1
6.05128844093997031e0,5.83171105204201012e-1,3.82616792892474800e-2,9.93573700432963336e-1
1.25000000000000000e0,6.09375000000000000e-1,5.38400917495806319e-1,5.38780599939147065e-1
8.00000000000000000e0,6.13281249999999889e-1,2.00114010959524594e-2,9.97476397008866256e-1
3.13118243712233379e0,6.17187500000000111e-1,2.20677356131158714e-1,9.23459707275825048e-1
3.30202461610315368e0,9.96093749999999889e-1,9.87159361689863069e-1,2.67421213391978663e-1
1.25000000000000000e0,1.00000000000000003e-300,0.00000000000000000e0,1.00000000000000000e0
8.00000000000000000e0,1.39791141391469864e-1,1.45826753468303556e-7,9.99999981771654611e-1
1.62760444765444845e0,9.05398050667827192e-1,8.50651883497555827e-1,3.10905506463401982e-1
1.97333520289976150e0,7.01417755435613799e-1,4.96661515147725108e-1,7.06180552474494960e-1
1.25000000000000000e0,6.40625000000000000e-1,5.73132258761322788e-1,5.06098055661491464e-1
8.00000000000000000e0,6.44531249999999889e-1,2.97818609238130194e-2,9.96227839150846228e-1
3.26839250465855002e0,6.48437500000000111e-1,2.42723140383574953e-1,9.18452428108362806e-1
4.86669331317534670e0,9.96093749999999889e-1,9.81132514347948459e-1,4.42279289543371534e-1
1.25000000000000000e0,1.00000000000000003e-300,0.00000000000000000e0,1.00000000000000000e0
8.00000000000000000e0,3.97475060303804639e-1,6.22987124801140102e-4,9.99922105376204517e-1
6.90641584509285167e0,5.26402751152090786e-1,1.18934337569806432e-2,9.98269092270075320e-1
2.29952368396334350e0,4.27655717567176907e-1,1.41805333629983960e-1,9.35660475973716710e-1
1.25000000000000000e0,6.71875000000000000e-1,6.08289895048640505e-1,4.72467369935627157e-1
8.00000000000000000e0,6.75781249999999889e-1,4.34959782208731022e-2,9.94456635782532294e-1
4.50257103471085429e0,6.79687500000000111e-1,1.75776427960796344e-1,9.57974598182040893e-1
7.42041700344998389e0,9.96093749999999889e-1,9.71374922659493323e-1,6.19478251632088917e-1
1.25000000000000000e0,1.00000000000000003e-300,0.00000000000000000e0,1.00000000000000000e0
8.00000000000000000e0,9.84577722047106363e-1,8.83079978583479641e-1,7.64691232371800700e-1
5.12967776262667030e0,6.01175496285577537e-1,7.35102216259243268e-2,9.85225807812449950e-1
4.28509641089476645e0,6.73609549944558239e-1,1.83955486994182238e-1,9.53667379562779138e-1
1.25000000000000000e0,7.03125000000000000e-1,6.43858857682858554e-1,4.37822138476145040e-1
8.00000000000000000e0,7.07031249999999889e-1,6.24466113488964455e-2,9.91972199430043888e-1
2.34960250230506063e0,7.10937500000000111e-1,4.48603585041228992e-1,7.76186424202675807e-1
2.07147747382987291e0,9.96093749999999889e-1,9.91925223297808412e-1,9.76501846921860039e-2
1.25000000000000000e0,1.00000000000000003e-300,0.00000000000000000e0,1.00000000000000000e0
8.00000000000000000e0,3.96333357712137513e-1,6.08814535777578176e-4,9.99923877905108505e-1
7.95740861212834716e0,4.59669402825966245e-1,2.06035323154692314e-3,9.99740843845506766e-1
7.02182699018158019e0,8.29948962700655102e-1,2.70142454002764598e-1,9.56144028707437865e-1
1.25000000000000000e0,7.34375000000000000e-1,6.79825349982222882e-1,4.02077299870197524e-1
8.00000000000000000e0,7.38281249999999889e-1,8.82621923863331492e-2,9.88516096504077679e-1
5.52279920957516879e0,7.42187500000000111e-1,1.92696048647205770e-1,9.61983065326948550e-1
3.80819235631497577e0,9.96093749999999889e-1,9.85205646451183914e-1,3.30736597422810641e-1
1.25000000000000000e0,1.00000000000000003e-300,0.00000000000000000e0,1.00000000000000000e0
8.00000000000000000e0,1.86199201311865181e-1,1.44484916133683117e-6,9.99999819393740719e-1
5.23095991229638457e0,1.52642344733067148e-1,5.36830026419183622e-5,9.99989737224324049e-1
5.24237944651395082e0,6.58541506500114338e-1,1.11929367387801917e-1,9.77611279555460011e-1
1.25000000000000000e0,7.65625000000000000e-1,7.16176609187199720e-1,3.65122458811706352e-1
8.00000000000000000e0,7.69531249999999889e-1,1.22973090258350931e-1,9.83731583238549701e-1
5.41509293619310483e0,7.73437500000000111e-1,2.48778144177424748e-1,9.48545647970886696e-1
1.78645704075461254e0,9.96093749999999889e-1,9.93032374252079020e-1,6.20339868458071458e-2
1.25000000000000000e0,1.00000000000000003e-300,0.00000000000000000e0,1.00000000000000000e0
8.00000000000000000e0,4.45052890609076712e-1,1.53919274951415386e-3,9.99807471220596211e-1
5.19933961477363482e0,1.73348956732297665e-1,1.10380666740601677e-4,9.99978769306197446e-1
7.13597505370853469e0,4.93354656982774031e-1,6.46237170676275136e-3,9.99091869173633906e-1
1.25000000000000000e0,7.96875000000000000e-1,7.52900789665934989e-1,3.26811316173616306e-1
8.00000000000000000e0,8.00781249999999889e-1,1.69087368760689305e-1,9.77112164690371321e-1
6.21189025131752715e0,8.04687500000000111e-1,2.59278715035199225e-1,9.52833078671296851e-1
4.01320834661601111e0,9.96093749999999889e-1,9.84415422756798275e-1,3.54536387718702828e-1
1.25000000000000000e0,1.00000000000000003e-300,0.00000000000000000e0,1.00000000000000000e0
8.00000000000000000e0,8.58494399835763033e-4,2.95052794307715285e-25,1.00000000000000000e0
2.45073004986625165e0,4.71465925957090803e-1,1.58385297071693770e-1,9.32058370429280303e-1
2.25163122219964862e0,1.89612460235366598e-1,2.36604230325524467e-2,9.89421910698954798e-1
1.25000000000000000e0,8.28125000000000000e-1,7.89986863405912398e-1,2.86944013831711642e-1
8.00000000000000000e0,8.32031249999999889e-1,2.29676787490196654e-1,9.67908097354055696e-1
2.33544795570196584e0,8.35937500000000111e-1,6.58022856402640688e-1,6.31633702268056374e-1
7.52385130210313946e0,9.96093749999999889e-1,9.70981759147086065e-1,6.24701584345408456e-1
1.25000000000000000e0,1.00000000000000003e-300,0.00000000000000000e0,1.00000000000000000e0
8.00000000000000000e0,1.13914535950243589e-1,2.83552292332636208e-8,9.99999996455596341e-1
3.32850878930184990e0,6.24605251273351314e-1,2.08771661181516494e-1,9.32065274195314597e-1
1.38848647789563984e0,1.52058828107328736e-1,7.31533504650930672e-2,9.46757582967864608e-1
1.25000000000000000e0,8.59375000000000000e-1,8.27424534673318335e-1,2.45235445854453643e-1
8.00000000000000000e0,8.63281249999999889e-1,3.08473930365736337e-1,9.54939965757750642e-1
2.70722783665405586e0,8.67187500000000111e-1,6.79919999032055133e-1,6.56525554536326217e-1
5.74787479359656572e0,9.96093749999999889e-1,9.77754558372915694e-1,5.15771548718897854e-1
1.25000000000000000e0,1.00000000000000003e-300,0.00000000000000000e0,1.00000000000000000e0
8.00000000000000000e0,5.88662047830439406e-1,1.44187726917270713e-2,9.98186180293750613e-1
5.25054409808944911e0,6.41749745759625512e-1,9.74013868938396477e-2,9.80671764341992769e-1
6.23725216049933806e0,1.49111134887789376e-1,6.99799992807206420e-6,9.99998878028287352e-1
1.25000000000000000e0,8.90625000000000000e-1,8.65204166377889994e-1,2.01252449553415397e-1
8.00000000000000000e0,8.94531249999999889e-1,4.09981383093974527e-1,9.36177532923876066e-1
3.39198912982828915e0,8.98437500000000111e-1,6.95394678664000954e-1,7.04367774965469873e-1
4.00719818886136636e0,9.96093749999999889e-1,9.84438579583128859e-1,3.53854091132925097e-1
1.25000000000000000e0,1.00000000000000003e-300,0.00000000000000000e0,1.00000000000000000e0
8.00000000000000000e0,3.18997362523987249e-1,1.07225168784129784e-4,9.99986596225104662e-1
2.35934454581001773e0,8.79759896811265207e-1,7.39155626205810323e-1,5.65764003927561432e-1
5.62593144696438685e0,5.74816380053562170e-1,4.43738795873166933e-2,9.91964720805247002e-1
1.25000000000000000e0,9.21875000000000000e-1,9.03316716180858403e-1,1.54269870207406290e-1
8.00000000000000000e0,9.25781249999999889e-1,5.39593917605389439e-1,9.07596122003545003e-1
3.37629364157328382e0,9.29687500000000111e-1,7.81801296941835644e-1,6.37058630153806926e-1
7.10883986752014607e0,9.96093749999999889e-1,9.72560219023496875e-1,6.03013611650524917e-1
1.25000000000000000e0,1.00000000000000003e-300,0.00000000000000000e0,1.00000000000000000e0
8.00000000000000000e0,7.14570463228483277e-1,6.79767638476486413e-2,9.91238912329969968e-1
3.00662671058671549e0,7.66396675699070329e-1,4.49360758980572816e-1,8.19997947390115445e-1
2.50077833817340434e0,5.88881504377241072e-1,2.66005606028440478e-1,8.83677541857127880e-1
1.25000000000000000e0,9.53125000000000000e-1,9.41753680768353973e-1,1.02852484961291013e-1
8.00000000000000000e0,9.57031249999999889e-1,7.03734678156666016e-1,8.58934609762711743e-1
1.50371087522944435e0,9.60937500000000111e-1,9.41842961334568241e-1,1.50811343473254672e-1
7.24364633683580905e0,9.96093749999999889e-1,9.72047213170855295e-1,6.10275380955417779e-1
1.25000000000000000e0,1.00000000000000003e-300,0.00000000000000000e0,1.00000000000000000e0
8.00000000000000000e0,8.37853676866870956e-1,2.42854099504989568e-1,9.65822785344863766e-1
5.71438773832051083e0,6.86999116487641004e-2,2.25900216687786327e-7,9.99999960468164195e-1
4.44660183863015845e0,2.12003083238414547e-1,1.01044315446328242e-3,9.99772671554745918e-1
1.25000000000000000e0,9.84375000000000000e-1,9.80507047011742516e-1,4.28451934758070502e-2
8.00000000000000000e0,9.88281249999999889e-1,9.10006400466469967e-1,7.40076225294282630e-1
4.09537477663252503e0,9.92187500000000111e-1,9.68389640863391077e-1,4.30220900763045810e-1
7.04942844540346414e0,9.96093749999999889e-1,9.72786395062382070e-1,5.99743900595369417e-1
1.25000000000000000e0,1.00000000000000003e-300,0.00000000000000000e0,1.00000000000000000e0
8.00000000000000000e0,3.90600160922076611e-1,5.41825378447408730e-4,9.99932255767386535e-1
6.63887196930591017e0,1.32851504235986795e-1,1.51405715948745747e-6,9.99999771940453086e-1
1.77829109731828794e0,1.64298484369282960e-1,4.02872976902432095e-2,9.77141253370501617e-1
1.25000000000000000e0,1.95312500000000000e-2,7.30150772080674117e-3,9.94154516355638895e-1
8.00000000000000000e0,2.34374999999999965e-2,9.10521658070705498e-14,9.99999999999988565e-1
2.95547106966841966e0,2.73437500000000035e-2,2.39982328007358722e-5,9.99991880000594469e-1
3.64201212429907173e0,9.96093749999999889e-1,9.85846645147309464e-1,3.10652605406418925e-1
1.25000000000000000e0,1.00000000000000003e-300,0.00000000000000000e0,1.00000000000000000e0
8.00000000000000000e0,8.81749927539203782e-1,3.65395724363882457e-1,9.44741241227204043e-1
1.54163475893437862e0,8.80832729490066413e-1,8.22329399306088504e-1,3.26027384406426757e-1
7.74149245495209470e0,4.61571553528301592e-1,2.51599067551761717e-3,9.99674642676759651e-1
1.25000000000000000e0,5.07812500000000000e-2,2.41062265503000431e-2,9.80668075642544435e-1
8.00000000000000000e0,5.46874999999999931e-2,8.00026850322765106e-11,9.99999999989999666e-1
5.54278676712419838e0,5.85937500000000069e-2,1.48068424659998810e-7,9.99999973286283650e-1
6.40665387222543359e0,9.96093749999999889e-1,9.75236768243109675e-1,5.61426678364636444e-1
1.25000000000000000e0,1.00000000000000003e-300,0.00000000000000000e0,1.00000000000000000e0
8.00000000000000000e0,3.34872853363776812e-1,1.58139201415340689e-4,9.99980231232062478e-1
7.43015988619299605e0,8.08759213259691023e-1,2.06577122231189042e-1,9.69336756612025119e-1
7.60807303240289912e0,1.50605835383430531e-1,5.55853526873785447e-7,9.99999926938968775e-1
1.25000000000000000e0,8.20312500000000000e-2,4.39009746108296045e-2,9.64722261870867515e-1
8.00000000000000000e0,8.59374999999999861e-2,2.97482706523854628e-9,9.99999999628146563e-1
7.73136030876776204e0,8.98437500000000139e-2,8.11031385416057401e-9,9.99999998950984903e-1
3.04748100927099586e0,9.96093749999999889e-1,9.88143317205977811e-1,2.33340728414214521e-1
1.25000000000000000e0,1.00000000000000003e-300,0.00000000000000000e0,1.00000000000000000e0
8.00000000000000000e0,5.17593727258827130e-1,5.15124297979308119e-3,9.99354638788693461e-1
3.22382121277041733e0,3.47403833434327680e-1,3.30927504120977073e-2,9.89615532362839279e-1
2.05946066614706069e0,2.37447928266192321e-1,5.17615949106251458e-2,9.74522764152895626e-1
1.25000000000000000e0,1.13281250000000000e-1,6.57199978770277582e-2,9.47069046169115247e-1
8.00000000000000000e0,1.17187499999999986e-1,3.55672522683869399e-8,9.99999995554093357e-1
2.38426530337892473e0,1.21093750000000014e-1,6.51506795411341960e-3,9.97262287810047554e-1
6.92067328322445974e0,9.96093749999999889e-1,9.73276739463661000e-1,5.92507703259629981e-1
1.25000000000000000e0,1.00000000000000003e-300,0.00000000000000000e0,1.00000000000000000e0
8.00000000000000000e0,9.14202973499413929e-1,4.87911479446918761e-1,9.19746470787666026e-1
2.42525895329890773e0,1.05501923744668602e-1,4.27714022234888802e-3,9.98234197696336811e-1
5.06048638827633113e0,1.22603634576989862e-1,2.43996493135486255e-5,9.99995178351191227e-1
1.25000000000000000e0,1.44531250000000000e-1,8.91152846081127298e-2,9.28048625278153350e-1
8.00000000000000000e0,1.48437499999999972e-1,2.35694284103637675e-7,9.99999970538211436e-1
5.01597954012686387e0,1.52343750000000028e-1,7.96278742889815590e-5,9.99984124653612971e-1
7.96209706581430510e0,9.96093749999999889e-1,9.69317710419342560e-1,6.45595640619238464e-1
1.25000000000000000e0,1.00000000000000003e-300,0.00000000000000000e0,1.00000000000000000e0
8.00000000000000000e0,4.86114200471092772e-1,3.11821792466777416e-3,9.99609689978743110e-1
6.86889206263003871e0,8.39846447975105548e-1,3.01534649560425805e-1,9.49095696081668661e-1
1.82985977223142982e0,7.33884627375118725e-1,5.67698438448762777e-1,6.32355272489086295e-1
1.25000000000000000e0,1.75781250000000000e-1,1.13819241098643373e-1,9.07857849642651149e-1
8.00000000000000000e0,1.79687499999999972e-1,1.08678323675059791e-6,9.99999864152030793e-1
7.78760808630613610e0,1.83593750000000028e-1,1.85017910493459084e-6,9.99999762419914284e-1
3.76496449753176421e0,9.96093749999999889e-1,9.85372346990831871e-1,3.25580206363829672e-1
1.25000000000000000e0,1.00000000000000003e-300,0.00000000000000000e0,1.00000000000000000e0
8.00000000000000000e0,9.22584577383531723e-1,5.24867307604819922e-1,9.11175144311630270e-1
4.12809133436530828e0,9.13340393344697077e-1,6.87840979441426636e-1,7.54251615631060135e-1
5.40868689696071669e0,5.94855978479245096e-1,6.02371234894116120e-2,9.88579069466122284e-1
1.25000000000000000e0,2.07031250000000000e-1,1.39651267040652866e-1,8.86624277108031489e-1
8.00000000000000000e0,2.10937499999999972e-1,3.91949717794270590e-6,9.99999510062012598e-1
5.75172784237656742e0,2.14843750000000028e-1,1.44062742258994480e-4,9.99974951645864363e-1
3.90103989635827020e0,9.96093749999999889e-1,9.84847691778589995e-1,3.41649246850328936e-1
1.25000000000000000e0,1.00000000000000003e-300,0.00000000000000000e0,1.00000000000000000e0
8.00000000000000000e0,8.85583338294964051e-1,3.78299263444931810e-1,9.42318402967885604e-1
7.98575042776064947e0,1.84803537872539891e-1,1.39357810216765033e-6,9.99999825491797667e-1
5.86934409016976133e0,3.78658987874587183e-1,3.34652423461746003e-3,9.99429036830124629e-1
1.25000000000000000e0,2.38281250000000000e-1,1.66480103469673568e-1,8.64435864300804213e-1
8.00000000000000000e0,2.42187499999999972e-1,1.18362408407929230e-5,9.99998520462233365e-1
2.74398080253740773e0,2.46093750000000028e-1,2.13398662058240096e-2,9.92169664947201935e-1
3.49870577966794372e0,9.96093749999999889e-1,9.86399748424733103e-1,2.92772602196923026e-1
1.25000000000000000e0,1.00000000000000003e-300,0.00000000000000000e0,1.00000000000000000e0
8.00000000000000000e0,4.08960107533857808e-1,7.82433741678010804e-4,9.99902162286081198e-1
4.80717009794898331e0,7.68590789616609982e-1,2.82174177026948914e-1,9.33358989840092690e-1
4.52870303596137092e0,7.47355166404304327e-1,2.67449337908727325e-1,9.33585923859586275e-1
1.25000000000000000e0,2.69531250000000000e-1,1.94205447050818769e-1,8.41355352279807511e-1
8.00000000000000000e0,2.73437499999999944e-1,3.12510488407329948e-5,9.99996093565484467e-1
4.19559584336820990e0,2.77343750000000056e-1,4.60394624883822545e-3,9.98900742479972181e-1
5.24825782974949107e0,9.96093749999999889e-1,9.79668379590176719e-1,4.76036302999632566e-1
1.25000000000000000e0,1.00000000000000003e-300,0.00000000000000000e0,1.00000000000000000e0
8.00000000000000000e0,1.80288658825702441e-1,1.11621348275071344e-6,9.99999860473246516e-1
2.00581828429130837e0,3.98113135452149436e-2,1.55549082560086619e-3,9.99224207919010010e-1
6.04995587392477319e0,3.92178210399833915e-1,3.47210518551096170e-3,9.99425260713520336e-1
1.25000000000000000e0,3.00781250000000000e-1,2.22747813574441428e-1,8.17428097983515345e-1
8.00000000000000000e0,3.04687499999999944e-1,7.42740488624131804e-5,9.99990715442187206e-1
6.06629511906066909e0,3.08593750000000056e-1,7.98861726508928315e-4,9.99868267479462114e-1
7.98548883380135521e0,9.96093749999999889e-1,9.69228970513183463e-1,6.46657525831616509e-1
1.25000000000000000e0,1.00000000000000003e-300,0.00000000000000000e0,1.00000000000000000e0
8.00000000000000000e0,7.28587362100370228e-1,7.94059544778488169e-2,9.89711280290749729e-1
3.48930827795993537e0,1.20482021065981826e-2,2.01254731958093751e-7,9.99999942322451818e-1
6.81808149314019829e0,2.75573002045348403e-2,2.31956468574990068e-11,9.99999999996597944e-1
1.25000000000000000e0,3.32031250000000000e-1,2.52042454609784139e-1,7.92686675652972017e-1
8.00000000000000000e0,3.35937499999999944e-1,1.62206363307784490e-4,9.99979722765563017e-1
6.30947350640781224e0,3.39843750000000056e-1,1.10311065976747571e-3,9.99825084771093775e-1
7.67804631416220218e0,9.96093749999999889e-1,9.70395944799685162e-1,6.32275773526306151e-1
1.25000000000000000e0,1.00000000000000003e-300,0.00000000000000000e0,1.00000000000000000e0
8.00000000000000000e0,1.04248931006623025e-1,1.39499574353748410e-8,9.99999998256255296e-1
4.30192516912939027e0,1.52119709960061300e-1,3.03265613875591139e-4,9.99929496468703771e-1
1.56802268535830081e0,8.11460399577299540e-1,7.20657840405292793e-1,4.43379723974630158e-1
1.25000000000000000e0,3.63281250000000000e-1,2.82035469056296673e-1,7.67153713649988411e-1
8.00000000000000000e0,3.67187499999999944e-1,3.30447983722961369e-4,9.99958688029151888e-1
4.03245127841364592e0,3.71093750000000056e-1,1.83638507168226647e-2,9.95414196574271992e-1
6.94565690978197381e0,9.96093749999999889e-1,9.73181573808772682e-1,5.93928134562988985e-1
1.25000000000000000e0,1.00000000000000003e-300,0.00000000000000000e0,1.00000000000000000e0
8.00000000000000000e0,4.59955429787441972e-1,2.00320779122236227e-3,9.99749379298678686e-1
2.36562805628636852e0,3.58013306895372807e-1,8.80422957561175362e-2,9.61790481843172285e-1
1.70268480572849512e0,3.98255545474057726e-1,2.08545885695490624e-1,8.71655047699273489e-1
1.25000000000000000e0,3.94531250000000000e-1,3.12681193214836672e-1,7.40843682777883261e-1
8.00000000000000000e0,3.98437499999999944e-1,6.35157823147838212e-4,9.99920583201014512e-1
5.39847142732469365e0,4.02343750000000056e-1,7.33549799203530445e-3,9.98637111104726083e-1
7.98044565902091563e0,9.96093749999999889e-1,9.69248101807044460e-1,6.46429025420389380e-1
1.25000000000000000e0,1.00000000000000003e-300,0.00000000000000000e0,1.00000000000000000e0
8.00000000000000000e0,5.09665907020462328e-2,4.55286389027660753e-11,9.99999999994308886e-1
4.45472574786981568e0,7.88870847832185973e-1,3.47687889184830901e-1,9.08549985449689457e-1
1.75168730912264436e0,5.16932794425883912e-1,3.14793765981599527e-1,8.05886668791135352e-1
1.25000000000000000e0,4.25781250000000000e-1,3.43940379232944959e-1,7.13764011713910351e-1
8.00000000000000000e0,4.29687499999999944e-1,1.16204182235880729e-3,9.99854670871742957e-1
2.36979994637658820e0,4.33593750000000056e-1,1.38025505001906051e-1,9.39247734525329392e-1
2.67555216513574123e0,9.96093749999999889e-1,9.89582797043145557e-1,1.81603959178737506e-1
1.25000000000000000e0,1.00000000000000003e-300,0.00000000000000000e0,1.00000000000000000e0
8.00000000000000000e0,5.99124596692490741e-1,1.66011126740695479e-2,9.97909630938263015e-1
2.55918605829356238e0,5.04255852692949702e-1,1.73391758298920562e-1,9.28292695292023740e-1
5.00048954732483253e0,5.19558797009267437e-1,3.78472476996068938e-2,9.92314033749943314e-1
1.25000000000000000e0,4.57031250000000000e-1,3.75778882474969489e-1,6.85915734574214842e-1
8.00000000000000000e0,4.60937499999999944e-1,2.03768165680130514e-3,9.99745062432776166e-1
6.68628818233264610e0,4.64843750000000056e-1,5.96373997537794770e-3,9.99105793955884169e-1
2.12609626358607784e0,9.96093749999999889e-1,9.91713199681622637e-1,1.04935502751829501e-1
1.25000000000000000e0,1.00000000000000003e-300,0.00000000000000000e0,1.00000000000000000e0
8.00000000000000000e0,8.59785372445003304e-1,2.98621049482595491e-1,9.56630208648603597e-1
6.83938361023319885e0,7.83963387275434798e-1,1.89255406524378972e-1,9.69790121048789922e-1
7.56323158601298928e0,9.90434005884708313e-1,9.29881518245617711e-1,7.03716239064119065e-1
1.25000000000000000e0,4.88281250000000000e-1,4.08166690049085679e-1,6.57293781900529228e-1
8.00000000000000000e0,4.92187499999999944e-1,3.44385326183528325e-3,9.99568868342150640e-1
3.72425124270375818e0,4.96093750000000056e-1,7.34857174552330794e-2,9.79714308309209914e-1
7.05985803075600415e0,9.96093749999999889e-1,9.72746686394614812e-1,6.00321017273570012e-1
1.25000000000000000e0,1.00000000000000003e-300,0.00000000000000000e0,1.00000000000000000e0
8.00000000000000000e0,5.88727152039609791e-1,1.44315350058136990e-2,9.98184564592608070e-1
5.76879402325721458e0,8.77909010887378827e-1,4.71815117440661180e-1,8.95253298416266885e-1
2.10550504556158558e0,4.51766373334976379e-1,1.87680641283596544e-1,9.05993658196837637e-1
1.25000000000000000e0,5.19531250000000000e-1,4.41077185375786662e-1,6.27886969010882035e-1
8.00000000000000000e0,5.23437499999999889e-1,5.63532106474307504e-3,9.99293842022846768e-1
7.49040809622965753e0,5.27343750000000111e-1,8.28646257731604705e-3,9.98889731249352875e-1
4.55943161161849275e0,9.96093749999999889e-1,9.82313125591914083e-1,4.12729064151172498e-1
1.25000000000000000e0,1.00000000000000003e-300,0.00000000000000000e0,1.00000000000000000e0
8.00000000000000000e0,5.23135567068493401e-1,5.60936865832519470e-3,9.99297102117501224e-1
7.58423768467037007e0,7.80790367120971496e-1,1.53093129353325419e-1,9.78329068185525341e-1
4.52020085195545107e0,8.39950217150544631e-1,4.54580516018819936e-1,8.74494648756954818e-1
1.25000000000000000e0,5.50781250000000000e-1,4.74486580525681489e-1,5.97677694984567132e-1
8.00000000000000000e0,5.54687499999999889e-1,8.96163048277553997e-3,9.98875379432410782e-1
2.10772149369586259e0,5.58593750000000111e-1,2.93054878457006063e-1,8.48284733233917843e-1
1.94622026057913899e0,9.96093749999999889e-1,9.92411628026691695e-1,8.14301938852579621e-2
1.25000000000000000e0,1.00000000000000003e-300,0.00000000000000000e0,1.00000000000000000e0
8.00000000000000000e0,5.67927445267741859e-1,1.08228802406075929e-2,9.98640690493296512e-1
1.98390616686083376e0,9.15146691036170523e-1,8.38689468367204372e-1,3.98673679220282295e-1
2.90304527810076252e0,5.97298915495230176e-1,2.24013632059130108e-1,9.16343903064325893e-1
1.25000000000000000e0,5.82031250000000000e-1,5.08373470600402277e-1,5.66641330287713685e-1
8.00000000000000000e0,5.85937499999999889e-1,1.38934579173386405e-2,9.98252668942738008e-1
5.54716396093135700e0,5.89843750000000111e-1,5.34860405032932321e-2,9.90139448268401945e-1
6.34890719508985057e0,9.96093749999999889e-1,9.75457210980345435e-1,5.57700543456389197e-1
1.25000000000000000e0,1.00000000000000003e-300,0.00000000000000000e0,1.00000000000000000e0
8.00000000000000000e0,4.38650981191130995e-1,1.37073291390131503e-3,9.99828555544825637e-1
3.69278688158374280e0,4.01448793559211481e-1,3.43787944931082390e-2,9.90571223661456668e-1
3.46271992608672008e0,7.61239618122999673e-1,3.88813854056438590e-1,8.67459038947150485e-1
1.25000000000000000e0,6.13281250000000000e-1,5.42718478706188834e-1,5.34745232772280810e-1
8.00000000000000000e0,6.17187499999999889e-1,2.10541141452491413e-2,9.97343670192028631e-1
2.46653815946774557e0,6.21093750000000111e-1,3.08897390637436431e-1,8.60887270726245823e-1
2.59728511015418917e0,9.96093749999999889e-1,9.89885981756072009e-1,1.70553600530511384e-1
1.25000000000000000e0,1.00000000000000003e-300,0.00000000000000000e0,1.00000000000000000e0
8.00000000000000000e0,5.30215594212677388e-1,6.24625878460418130e-3,9.99217075610909666e-1
2.94141643639886752e0,5.48305898628314026e-1,1.70748824107369135e-1,9.38329841065852599e-1
7.59412488964153454e0,4.67660483732288412e-1,3.11467201106753510e-3,9.99589301979354139e-1
1.25000000000000000e0,6.44531250000000000e-1,5.77503969380462778e-1,5.01947281483653862e-1
8.00000000000000000e0,6.48437499999999889e-1,3.12568336788143497e-2,9.96038398870915942e-1
6.60530983365606517e0,6.52343750000000111e-1,5.95058741769030203e-2,9.90755036489608165e-1
2.92765387211693451e0,9.96093749999999889e-1,9.88606856564538283e-1,2.16873706332344651e-1
1.25000000000000000e0,1.00000000000000003e-300,0.00000000000000000e0,1.00000000000000000e0
8.00000000000000000e0,6.14046183090977138e-2,2.02119534382311529e-10,9.99999999974735099e-1
4.42872717604041100e0,1.52737744338082848e-1,2.43176231025915660e-4,9.99945085999717320e-1
1.93275669135618955e0,3.21695265301968902e-2,1.30392825684234751e-3,9.99325140719389160e-1
1.25000000000000000e0,6.75781250000000000e-1,6.12713814563736525e-1,4.68193742235036681e-1
8.00000000000000000e0,6.79687499999999889e-1,4.55485193373172531e-2,9.94189637167099516e-1
1.85421874636085704e0,6.83593750000000111e-1,4.93946041417013426e-1,6.92580381098952480e-1
1.87615132139762864e0,9.96093749999999889e-1,9.92683827066614510e-1,7.27194250633208666e-2
1.25000000000000000e0,1.00000000000000003e-300,0.00000000000000000e0,1.00000000000000000e0
8.00000000000000000e0,2.46224727179651381e-1,1.35099368608550047e-5,9.99998311247910832e-1
7.20012067741481587e0,5.95495432630741561e-1,2.39385347292040210e-2,9.96640473693518159e-1
4.62181743327528238e0,2.54954874922077579e-1,1.80626649848042507e-3,9.99608910078727542e-1
1.25000000000000000e0,7.07031250000000000e-1,6.48333200477223315e-1,4.33416155164591144e-1
8.00000000000000000e0,7.10937499999999889e-1,6.52606479433148062e-2,9.91599538182062257e-1
7.66694061097223312e0,7.14843750000000111e-1,7.62509658560546894e-2,9.89708280072318036e-1
5.82030612032394856e0,9.96093749999999889e-1,9.77477415074024858e-1,5.21146230671381661e-1
1.25000000000000000e0,1.00000000000000003e-300,0.00000000000000000e0,1.00000000000000000e0
8.00000000000000000e0,8.11678708114413894e-1,1.88396673368608769e-1,9.74244532758586579e-1
1.85278322966769338e0,4.41838561819167808e-1,2.20166063718317678e-1,8.74400640157529496e-1
6.07846442604204640e0,6.84061787360406015e-1,9.94564227902412223e-2,9.82913580349579430e-1
1.25000000000000000e0,7.38281250000000000e-1,6.84348466749733819e-1,3.97526717466641033e-1
8.00000000000000000e0,7.42187499999999889e-1,9.20680797279834900e-2,9.87999353972742855e-1
5.26517892460105941e0,7.46093750000000111e-1,2.13911681107058910e-1,9.55316279343005670e-1
3.26011360355187207e0,9.96093749999999889e-1,9.87321304134911593e-1,2.61903507410525316e-1
1.25000000000000000e0,1.00000000000000003e-300,0.00000000000000000e0,1.00000000000000000e0
8.00000000000000000e0,1.15098873766328325e-1,3.08012678134649138e-8,9.99999996149841475e-1
3.18862104002619162e0,3.45385118466765562e-1,3.37151590448425062e-2,9.89301696663040575e-1
7.90088254545116797e0,5.71211665815098968e-1,1.19807002609036688e-2,9.98475631269424624e-1
1.25000000000000000e0,7.69531250000000000e-1,7.20746971261097436e-1,3.60411229213862372e-1
8.00000000000000000e0,7.73437499999999889e-1,1.28056550700572508e-1,9.83017025926507859e-1
4.77423854911467060e0,7.77343750000000111e-1,3.00442175633072128e-1,9.27891391029272206e-1
6.77380176575388759e0,9.96093749999999889e-1,9.73836379024495491e-1,5.83994226719454557e-1
1.25000000000000000e0,1.00000000000000003e-300,0.00000000000000000e0,1.00000000000000000e0
8.00000000000000000e0,5.44972186803533987e-1,7.78027066093883723e-3,9.99024139602355699e-1
4.60571372171398252e0,6.11175362223548291e-1,1.03547845874526090e-1,9.76545786672458727e-1
7.03071861522039399e0,9.93558657028188463e-1,9.55582903317012566e-1,6.42150820207369244e-1
1.25000000000000000e0,8.00781250000000000e-1,7.57516975706255202e-1,3.21917859991430189e-1
8.00000000000000000e0,8.04687499999999889e-1,1.75799663907851678e-1,9.76121993990686776e-1
7.93104177195345983e0,8.08593750000000111e-1,1.85441012838594127e-1,9.74470069495261715e-1
7.89718721527606249e0,9.96093749999999889e-1,9.69563997467973615e-1,6.42621676876135028e-1
1.25000000000000000e0,1.00000000000000003e-300,0.00000000000000000e0,1.00000000000000000e0
8.00000000000000000e0,2.12830826517347305e-1,4.20994335841434318e-6,9.99999473756110979e-1
7.43853488791501150e0,2.55621858113954659e-1,3.92100107756486693e-5,9.99994728709785785e-1
5.17654306930489838e0,3.50347634089303028e-1,4.38611923792830635e-3,9.99151190172516079e-1
1.25000000000000000e0,8.32031250000000000e-1,7.94647548013177385e-1,2.81838237504562716e-1
8.00000000000000000e0,8.35937499999999889e-1,2.38446232180266920e-1,9.66523841590377741e-1
4.26887680275831372e0,8.39843750000000111e-1,4.74692873758953637e-1,8.60014535376141476e-1
6.97221808071481064e0,9.96093749999999889e-1,9.73080409301613769e-1,5.95429573603526774e-1
1.25000000000000000e0,1.00000000000000003e-300,0.00000000000000000e0,1.00000000000000000e0
8.00000000000000000e0,3.33009670748651843e-1,1.51235855151037166e-4,9.99981094267159865e-1
5.15412827185355127e0,4.76914651280822000e-1,2.20111097005436379e-2,9.95691030443862646e-1
5.24077585432678461e0,2.44952619268588023e-1,6.28515737175624209e-4,9.99880041497107075e-1
1.25000000000000000e0,8.63281250000000000e-1,8.32128478588509801e-1,2.39873140527447487e-1
8.00000000000000000e0,8.67187499999999889e-1,3.19818861632343521e-1,9.52967463502355283e-1
7.98615399125264958e0,8.71093750000000111e-1,3.32161309392224935e-1,9.50705376541087332e-1
7.22538641368737444e0,9.96093749999999889e-1,9.72116685438329520e-1,6.09304326243046646e-1
1.25000000000000000e0,1.00000000000000003e-300,0.00000000000000000e0,1.00000000000000000e0
8.00000000000000000e0,8.48891334749168891e-1,2.69660169743701550e-1,9.61480815786261434e-1
2.51575113873695955e0,6.18406573662468872e-1,2.98467860920383576e-1,8.68569525654794616e-1
5.74662877968512475e0,5.64541639314484200e-1,3.74187239097719948e-2,9.93385598811458936e-1
1.25000000000000000e0,8.94531250000000000e-1,8.69950207998769987e-1,1.95563467720293760e-1
8.00000000000000000e0,8.98437499999999889e-1,4.24524701855702402e-1,9.33261469168534918e-1
2.25448297511320561e0,9.02343750000000111e-1,7.93207782600524602e-1,4.97047484677580254e-1
5.84986508416477591e0,9.96093749999999889e-1,9.77364336462778649e-1,5.23313077004758820e-1
1.25000000000000000e0,1.00000000000000003e-300,0.00000000000000000e0,1.00000000000000000e0
8.00000000000000000e0,6.67925649850076297e-3,3.96118360955963692e-18,1.00000000000000000e0
5.22220902150729671e0,2.38320018115700805e-1,5.58987460155205762e-4,9.99892935381023862e-1
3.96009698399575427e0,2.75247097401916108e-1,6.04293250521053139e-3,9.98470585780299458e-1
1.25000000000000000e0,9.25781250000000000e-1,9.08103764178392336e-1,1.48128347532812343e-1
8.00000000000000000e0,9.29687499999999889e-1,5.58079325413882166e-1,9.02959018528723290e-1
6.11831557750701904e0,9.33593750000000111e-1,6.56775332156061209e-1,8.39640233833350291e-1
3.41812847676919773e0,9.96093749999999889e-1,9.86710879803171070e-1,2.82497277049620965e-1
1.25000000000000000e0,1.00000000000000003e-300,0.00000000000000000e0,1.00000000000000000e0
8.00000000000000000e0,6.11326268676748441e-1,1.95067295393727101e-2,9.97540592218152611e-1
5.47480821906356141e0,5.04722460186712851e-1,2.36739161581818180e-2,9.95633399737828495e-1
7.13117232848890126e0,7.14998988109982747e-1,9.14169850031580633e-2,9.86646307489983276e-1
1.25000000000000000e0,9.57031250000000000e-1,9.46580707628560614e-1,9.59750848205238039e-2
8.00000000000000000e0,9.60937499999999889e-1,7.27044735918986218e-1,8.50181076820273218e-1
1.71305565541842952e0,9.64843750000000111e-1,9.40532820856485152e-1,1.92522594120314833e-1
4.95740484778070822e0,9.96093749999999889e-1,9.80784238996128321e-1,4.50590547332848090e-1
1.25000000000000000e0,1.00000000000000003e-300,0.00000000000000000e0,1.00000000000000000e0
8.00000000000000000e0,5.73951805608885479e-1,1.17761522489302859e-2,9.98520340733457412e-1
1.80099203879944980e0,9.95295256616373081e-1,9.91542765087482958e-1,7.06471294943036426e-2
7.47942060144850984e0,7.95867612268921221e-1,1.81278739335443750e-1,9.73612800959342328e-1
1.25000000000000000e0,9.88281250000000000e-1,9.85373083360787771e-1,3.40504008603779509e-2
8.00000000000000000e0,9.92187499999999889e-1,9.39182540640998487e-1,7.04698803638033278e-1
7.01897800172446296e0,9.96093750000000111e-1,9.72902338625522112e-1,5.98051260431337606e-1
6.24753765622153878e0,9.96093749999999889e-1,9.75844300577859869e-1,5.51037519615900973e-1
1.25000000000000000e0,1.00000000000000003e-300,0.00000000000000000e0,1.00000000000000000e0
8.00000000000000000e0,4.88843920975341462e-1,3.26108223840363256e-3,9.99591781949221048e-1
3.04061639873543754e0,6.43266928459524934e-1,2.61451545770012450e-1,9.05132988308070985e-1
6.29505698080174625e0,8.45004735660950246e-1,3.46397011681884748e-1,9.34677412372124539e-1
1.25000000000000000e0,2.34375000000000000e-2,9.17041746136691704e-3,9.92656913502769744e-1
8.00000000000000000e0,2.73437499999999965e-2,3.12510488407330119e-13,9.99999999999960920e-1
3.77936841727932915e0,3.12500000000000069e-2,2.04872519637647384e-6,9.99999457918225088e-1
7.86560886708321050e0,9.96093749999999889e-1,9.69683837627395628e-1,6.41160161632462366e-1
1.25000000000000000e0,1.00000000000000003e-300,0.00000000000000000e0,1.00000000000000000e0
8.00000000000000000e0,7.34182748560670007e-1,8.44176782874941634e-2,9.89036170853218377e-1
4.15938661573454738e0,6.71424425986515416e-1,1.90727890454766097e-1,9.50394887330380578e-1
2.66155665885889903e0,9.10695664288141415e-1,7.79596092123176820e-1,5.66544944575000486e-1
1.25000000000000000e0,5.46875000000000000e-2,2.64460057458470420e-2,9.78786643472925655e-1
8.00000000000000000e0,5.85937499999999931e-2,1.38934579173386484e-10,9.99999999982633225e-1
2.41313108487520367e0,6.25000000000000139e-2,1.24251213777123461e-3,9.99484916307097904e-1
6.62904012261424214e0,9.96093749999999889e-1,9.74388294009529199e-1,5.75321649116439016e-1
1.25000000000000000e0,1.00000000000000003e-300,0.00000000000000000e0,1.00000000000000000e0
8.00000000000000000e0,2.86321247381238209e-1,4.51677668871555750e-5,9.99994353917566525e-1
3.18576604331610724e0,4.23394004342299013e-1,6.46987591679768353e-2,9.79223411664999599e-1
2.95936427143169567e0,8.92637462629863876e-2,7.84630905031231517e-4,9.99734796149450045e-1
1.25000000000000000e0,8.59375000000000000e-2,4.65295009323201739e-2,9.62599891107790762e-1
8.00000000000000000e0,8.98437499999999861e-2,4.24524701855702308e-9,9.99999999469344147e-1
5.76848482532659546e0,9.37500000000000139e-2,1.17444290313729729e-6,9.99999796403473584e-1
5.14378792233765125e0,9.96093749999999889e-1,9.80069032906292881e-1,4.67102907260364630e-1
1.25000000000000000e0,1.00000000000000003e-300,0.00000000000000000e0,1.00000000000000000e0
8.00000000000000000e0,9.20083412852363836e-1,5.13591243895989535e-1,9.13850540499009822e-1
4.84894016094040126e0,2.27880209586146520e-1,7.68347685112059703e-4,9.99841494827443555e-1
7.49414718779735267e0,4.51990515152829175e-1,2.60308514532128082e-3,9.99652258518482828e-1
1.25000000000000000e0,1.17187500000000000e-1,6.85648628707240942e-2,9.44761296907541848e-1
8.00000000000000000e0,1.21093749999999986e-1,4.62353157843473554e-8,9.99999994220585386e-1
5.30443294561700895e0,1.25000000000000028e-1,1.62039061864468719e-5,9.99996945194163600e-1
2.64985989790875465e0,9.96093749999999889e-1,9.89682311471625109e-1,1.77979026014433828e-1
1.25000000000000000e0,1.00000000000000003e-300,0.00000000000000000e0,1.00000000000000000e0
8.00000000000000000e0,4.48729499244109320e-1,1.64390594530281603e-3,9.99794363815849740e-1
6.55886819760780782e0,1.81017712002358167e-1,1.35359998411498743e-5,9.99997936217487893e-1
5.64353019982809201e0,9.68390455664120964e-1,8.34210357955358139e-1,7.27294343721386349e-1
1.25000000000000000e0,1.48437500000000000e-1,9.21360393120495696e-2,9.25585667559290615e-1
8.00000000000000000e0,1.52343749999999972e-1,2.90133003368801486e-7,9.99999963733369968e-1
4.65558008395601064e0,1.56250000000000028e-1,1.76508071133672599e-4,9.99962084144018659e-1
5.61179051204817370e0,9.96093749999999889e-1,9.78275468890436151e-1,5.05418119111077702e-1
1.25000000000000000e0,1.00000000000000003e-300,0.00000000000000000e0,1.00000000000000000e0
8.00000000000000000e0,8.11961265999343595e-1,1.88921983390494652e-1,9.74165687992240015e-1
4.46630647708661854e0,7.83990160020948679e-1,3.37255313704430459e-1,9.12010140404758807e-1
4.30100124661112204e0,7.62409064977873641e-1,3.11379962598347826e-1,9.16916148780596241e-1
1.25000000000000000e0,1.79687500000000000e-1,1.16989620711376974e-1,9.05258573878420791e-1
8.00000000000000000e0,1.83593749999999972e-1,1.29081243641781785e-6,9.99999838648354289e-1
3.87689703702926636e0,1.87500000000000028e-1,1.51880068989348289e-3,9.99608022264057761e-1
7.29600712988758460e0,9.96093749999999889e-1,9.71848027210049148e-1,6.13038446976857498e-1
1.25000000000000000e0,1.00000000000000003e-300,0.00000000000000000e0,1.00000000000000000e0
8.00000000000000000e0,4.07159732644686301e-1,7.55298399054941602e-4,9.99905556487494462e-1
5.40805226168595254e0,3.88785099858068861e-3,9.22621598992720222e-14,9.99999999999982903e-1
6.44423088658368215e0,4.60723687610880006e-1,6.77849286203894424e-3,9.98945105596980687e-1
1.25000000000000000e0,2.10937500000000000e-1,1.42952660727338726e-1,8.83901454965606903e-1
8.00000000000000000e0,2.14843749999999972e-1,4.53922586858909100e-6,9.99999432595639615e-1
4.27429414255311713e0,2.18750000000000028e-1,1.50918981737592321e-3,9.99646710560019192e-1
4.25005084025906399e0,9.96093749999999889e-1,9.83503314454223010e-1,3.80687788440946084e-1
1.25000000000000000e0,1.00000000000000003e-300,0.00000000000000000e0,1.00000000000000000e0
8.00000000000000000e0,9.40163023474269721e-1,6.10415188646352913e-1,8.88843400280133977e-1
5.88946885842597112e0,3.33430484715790953e-1,1.55151004213506961e-3,9.99736392151036601e-1
3.96633499488234520e0,6.31936021823094052e-1,1.61958142863206506e-1,9.56430910629860520e-1
1.25000000000000000e0,2.42187500000000000e-1,1.69898543285541381e-1,8.61598513064749438e-1
8.00000000000000000e0,2.46093749999999972e-1,1.34525518040440752e-5,9.99998318421127519e-1
4.76165501528885216e0,2.50000000000000056e-1,1.35893293027568654e-3,9.99714455802922286e-1
6.68830063589848578e0,9.96093749999999889e-1,9.74162320904855106e-1,5.78906443421879024e-1
1.25000000000000000e0,1.00000000000000003e-300,0.00000000000000000e0,1.00000000000000000e0
8.00000000000000000e0,8.13344337975649978e-1,1.91511819191019367e-1,9.73776320287534358e-1
2.06437970913248137e0,6.78167050996307808e-1,4.48554146861381953e-1,7.49518196565021277e-1
7.51623884873697534e0,5.11470022565845284e-1,6.47773175635659240e-3,9.99135738671816709e-1
1.25000000000000000e0,2.73437500000000000e-1,1.97730012301108843e-1,8.38409975019322129e-1
8.00000000000000000e0,2.77343749999999944e-1,3.50063690733419530e-5,9.99995624136847838e-1
3.25036689080297947e0,2.81250000000000056e-1,1.61937937354697491e-2,9.94989669691757395e-1
3.57459195714909583e0,9.96093749999999889e-1,9.86106820492144265e-1,3.02304530841935370e-1
1.25000000000000000e0,1.00000000000000003e-300,0.00000000000000000e0,1.00000000000000000e0
8.00000000000000000e0,1.83626181578802061e-1,1.29263772631316668e-6,9.99999838420192799e-1
4.60670283291256055e0,5.32137947798219102e-1,5.46858599771455969e-2,9.87866353581170364e-1
2.50015274749603122e0,5.70381512875428598e-1,2.45683707279806735e-1,8.93355648438882377e-1
1.25000000000000000e0,3.04687500000000000e-1,2.26369700745767233e-1,8.14379394270658308e-1
8.00000000000000000e0,3.08593749999999944e-1,8.22426333798794584e-5,9.99989719300910407e-1
4.10383461526362225e0,3.12500000000000056e-1,8.45177706602253179e-3,9.97933901965190273e-1
4.67437126208096743e0,9.96093749999999889e-1,9.81871319411987242e-1,4.24041049187692753e-1
1.25000000000000000e0,1.00000000000000003e-300,0.00000000000000000e0,1.00000000000000000e0
8.00000000000000000e0,5.98129111572234251e-1,1.63817209565659434e-2,9.97937456847063920e-1
6.65539481898304075e0,8.30018878809823946e-1,2.89399981011447538e-1,9.49961682864217449e-1
2.61112509178929031e0,9.82245848590537207e-1,9.54302307921231496e-1,3.06740248532656856e-1
1.25000000000000000e0,3.35937500000000000e-1,2.55754396090730030e-1,7.89537973188386699e-1
8.00000000000000000e0,3.39843749999999944e-1,1.77923903661395520e-4,9.99977757780612264e-1
2.14490562520222738e0,3.43750000000000056e-1,1.01224204673695112e-1,9.51461666032339837e-1
4.44875045935623348e0,9.96093749999999889e-1,9.82738750797735983e-1,4.01536641574063213e-1
1.25000000000000000e0,1.00000000000000003e-300,0.00000000000000000e0,1.00000000000000000e0
8.00000000000000000e0,5.89800682105305896e-1,1.46434080272825912e-2,9.98157738922864857e-1
7.22308283881284297e0,2.72883533543790691e-1,8.43368803284604246e-5,9.99988323552925218e-1
3.33265993732493371e0,7.20169548831108841e-1,3.34871753469858757e-1,8.84832126107177763e-1
1.25000000000000000e0,3.67187500000000000e-1,2.85831349899326514e-1,7.63907239136835781e-1
8.00000000000000000e0,3.71093749999999944e-1,3.59640936437435508e-4,9.99955037807986113e-1
3.49140598962549120e0,3.75000000000000056e-1,3.25664347874999732e-2,9.90561958066733306e-1
4.35116656462196261e0,9.96093749999999889e-1,9.83114163373852268e-1,3.91420142196926890e-1
1.25000000000000000e0,1.00000000000000003e-300,0.00000000000000000e0,1.00000000000000000e0
8.00000000000000000e0,8.78728702791704563e-1,3.55499094947886118e-1,9.46570447579283880e-1
4.87814172252546996e0,1.04985497500820202e-1,1.67853363820171093e-5,9.99996559048643263e-1
7.73096026253188029e0,8.42316998218848312e-1,2.65371668022360785e-1,9.60894811929943526e-1
1.25000000000000000e0,3.98437500000000000e-1,3.16555787535887811e-1,7.37500732734305942e-1
8.00000000000000000e0,4.02343749999999944e-1,6.86717437140045616e-4,9.99914134519706121e-1
5.34826840175082907e0,4.06250000000000056e-1,8.08578079643584684e-3,9.98483155951679247e-1
3.80072677746647969e0,9.96093749999999889e-1,9.85234434111781354e-1,3.29849503743833206e-1
1.25000000000000000e0,1.00000000000000003e-300,0.00000000000000000e0,1.00000000000000000e0
8.00000000000000000e0,4.74997277506190585e-1,2.59136723592123981e-3,9.99675711262988376e-1
6.82761219795793295e0,9.76738673803083657e-1,8.51551207416877509e-1,7.56250599051397354e-1
1.73841862229164690e0,9.93498939883465937e-1,9.88725578037875419e-1,7.57697056544615888e-2
1.25000000000000000e0,4.29687500000000000e-1,3.47889162549883113e-1,7.10325056023779489e-1
8.00000000000000000e0,4.33593749999999944e-1,1.24929242825134188e-3,9.99843753027257032e-1
3.12366183474659920e0,4.37500000000000056e-1,7.56026223930804930e-2,9.75147036369469200e-1
2.13297799677820876e0,9.96093749999999889e-1,9.91686488830560431e-1,1.05861131918348464e-1
1.25000000000000000e0,1.00000000000000003e-300,0.00000000000000000e0,1.00000000000000000e0
8.00000000000000000e0,9.70399251596063550e-1,7.86327787786193833e-1,8.24552866469702050e-1
2.16553172189742327e0,5.76969496109995816e-1,3.03926750289856051e-1,8.45943085016980123e-1
3.18711587286088616e0,5.66803484875890717e-1,1.63742284196841587e-1,9.45438285836416203e-1
1.25000000000000000e0,4.60937500000000000e-1,3.79797894237620448e-1,6.82380470799392569e-1
8.00000000000000000e0,4.64843749999999944e-1,2.17999736489797721e-3,9.99727240078477131e-1
1.53408230637433007e0,4.68750000000000056e-1,3.12749656246699037e-1,7.83109501603700742e-1
5.95547114545479417e0,9.96093749999999889e-1,9.76960444480148738e-1,5.30931380830884314e-1
1.25000000000000000e0,1.00000000000000003e-300,0.00000000000000000e0,1.00000000000000000e0
8.00000000000000000e0,4.41646178819610213e-1,1.44742416086742973e-3,9.99818957303817313e-1
3.14756475685862824e0,1.24356129808802507e-1,1.41385990190622543e-3,9.99550591487315065e-1
3.24097609828459099e0,6.18853139226303028e-1,2.11125352422687512e-1,9.29441198272015545e-1
1.25000000000000000e0,4.92187500000000000e-1,4.12252430481589827e-1,6.53661149751961990e-1
8.00000000000000000e0,4.96093749999999944e-1,3.66868179937890034e-3,9.99540677031473312e-1
4.23874061758397147e0,5.00000000000000111e-1,5.29677994188448992e-2,9.87242837113439298e-1
5.63424823008244857e0,9.96093749999999889e-1,9.78189484948483678e-1,5.07150097388037513e-1
1.25000000000000000e0,1.00000000000000003e-300,0.00000000000000000e0,1.00000000000000000e0
8.00000000000000000e0,1.62458814847923350e-1,4.85228437665408813e-7,9.99999939346432387e-1
2.22723112854873762e0,7.05551226237730589e-1,4.59873171124454305e-1,7.58392112792688033e-1
2.72496100590797141e0,8.74359488316258648e-1,6.93597626001457246e-1,6.47859231152378090e-1
1.25000000000000000e0,5.23437500000000000e-1,4.45226536455984867e-1,6.24155128661859848e-1
8.00000000000000000e0,5.27343749999999889e-1,5.98067806692917370e-3,9.99250451807942142e-1
4.99991705967113376e0,5.31250000000000111e-1,4.23172560323815672e-2,9.91389397807070694e-1
3.86264949059113860e0,9.96093749999999889e-1,9.84995682351632929e-1,3.37164041740283582e-1
1.25000000000000000e0,1.00000000000000003e-300,0.00000000000000000e0,1.00000000000000000e0
8.00000000000000000e0,2.80484154091027449e-1,3.83059861305597719e-5,9.99995211671486084e-1
3.06591285992180929e0,3.61548326509364415e-3,3.26250231148865859e-8,9.99999989358789754e-1
1.95600367349106818e0,4.24793182778557821e-1,1.87375972234485405e-1,8.99355521396360214e-1
1.25000000000000000e0,5.54687500000000000e-1,4.78696744365571636e-1,5.93843968389850096e-1
8.00000000000000000e0,5.58593749999999889e-1,9.47913213584903290e-3,9.98810165283412266e-1
7.35810367373051122e0,5.62500000000000111e-1,1.45002552197605900e-2,9.98016890741847074e-1
2.10544557753019035e0,9.96093749999999889e-1,9.91793357848893775e-1,1.02167896770400266e-1
1.25000000000000000e0,1.00000000000000003e-300,0.00000000000000000e0,1.00000000000000000e0
8.00000000000000000e0,9.03646412616581074e-1,4.44619218131670380e-1,9.29124379862655392e-1
2.14084817166440189e0,6.68353892483537493e-1,4.22051498266718950e-1,7.74064813421682985e-1
6.22956077946582809e0,7.87424378122523194e-1,2.25645543618885336e-1,9.59780818266028457e-1
1.25000000000000000e0,5.85937500000000000e-1,5.12641920641687010e-1,5.62702100219077517e-1
8.00000000000000000e0,5.89843749999999889e-1,1.46519644359536325e-2,9.98156655472714816e-1
2.09960034891264513e0,5.93750000000000111e-1,3.34701830150400836e-1,8.23580431901770882e-1
4.13470627000788227e0,9.96093749999999889e-1,9.83947414345892835e-1,3.68130514713421120e-1
1.25000000000000000e0,1.00000000000000003e-300,0.00000000000000000e0,1.00000000000000000e0
8.00000000000000000e0,8.00398359592691122e-1,1.68441662446320806e-1,9.77207047273406570e-1
5.22111817076802254e0,1.78362437259238504e-1,1.23300991226467295e-4,9.99976383002014080e-1
5.65084916976047680e0,5.14297040253950399e-1,2.33407073231069358e-2,9.95829276281362752e-1
1.25000000000000000e0,6.17187500000000000e-1,5.47042920531491506e-1,5.30695788864364637e-1
8.00000000000000000e0,6.21093749999999889e-1,2.21440611501254707e-2,9.97204798671955328e-1
1.83915382291888818e0,6.25000000000000111e-1,4.21300479643632875e-1,7.42743804185249656e-1
1.27807349362410605e0,9.96093749999999889e-1,9.95010239442950195e-1,1.58093489669087969e-2
1.25000000000000000e0,1.00000000000000003e-300,0.00000000000000000e0,1.00000000000000000e0
8.00000000000000000e0,1.44683544699546474e-1,1.92022943358250285e-7,9.99999975997130086e-1
4.44896544731454924e0,6.57616492708257283e-2,5.51063148530195622e-6,9.99998761365238464e-1
7.56766111275646836e0,8.72852647444233298e-1,3.57323022691611036e-1,9.43252415494595930e-1
1.25000000000000000e0,6.48437500000000000e-1,5.81882308859675179e-1,4.97781594872398980e-1
8.00000000000000000e0,6.52343749999999889e-1,3.27953331245776983e-2,9.95840530337792518e-1
3.80737203097669408e0,6.56250000000000111e-1,2.01147589148027967e-1,9.42720605717093152e-1
5.72839506308082491e0,9.96093749999999889e-1,9.77829106888397193e-1,5.14310134847797529e-1
1.25000000000000000e0,1.00000000000000003e-300,0.00000000000000000e0,1.00000000000000000e0
8.00000000000000000e0,9.35443193620812963e-1,5.86326272697379469e-1,8.95534337002685810e-1
5.36471009993692860e0,6.31000171979394509e-1,8.45699587680574516e-2,9.83664053082334733e-1
1.32470092503353953e0,2.73149035251663008e-1,1.79224807565775357e-1,8.61487436043547383e-1
1.25000000000000000e0,6.79687500000000000e-1,6.17144131678711960e-1,4.63904138184928150e-1
8.00000000000000000e0,6.83593749999999889e-1,4.76853162242630024e-2,9.93911144096599308e-1
7.27300979749998078e0,6.87500000000000111e-1,6.55364286172426119e-2,9.90723544034090020e-1
5.23985221155453473e0,9.96093749999999889e-1,9.79700609978928827e-1,4.75325879133711549e-1
1.25000000000000000e0,1.00000000000000003e-300,0.00000000000000000e0,1.00000000000000000e0
8.00000000000000000e0,8.61417574583356327e-1,3.03186474987256371e-1,9.55849619165979547e-1
7.34746692545013502e0,9.33706889964014408e-1,6.04119843067057016e-1,8.81511312606068298e-1
4.14982217951910570e0,6.32375034410870285e-2,1.05744620480607862e-5,9.99997451817444705e-1
1.25000000000000000e0,7.10937500000000000e-1,6.52813727600563665e-1,4.28992832351903663e-1
8.00000000000000000e0,7.14843749999999889e-1,6.81850236306890539e-2,9.91211223188684265e-1
5.25194933463353664e0,7.18750000000000111e-1,1.76503846855997459e-1,9.63699204745580129e-1
7.83046788105275482e0,9.96093749999999889e-1,9.69817215447961734e-1,6.39522312274396487e-1
1.25000000000000000e0,1.00000000000000003e-300,0.00000000000000000e0,1.00000000000000000e0
8.00000000000000000e0,5.06996011272349278e-1,4.36552360360128924e-3,9.99453264473703640e-1
7.89470666332636029e0,5.94717496969678905e-1,1.65291037266413823e-2,9.97891036005065013e-1
1.53052844753256068e0,4.03747944101269240e-1,2.49540272810688912e-1,8.28977549908470834e-1
1.25000000000000000e0,7.42187500000000000e-1,6.88877570459118904e-1,3.92957025046142272e-1
8.00000000000000000e0,7.46093749999999889e-1,9.60167972502279643e-2,9.87461211498064650e-1
1.50384925678372383e0,7.50000000000000111e-1,6.48800198100938363e-1,4.98668162907052737e-1
1.84256769716739655e0,9.96093749999999889e-1,9.92814316907322358e-1,6.86531415076515467e-2
1.25000000000000000e0,1.00000000000000003e-300,0.00000000000000000e0,1.00000000000000000e0
8.00000000000000000e0,5.92572203845520562e-1,1.52030319148762152e-2,9.98086859537178683e-1
4.45627796108601615e0,5.73223938708906644e-1,8.37579402206992535e-2,9.80561863804598977e-1
6.05465405585709959e0,7.33506357487385685e-1,1.53132393350829954e-1,9.72921615950141372e-1
1.25000000000000000e0,7.73437500000000000e-1,7.25323136990417838e-1,3.55678540330891524e-1
8.00000000000000000e0,7.77343749999999889e-1,1.33322942071833456e-1,9.82272900265793947e-1
7.21901138068642467e0,7.81250000000000111e-1,1.68286783206493651e-1,9.74797694971698325e-1
6.12743022612994537e0,9.96093749999999889e-1,9.76303141492573467e-1,5.42935996381703645e-1
1.25000000000000000e0,1.00000000000000003e-300,0.00000000000000000e0,1.00000000000000000e0
8.00000000000000000e0,7.96653524394059787e-1,1.62239221749774037e-1,9.78115188880008923e-1
6.83533717837417498e0,9.00462516287916515e-1,4.88379347060532654e-1,9.06607945363300582e-1
7.48931120580527931e0,2.11753459780084086e-1,8.93171630857229510e-6,9.99998807400223400e-1
1.25000000000000000e0,8.04687500000000000e-1,7.62138794695320532e-1,3.16999729908843453e-1
8.00000000000000000e0,8.08593749999999889e-1,1.82743963983906021e-1,9.75090144895468969e-1
3.82334632385754958e0,8.12500000000000111e-1,4.52088554179345514e-1,8.54396460336030783e-1
4.99178067187312990e0,9.96093749999999889e-1,9.80652289714229353e-1,4.53692580905697862e-1
1.25000000000000000e0,1.00000000000000003e-300,0.00000000000000000e0,1.00000000000000000e0
8.00000000000000000e0,9.94479324617714155e-1,9.56678619197483204e-1,6.75441570914073863e-1
2.77407377795316279e0,5.22964573924582510e-1,1.65585120135000846e-1,9.36827745300436110e-1
3.87423761264653876e0,8.42177787781110965e-1,5.14039544034019524e-1,8.30055067998136997e-1
1.25000000000000000e0,8.35937500000000000e-1,7.99313706136663193e-1,2.76703192707478507e-1
8.00000000000000000e0,8.39843749999999889e-1,2.47507268230872407e-1,9.65078829239821356e-1
1.52364742470672354e0,8.43750000000000111e-1,7.71926276813143408e-1,3.79046129712614310e-1
6.77737320301821455e0,9.96093749999999889e-1,9.73822766595277556e-1,5.84204609316372858e-1
1.25000000000000000e0,1.00000000000000003e-300,0.00000000000000000e0,1.00000000000000000e0
8.00000000000000000e0,1.47620517363975523e-1,2.25514143452070834e-7,9.99999971810729305e-1
6.80854311730945483e0,1.76734404367380193e-1,7.50504429363398276e-6,9.99998897698348821e-1
7.93877268990036100e0,6.24612375891047122e-1,2.38450860395071941e-2,9.96964601947142648e-1
1.25000000000000000e0,8.67187500000000000e-1,8.36837746733997578e-1,2.34474573962613259e-1
8.00000000000000000e0,8.71093749999999889e-1,3.31527212360872570e-1,9.50901355702313822e-1
5.59632633603177965e0,8.75000000000000111e-1,4.73650652419685014e-1,8.91650881242742721e-1
5.87729673041030765e0,9.96093749999999889e-1,9.77259407665347468e-1,5.25310381042600638e-1
1.25000000000000000e0,1.00000000000000003e-300,0.00000000000000000e0,1.00000000000000000e0
8.00000000000000000e0,3.42129735690832604e-1,1.87726928726907456e-4,9.99976532206418911e-1
1.42723381757969037e0,7.40865470424978412e-1,6.51759846487047434e-1,4.77545376249586706e-1
7.28056366136297584e0,4.43618557565059746e-1,2.69173119795588882e-3,9.99629855368566966e-1
1.25000000000000000e0,8.98437500000000000e-1,8.74701433731452038e-1,1.89826517895073821e-1
8.00000000000000000e0,9.02343749999999889e-1,4.39517444186773187e-1,9.30186993341227231e-1
3.79297076881630346e0,9.06250000000000111e-1,6.88403370403593562e-1,7.35339616628431947e-1
6.81729534710757434e0,9.96093749999999889e-1,9.73670617455194787e-1,5.86544780436062840e-1
1.25000000000000000e0,1.00000000000000003e-300,0.00000000000000000e0,1.00000000000000000e0
8.00000000000000000e0,1.01195730594554334e-1,1.09975899175693396e-8,9.99999998625301201e-1
5.89993579772999510e0,6.28133710301881365e-1,6.43458236342411699e-2,9.88790408724918302e-1
4.52904679824132472e0,6.49423119739367394e-1,1.41556360000760051e-1,9.66860372542045154e-1
1.25000000000000000e0,9.29687500000000000e-1,9.12895864481983010e-1,1.41915888284096764e-1
8.00000000000000000e0,9.33593749999999889e-1,5.77116491953553412e-1,8.98002598915248806e-1
7.24170195584883913e0,9.37500000000000111e-1,6.26648980550984280e-1,8.72798668460003757e-1
3.78730499098310247e0,9.96093749999999889e-1,9.85286191334583394e-1,3.28251063086850370e-1
1.25000000000000000e0,1.00000000000000003e-300,0.00000000000000000e0,1.00000000000000000e0
8.00000000000000000e0,5.19396932977542747e-1,5.29657402594988641e-3,9.99336388962111966e-1
1.83109892922220752e0,8.04272962791401369e-1,6.71095603877548630e-1,5.44831270699135395e-1
7.42641694104531780e0,3.12052291224063083e-1,1.75356397434601227e-4,9.99976385691120240e-1
1.25000000000000000e0,9.60937500000000000e-1,9.51412662552243105e-1,8.89648560841359431e-2
8.00000000000000000e0,9.64843749999999889e-1,7.51027610575934812e-1,8.40463579250791959e-1
7.76503813039744273e0,9.68750000000000111e-1,7.81508030827015254e-1,8.22111903691293500e-1
5.48046828567748889e0,9.96093749999999889e-1,9.78778414087034032e-1,4.95100742758812329e-1
1.25000000000000000e0,1.00000000000000003e-300,0.00000000000000000e0,1.00000000000000000e0
8.00000000000000000e0,4.83297175105690258e-2,2.97655597089778727e-11,9.99999999996279310e-1
3.40548058878630400e0,5.81092653146697558e-1,1.57449843604937578e-1,9.50936723206457168e-1
4.18410580843919888e0,9.62099036960353260e-1,8.50726152325990026e-1,6.34720266013121370e-1
1.25000000000000000e0,9.92187500000000000e-1,9.90243930433555075e-1,2.46274763531010646e-2
8.00000000000000000e0,9.96093749999999889e-1,9.69173924480954407e-1,6.47313671770413546e-1
7.15806265518767759e0,3.90625000000000087e-3,5.77653540562691558e-18,1.00000000000000000e0
5.73664947069482878e0,9.96093749999999889e-1,9.77797516751611084e-1,5.14930230927123866e-1
1.25000000000000000e0,1.00000000000000003e-300,0.00000000000000000e0,1.00000000000000000e0
8.00000000000000000e0,1.62437013332237257e-1,4.84707751950942977e-7,9.99999939411518213e-1
5.29615047067636624e0,7.36310253796546021e-1,1.97667035970993749e-1,9.59269392939870347e-1
6.54647708189440891e0,2.88889220278178982e-1,2.94910377349567941e-4,9.99954945656457594e-1
1.25000000000000000e0,2.73437500000000000e-2,1.11191757147309569e-2,9.91094724280370709e-1
8.00000000000000000e0,3.12499999999999965e-2,9.09494701772927430e-13,9.99999999999886313e-1
5.73645881592528895e0,3.51562500000000069e-2,4.56250628717963011e-9,9.99999999204647549e-1
6.06738087622215971e0,9.96093749999999889e-1,9.76532626164748230e-1,5.38799103150911063e-1
1.25000000000000000e0,1.00000000000000003e-300,0.00000000000000000e0,1.00000000000000000e0
8.00000000000000000e0,2.44125002154760296e-2,1.26153144731702404e-13,9.99999999999984235e-1
6.88234680256573483e0,5.87619837324382388e-1,2.57538215089063022e-2,9.96216136158238896e-1
2.08611846261192113e0,7.54938330710501759e-1,5.56299765722397033e-1,6.77375046579657969e-1
1.25000000000000000e0,5.85937500000000000e-2,2.88279737001772042e-2,9.76870357848649506e-1
8.00000000000000000e0,6.24999999999999931e-2,2.32830643653869422e-10,9.99999999970896170e-1
6.27591256046434864e0,6.64062500000000139e-2,4.05776034635882626e-8,9.99999993534389842e-1
3.72519726201426238e0,9.96093749999999889e-1,9.85525727162632315e-1,3.20794282634452865e-1
1.25000000000000000e0,1.00000000000000003e-300,0.00000000000000000e0,1.00000000000000000e0
8.00000000000000000e0,5.98420712294682744e-1,1.64457215946294741e-2,9.97929340073826832e-1
6.00401571718975902e0,5.72890932407972286e-1,3.52744438865196033e-2,9.94036586023647528e-1
3.98994065698934719e0,8.89058631023544876e-1,6.25511554556793747e-1,7.81791143787862741e-1
1.25000000000000000e0,8.98437500000000000e-2,4.91880763390443038e-2,9.60452066908519253e-1
8.00000000000000000e0,9.37499999999999861e-2,5.96719473833217555e-9,9.99999999254100658e-1
4.21356674173148349e0,9.76562500000000139e-2,5.53393053752946856e-5,9.99986866121596596e-1
7.04778755584266037e0,9.96093749999999889e-1,9.72792642585685208e-1,5.99652980844150973e-1
1.25000000000000000e0,1.00000000000000003e-300,0.00000000000000000e0,1.00000000000000000e0
8.00000000000000000e0,8.63974021926878777e-1,3.10459871975288793e-1,9.54596731761980677e-1
1.94088147755246609e0,8.26724367689166684e-1,6.91205186611614453e-1,5.45836744788043671e-1
1.73024891957174987e0,7.82213487241278926e-1,6.53771847961909791e-1,5.41718645875850724e-1
1.25000000000000000e0,1.21093750000000000e-1,7.14335380028199018e-2,9.42432805001969909e-1
8.00000000000000000e0,1.24999999999999986e-1,5.96046447753905721e-8,9.99999992549419181e-1
7.00161953340284526e0,1.28906250000000028e-1,5.89490595528308221e-7,9.99999915806515705e-1
1.60264860867755488e0,9.96093749999999889e-1,9.93747026418320467e-1,4.21532000649824726e-2
1.25000000000000000e0,1.00000000000000003e-300,0.00000000000000000e0,1.00000000000000000e0
8.00000000000000000e0,3.55326496674024384e-1,2.54109412477068644e-4,9.99968232791620393e-1
5.59752334881341085e0,3.06808853224538325e-1,1.34193357376149059e-3,9.99760130752397003e-1
4.69984102906892076e0,7.48133268816673080e-1,2.55694380003712141e-1,9.39100602544284957e-1
1.25000000000000000e0,1.52343750000000000e-1,9.51767349395858941e-2,9.23104795260874522e-1
8.00000000000000000e0,1.56249999999999972e-1,3.55271367880049564e-7,9.99999955591072132e-1
3.18561581027461216e0,1.60156250000000028e-1,2.92403417436125617e-3,9.99081191141599878e-1
1.79245477495715022e0,9.96093749999999889e-1,9.93009063559584626e-1,6.27305251224540283e-2
1.25000000000000000e0,1.00000000000000003e-300,0.00000000000000000e0,1.00000000000000000e0
8.00000000000000000e0,7.99925554933906824e-1,1.67647302575987533e-1,9.77323685187233782e-1
1.53298736002761871e0,5.54989736033348890e-1,4.05501124292939219e-1,7.12318061742271968e-1
5.60866392438765615e0,7.07712219495988393e-1,1.43845625058942217e-1,9.72689737644718555e-1
1.25000000000000000e0,1.83593750000000000e-1,1.20177278748736932e-1,9.02643249699098926e-1
8.00000000000000000e0,1.87499999999999972e-1,1.52760185301303694e-6,9.99999809049640809e-1
3.83570449711987749e0,1.91406250000000028e-1,1.76114794394192919e-3,9.99540554902901168e-1
2.58145473402692005e0,9.96093749999999889e-1,9.89947315505120717e-1,1.68316645240842555e-1
1.25000000000000000e0,1.00000000000000003e-300,0.00000000000000000e0,1.00000000000000000e0
8.00000000000000000e0,1.71199709352549689e-1,7.37945322485230379e-7,9.99999907756804918e-1
5.01359913882333785e0,1.01578564226656454e-3,9.84703395754528285e-16,9.99999999999999778e-1
7.02757936355192214e0,3.45490627978506382e-2,5.35482027152277536e-11,9.99999999992380317e-1
1.25000000000000000e0,2.14843750000000000e-1,1.46269374846906747e-1,8.81163884155406807e-1
8.00000000000000000e0,2.18749999999999972e-1,5.24305596627527340e-6,9.99999344616500863e-1
3.55263142951298505e0,2.22656250000000028e-1,4.81268246037281407e-3,9.98642970231167992e-1
6.29716007679235190e0,9.96093749999999889e-1,9.75654793274351007e-1,5.54318847075098708e-1
1.25000000000000000e0,1.00000000000000003e-300,0.00000000000000000e0,1.00000000000000000e0
8.00000000000000000e0,8.69159228932403494e-1,3.25682758443085585e-1,9.51936617893079262e-1
6.70608574833022431e0,5.15680367111599480e-1,1.17814738298143169e-2,9.98234296478208494e-1
5.21116584783885628e0,2.61955389523791382e-1,9.29578720116318162e-4,9.99821550859979258e-1
1.25000000000000000e0,2.46093750000000000e-1,1.73330795485800021e-1,8.58747345290387987e-1
8.00000000000000000e0,2.49999999999999972e-1,1.52587890624999864e-5,9.99998092638634151e-1
3.97511675988789648e0,2.53906250000000056e-1,4.30038383084886157e-3,9.98916428873687923e-1
5.47865037660812959e0,9.96093749999999889e-1,9.78785378230898395e-1,4.94955613511056047e-1
1.25000000000000000e0,1.00000000000000003e-300,0.00000000000000000e0,1.00000000000000000e0
8.00000000000000000e0,3.36322300477149838e-1,1.63698733654719811e-4,9.99979536192667218e-1
4.20257382804993540e0,7.71762448625850084e-1,3.36621386664929745e-1,9.06960231466066635e-1
1.97756251256214455e0,3.06829006708539964e-1,9.66730862590536311e-2,9.49887084352423083e-1
1.25000000000000000e0,2.77343750000000000e-1,2.01267188165316468e-1,8.35451456408329518e-1
8.00000000000000000e0,2.81249999999999944e-1,3.91507646781973862e-5,9.99995106070589168e-1
3.27446877676993608e0,2.85156250000000056e-1,1.64318307551643006e-2,9.94952926497942203e-1
4.13422749569872394e0,9.96093749999999889e-1,9.83949258141534000e-1,3.68077687114502283e-1
1.25000000000000000e0,1.00000000000000003e-300,0.00000000000000000e0,1.00000000000000000e0
8.00000000000000000e0,9.03452978550376429e-1,4.43858388724218511e-1,9.29283388298646873e-1
7.83627363090636209e0,1.39432253386075899e-1,1.97240578654904848e-7,9.99999974829797300e-1
2.27866519533563405e0,9.79710470587633608e-1,9.54365544900746432e-1,2.58003797719682015e-1
1.25000000000000000e0,3.08593750000000000e-1,2.30003215432426938e-1,8.11318033417900653e-1
8.00000000000000000e0,3.12499999999999944e-1,9.09494701772926883e-5,9.99988630863837713e-1
7.75551994499983266e0,3.16406250000000056e-1,1.33088504607978649e-4,9.99982838517528783e-1
7.38033406197791919e0,9.96093749999999889e-1,9.71527324491808342e-1,6.17422450294404901e-1
1.25000000000000000e0,1.00000000000000003e-300,0.00000000000000000e0,1.00000000000000000e0
8.00000000000000000e0,1.57053850493866776e-1,3.70159336306391988e-7,9.99999953730075442e-1
3.52505035803187639e0,5.19382344209589064e-1,9.93294406386819317e-2,9.70758264889504341e-1
3.54981270706048235e0,5.07577299599688558e-1,9.00716119344828620e-2,9.73760440649267256e-1
1.25000000000000000e0,3.39843750000000000e-1,2.59477144011747651e-1,7.86376947840565776e-1
8.00000000000000000e0,3.43749999999999944e-1,1.94958266547473369e-4,9.99975628137826034e-1
6.24963702278910205e0,3.47656250000000056e-1,1.35629546746554022e-3,9.99782856395821762e-1
7.78669736842857674e0,9.96093749999999889e-1,9.69983372344821904e-1,6.37465219248701809e-1
1.25000000000000000e0,1.00000000000000003e-300,0.00000000000000000e0,1.00000000000000000e0
8.00000000000000000e0,2.29668148631390068e-1,7.74116200453164565e-6,9.99999032351472250e-1
6.85920197644736618e0,6.05144376822863705e-1,3.18953106015518392e-2,9.95285373596560441e-1
5.06114131456706673e0,5.47093986083382333e-1,4.72383225098304549e-2,9.90484382838002442e-1
1.25000000000000000e0,3.71093750000000000e-1,2.89637339773880620e-1,7.60648651999794145e-1
8.00000000000000000e0,3.74999999999999944e-1,3.91066074371337457e-4,9.99951108375153219e-1
6.82909569895127788e0,3.78906250000000056e-1,1.32358889920188797e-3,9.99806074296371028e-1
6.72948356071719900e0,9.96093749999999889e-1,9.74005312405006984e-1,5.81369371628464138e-1
1.25000000000000000e0,1.00000000000000003e-300,0.00000000000000000e0,1.00000000000000000e0
8.00000000000000000e0,1.72333055593298923e-1,7.77944666304481056e-7,9.99999902756883663e-1
1.61150758515577763e0,4.80402512744149135e-1,3.06834703905774386e-1,7.96587267573498736e-1
7.18388947553467005e0,5.15951902480082936e-2,5.64321909109416304e-10,9.99999999921446170e-1
1.25000000000000000e0,4.02343750000000000e-1,3.20439890192540877e-1,7.34145772473511760e-1
8.00000000000000000e0,4.06249999999999944e-1,7.41902768822909862e-4,9.99907232038853788e-1
7.57506992045091465e0,4.10156250000000056e-1,1.16967212581624552e-3,9.99845510822687356e-1
6.15738119429443032e0,9.96093749999999889e-1,9.76188700992377534e-1,5.44977644672668404e-1
1.25000000000000000e0,1.00000000000000003e-300,0.00000000000000000e0,1.00000000000000000e0
8.00000000000000000e0,3.66446635225656792e-1,3.25151608119478579e-4,9.99959350266052205e-1
7.52244011545553803e0,6.60320454426255310e-2,1.32335325037744188e-9,9.99999999824079278e-1
7.90999059646856040e0,7.01330783381308720e-1,6.04298618645988245e-2,9.92150704630776148e-1
1.25000000000000000e0,4.33593750000000000e-1,3.51846930688807236e-1,7.06874093892895905e-1
8.00000000000000000e0,4.37499999999999944e-1,1.34222232736646999e-3,9.99832123603494716e-1
7.71610472269821912e0,4.41406250000000056e-1,1.81775983928568431e-3,9.99764233437983485e-1
2.57889141025952995e0,9.96093749999999889e-1,9.89957247291620934e-1,1.67954407284413493e-1
1.25000000000000000e0,1.00000000000000003e-300,0.00000000000000000e0,1.00000000000000000e0
8.00000000000000000e0,8.93994823595676280e-1,4.08018667521868661e-1,9.36566245578224654e-1
3.71859295829199255e0,1.32402446679407149e-1,5.42861057283918987e-4,9.99853985412965773e-1
4.71196318941656500e0,5.11729960717275389e-1,4.25609360428162373e-2,9.90812091302652131e-1
1.25000000000000000e0,4.64843750000000000e-1,3.83825429971420107e-1,6.78833109594770390e-1
8.00000000000000000e0,4.68749999999999944e-1,2.33093544466100649e-3,9.99708335504410628e-1
3.87613553850678727e0,4.72656250000000056e-1,5.47638381375445960e-2,9.85574993419672252e-1
3.90036948188208044e0,9.96093749999999889e-1,9.84850275958075283e-1,3.41571247370146935e-1
1.25000000000000000e0,1.00000000000000003e-300,0.00000000000000000e0,1.00000000000000000e0
8.00000000000000000e0,4.92667340336083726e-1,3.47080476906374115e-3,9.99565489179016220e-1
2.91420269815716892e0,8.81676683593468624e-1,6.92819937626143467e-1,6.66960998755545154e-1
5.11094654758926481e0,8.98270578254596330e-1,5.77918454128803605e-1,8.44706088427247037e-1
1.25000000000000000e0,4.96093750000000000e-1,4.16346285664162596e-1,6.50016233661506071e-1
8.00000000000000000e0,4.99999999999999944e-1,3.90624999999999653e-3,9.99510882241967824e-1
3.77902084385277703e0,5.03906250000000111e-1,7.50193819934041051e-2,9.79575822591994494e-1
7.56823597353650257e0,9.96093749999999889e-1,9.70813097627491461e-1,6.26907506255727220e-1
1.25000000000000000e0,1.00000000000000003e-300,0.00000000000000000e0,1.00000000000000000e0
8.00000000000000000e0,1.81922172941995086e-1,1.19973430705415756e-6,9.99999850033132853e-1
6.10086495958967134e0,7.82214713872235734e-1,2.23458158466308676e-1,9.59393545520978885e-1
5.73640391026856378e0,6.48956164827723114e-1,8.37127233500089274e-2,9.84875103800585405e-1
1.25000000000000000e0,5.27343750000000000e-1,4.49383636151696519e-1,6.20410717087661601e-1
8.00000000000000000e0,5.31249999999999889e-1,6.34441443344256964e-3,9.99204738168183448e-1
4.55231444700621068e0,5.35156250000000111e-1,5.80708684737294908e-2,9.86944255944009252e-1
4.41941796249011531e0,9.96093749999999889e-1,9.82851580045791984e-1,3.98520419398312453e-1
1.25000000000000000e0,1.00000000000000003e-300,0.00000000000000000e0,1.00000000000000000e0
8.00000000000000000e0,6.21965331101819174e-1,2.23938837428764928e-2,9.97172949382083451e-1
7.60421059327200055e0,7.19153656041271461e-1,8.15158382053895320e-2,9.88880242596798076e-1
2.35893492377363145e0,1.29624414216777950e-1,8.07023014872240881e-3,9.96570880501372103e-1
1.25000000000000000e0,5.58593750000000000e-1,4.82914327048154624e-1,5.89997272368472103e-1
8.00000000000000000e0,5.62499999999999889e-1,1.00225957576185309e-2,9.98741647376524044e-1
6.86295629688538611e0,5.66406250000000111e-1,2.02175490987380434e-2,9.97028342122462941e-1
3.26917274616425857e0,9.96093749999999889e-1,9.87286297726492568e-1,2.63099473074449419e-1
1.25000000000000000e0,1.00000000000000003e-300,0.00000000000000000e0,1.00000000000000000e0
8.00000000000000000e0,5.39382346969432547e-1,7.16430108775756216e-3,9.99101642773470133e-1
3.53660296020098031e0,9.73504875232720224e-1,9.09403452755553787e-1,5.07125903728594341e-1
3.63040202803676948e0,1.42308320309894043e-1,8.43112517223271402e-4,9.99767692350840620e-1
1.25000000000000000e0,5.89843750000000000e-1,5.16917490744259078e-1,5.58749375548330818e-1
8.00000000000000000e0,5.93749999999999889e-1,1.54464606030159986e-2,9.98056016980053862e-1
4.90942417172482237e0,5.97656250000000111e-1,7.98923914392559997e-2,9.83182847753128697e-1
7.39296174852643162e0,9.96093749999999889e-1,9.71479309403646907e-1,6.18072039070269641e-1
1.25000000000000000e0,1.00000000000000003e-300,0.00000000000000000e0,1.00000000000000000e0
8.00000000000000000e0,4.13096170982498734e-1,8.48026367542981390e-4,9.99893957354754059e-1
4.20598850853275508e0,6.81395815718133235e-3,7.71441567223287280e-10,9.99999999816584939e-1
3.70226973254466429e0,5.10557305233305669e-2,1.64752584665684611e-5,9.99995549930524530e-1
1.25000000000000000e0,6.21093750000000000e-1,5.51374210284276467e-1,5.26632174425683330e-1
8.00000000000000000e0,6.24999999999999889e-1,2.32830643653869282e-2,9.97059532040590724e-1
4.12694892234867439e0,6.28906250000000111e-1,1.47493995775640485e-1,9.62071423445639007e-1
3.00692897615954280e0,9.96093749999999889e-1,9.88300164375554568e-1,2.27794783594774730e-1
1.25000000000000000e0,1.00000000000000003e-300,0.00000000000000000e0,1.00000000000000000e0
8.00000000000000000e0,8.25678461287679966e-1,2.16016858362711950e-1,9.70037090841752714e-1
6.81157967547187582e0,7.01987188417660946e-1,8.97964168917980976e-2,9.86282159140156267e-1
3.40343185153324157e0,7.20318064177263295e-1,3.27411316099345595e-1,8.89998325820647418e-1
1.25000000000000000e0,6.52343750000000000e-1,5.86267247226363142e-1,4.93600876511862185e-1
8.00000000000000000e0,6.56249999999999889e-1,3.43996901947320535e-2,9.95633898212438195e-1
5.70291063457261771e0,6.60156250000000111e-1,9.36400143512600841e-2,9.82907665847366552e-1
2.53326958249090239e0,9.96093749999999889e-1,9.90134029088597156e-1,1.61507675051063782e-1
1.25000000000000000e0,1.00000000000000003e-300,0.00000000000000000e0,1.00000000000000000e0
8.00000000000000000e0,5.83907463897048729e-2,1.35130135995875035e-10,9.99999999983108734e-1
7.34905471355887130e0,5.38812471481833200e-1,1.06247939971748136e-2,9.98547584474642869e-1
3.34077239898033440e0,6.49669705030646583e-1,2.36727471689409302e-1,9.22321351184123950e-1
1.25000000000000000e0,6.83593750000000000e-1,6.21580818797580759e-1,4.59598405540625254e-1
8.00000000000000000e0,6.87499999999999889e-1,4.99093162361531825e-2,9.93620704364861940e-1
6.14985165733378381e0,6.91406250000000111e-1,1.03367396011857571e-1,9.82414715667241700e-1
3.68737226852681488e0,9.96093749999999889e-1,9.85671638361375058e-1,3.16204597554578415e-1
1.25000000000000000e0,1.00000000000000003e-300,0.00000000000000000e0,1.00000000000000000e0
8.00000000000000000e0,8.45399915151574533e-1,2.60914129976583586e-1,9.62912584065713673e-1
7.39153413072926924e0,6.03750579421102884e-2,9.74242449428702637e-10,9.99999999868194878e-1
3.33506231755018234e0,6.40187314547802089e-2,1.04462321064329152e-4,9.99968676404959123e-1
1.25000000000000000e0,7.14843750000000000e-1,6.57300413550238272e-1,4.24551973763815704e-1
8.00000000000000000e0,7.18749999999999889e-1,7.12234262036871846e-2,9.90806635906220756e-1
7.61305810487829149e0,7.22656250000000111e-1,8.43411106336637295e-2,9.88493001450089670e-1
1.87107579823350534e0,9.96093749999999889e-1,9.92703547012740106e-1,7.21001308517981304e-2
1.25000000000000000e0,1.00000000000000003e-300,0.00000000000000000e0,1.00000000000000000e0
8.00000000000000000e0,7.51443534804820956e-1,1.01664848569585464e-1,9.86687892833436275e-1
3.86856742959935218e0,9.67574326300564280e-1,8.80276056942333351e-1,5.77717698593037454e-1
4.98227615002542734e0,4.76845508164842613e-1,2.49797947360775041e-2,9.94935453044864193e-1
1.25000000000000000e0,7.46093750000000000e-1,6.93412637461939152e-1,3.88367965075247235e-1
8.00000000000000000e0,7.49999999999999889e-1,1.00112915039062389e-1,9.86900803059380327e-1
7.98372687707887962e0,7.53906250000000111e-1,1.04841971614745760e-1,9.86223186183485034e-1
5.89486857422161847e0,9.96093749999999889e-1,9.77192199520130922e-1,5.26582960901794128e-1
1.25000000000000000e0,1.00000000000000003e-300,0.00000000000000000e0,1.00000000000000000e0
8.00000000000000000e0,4.30574597367012757e-1,1.18137352295152984e-3,9.99852251928979974e-1
5.68771255674073473e0,9.49440598360524746e-1,7.44463335308305885e-1,7.86719372610676371e-1
7.44598849426256493e0,7.06308176049788017e-1,7.50953076017320253e-2,9.89570654117099657e-1
1.25000000000000000e0,7.77343750000000000e-1,7.29905084377545754e-1,3.50924045354857606e-1
8.00000000000000000e0,7.81249999999999889e-1,1.38777878078144401e-1,9.81497950584168777e-1
7.41338725475361571e0,7.85156250000000111e-1,1.66444263597099018e-1,9.75741522776769621e-1
3.00619152479339391e0,9.96093749999999889e-1,9.88303016920715316e-1,2.27693664352799557e-1
1.25000000000000000e0,1.00000000000000003e-300,0.00000000000000000e0,1.00000000000000000e0
8.00000000000000000e0,9.41905634226714028e-1,6.19525458678658825e-1,8.86218272450385647e-1
5.82441132713574916e0,3.13805238238273887e-2,1.75360015546788643e-9,9.99999999698922282e-1
5.09102559159509838e0,1.91611042591830483e-1,2.22220732287944418e-4,9.99956346600099466e-1
1.25000000000000000e0,8.08593750000000000e-1,7.66766226112211458e-1,3.12056441403199991e-1
8.00000000000000000e0,8.12499999999999889e-1,1.89927108818664925e-1,9.74014702210592831e-1
6.61328049394069239e0,8.16406250000000111e-1,2.61463933031685580e-1,9.55204521612740720e-1
3.16425607493147254e0,9.96093749999999889e-1,9.87691793594788203e-1,2.49140402211838280e-1
1.25000000000000000e0,1.00000000000000003e-300,0.00000000000000000e0,1.00000000000000000e0
8.00000000000000000e0,1.68180972191294131e-1,6.40051425499549855e-7,9.99999919993549424e-1
6.66772398509783670e0,4.97267021582956659e-1,9.48295273097589375e-3,9.98572016843355281e-1
6.12074477248825133e0,2.92601067244504520e-1,5.41017160645067426e-4,9.99911589249240174e-1
1.25000000000000000e0,8.39843750000000000e-1,8.03985318582136510e-1,2.71538166274589876e-1
8.00000000000000000e0,8.43749999999999889e-1,2.56868167053653174e-1,9.63569917989745894e-1
5.05717908468795940e0,8.47656250000000111e-1,4.33505403068856598e-1,8.93711309329115244e-1
4.49882358062313870e0,9.96093749999999889e-1,9.82546171393546941e-1,4.06636990300870582e-1
1.25000000000000000e0,1.00000000000000003e-300,0.00000000000000000e0,1.00000000000000000e0
8.00000000000000000e0,2.93719708756725595e-1,5.53942531284325131e-5,9.99993075550543287e-1
1.79264505882747471e0,2.77536020917068527e-1,1.00477586992948537e-1,9.42640905515862437e-1
4.81135278654983267e0,8.48318995331283077e-1,4.53182434363005426e-1,8.82089630251775225e-1
1.25000000000000000e0,8.71093750000000000e-1,8.41552321112263302e-1,2.29038613107511391e-1
8.00000000000000000e0,8.74999999999999889e-1,3.43608915805816317e-1,9.48735899240879754e-1
3.63073601492214948e0,8.78906250000000111e-1,6.25849929354129086e-1,7.62791096304411553e-1
1.76687841844977811e0,9.96093749999999889e-1,9.93108472003730314e-1,5.97794143398074768e-2
1.25000000000000000e0,1.00000000000000003e-300,0.00000000000000000e0,1.00000000000000000e0
8.00000000000000000e0,5.72332181714045873e-1,1.15129159101544018e-2,9.98553584240567282e-1
5.33541265147505328e0,9.42359712644247338e-2,3.36529284824040033e-6,9.99999369252638992e-1
6.37673531688051298e0,6.85781215042879921e-2,3.79021211809950256e-8,9.99999994056187114e-1
1.25000000000000000e0,9.02343750000000000e-1,8.79457826661926401e-1,1.84039571709140370e-1
8.00000000000000000e0,9.06249999999999889e-1,4.54971462168941354e-1,9.26941668579703837e-1
7.57928473426727578e0,9.10156250000000111e-1,4.89923404848078281e-1,9.15009981981105947e-1
2.97542998153949156e0,9.96093749999999889e-1,9.88422013378778996e-1,2.23467520259667290e-1
1.25000000000000000e0,1.00000000000000003e-300,0.00000000000000000e0,1.00000000000000000e0
8.00000000000000000e0,5.74391137320162670e-1,1.18484582353208020e-2,9.98511208021573893e-1
7.21568311972077936e0,6.36599968420341611e-1,3.84382518822334110e-2,9.94582601934768995e-1
2.68926292925607413e0,3.43238925952391583e-1,5.63763527040069684e-2,9.78653519632702196e-1
1.25000000000000000e0,9.33593750000000000e-1,9.17693001162039002e-1,1.35628017310374271e-1
8.00000000000000000e0,9.37499999999999889e-1,5.96719473833217662e-1,8.92690486310700249e-1
5.00885022542206571e0,9.41406250000000111e-1,7.39015091979622119e-1,7.64767171920349043e-1
6.31147922406671569e0,9.96093749999999889e-1,9.75600115501222942e-1,5.55258684209748554e-1
1.25000000000000000e0,1.00000000000000003e-300,0.00000000000000000e0,1.00000000000000000e0
8.00000000000000000e0,9.86791487803202472e-1,8.99089977421229758e-1,7.50743858157711941e-1
4.99227430729661137e0,7.13141658256972732e-1,1.84932547129843194e-1,9.59867360589064966e-1
2.10214188863756135e0,7.47927652628277428e-1,5.43043926870953819e-1,6.88970268620505921e-1
1.25000000000000000e0,9.64843750000000000e-1,9.56249530507097822e-1,8.18061914634310022e-2
8.00000000000000000e0,9.68749999999999889e-1,7.75699879742205001e-1,8.29571241919349389e-1
1.90794420964084566e0,9.72656250000000111e-1,9.48477804180925643e-1,2.11312357779538273e-1
6.88395870226668194e0,9.96093749999999889e-1,9.73416606629159520e-1,5.90405825987452948e-1
1.25000000000000000e0,1.00000000000000003e-300,0.00000000000000000e0,1.00000000000000000e0
8.00000000000000000e0,4.62679090423989692e-1,2.10009521345352239e-3,9.99737246587513728e-1
7.74921733321389183e0,9.11044048352778191e-1,4.85804827265764683e-1,9.17745847818142724e-1
1.93340144149260595e0,2.84836941591493087e-1,8.82095744989688790e-2,9.53359677529214578e-1
1.25000000000000000e0,9.96093750000000000e-1,9.95119574018085040e-1,1.41503174963419943e-2
8.00000000000000000e0,3.90624999999999957e-3,5.42101086242751736e-20,1.00000000000000000e0
3.40250220993766561e0,7.81250000000000173e-3,6.76415298477589768e-8,9.99999980120062415e-1
5.62533691595308483e0,9.96093749999999889e-1,9.78223602822937410e-1,5.06463959564608546e-1
1.25000000000000000e0,1.00000000000000003e-300,0.00000000000000000e0,1.00000000000000000e0
8.00000000000000000e0,7.13513973801127577e-1,6.71768853159261381e-2,9.91345209731602561e-1
6.10609052720246837e0,7.71255048289276601e-1,2.04748579275905840e-1,9.63175714750002410e-1
4.18995327345328405e0,9.93405649833221105e-1,9.72659192721699206e-1,4.23564726029671823e-1
1.25000000000000000e0,3.12500000000000000e-2,1.31390064883392908e-2,9.89474911017593883e-1
8.00000000000000000e0,3.51562499999999931e-2,2.33356742132886566e-12,9.99999999999708344e-1
2.85805768327554688e0,3.90625000000000069e-2,9.44428201955296593e-5,9.99966954578902167e-1
4.50035541952820495e0,9.96093749999999889e-1,9.82540280591743365e-1,4.06792058491572794e-1
1.25000000000000000e0,1.00000000000000003e-300,0.00000000000000000e0,1.00000000000000000e0
8.00000000000000000e0,7.47599407900452206e-1,9.75779275577007138e-2,9.87247888730560796e-1
3.75930589565541595e0,4.30493564117568894e-1,4.20696325444775907e-2,9.88632096631170243e-1
4.63892192050116137e0,9.07955710727037513e-1,6.38947614556192311e-1,8.02835549039930485e-1
1.25000000000000000e0,6.25000000000000000e-2,3.12500000000000000e-2,9.74920881309620624e-1
8.00000000000000000e0,6.64062499999999861e-2,3.78156568613205531e-10,9.99999999952730367e-1
5.50529334496241063e0,7.03125000000000139e-2,4.49340862257838446e-7,9.99999918380199415e-1
1.52655283542117104e0,9.96093749999999889e-1,9.94043039361770298e-1,3.48725690550302433e-2
1.25000000000000000e0,1.00000000000000003e-300,0.00000000000000000e0,1.00000000000000000e0
8.00000000000000000e0,6.89777357215461961e-1,5.12473569859334746e-2,9.93445678324781700e-1
7.85947491385741159e0,5.10563267926045228e-1,5.07484629138269232e-3,9.99352867627285479e-1
2.16675213276175782e0,3.65839470759965479e-1,1.13177185511670872e-1,9.46075188607017226e-1
1.25000000000000000e0,9.37500000000000000e-2,5.18757149859525729e-2,9.58279541706075433e-1
8.00000000000000000e0,9.76562499999999861e-2,8.27180612553026682e-9,9.99999998966024206e-1
5.20397598540876061e0,1.01562500000000014e-1,6.77741963070486689e-6,9.99998697642302092e-1
4.03439017134951428e0,9.96093749999999889e-1,9.84333814626659476e-1,3.56933625861560855e-1
1.25000000000000000e0,1.00000000000000003e-300,0.00000000000000000e0,1.00000000000000000e0
8.00000000000000000e0,5.34777918296640564e-1,6.68940870244829136e-3,9.99161366464860090e-1
3.34321042953524739e0,9.66229252517223358e-1,8.91497043928950461e-1,5.14620842190588124e-1
3.54086247994564474e0,4.98836183146522671e-1,8.52139366792072639e-2,9.75160222470417670e-1
1.25000000000000000e0,1.25000000000000000e-1,7.43254446876700642e-2,9.40083999439220497e-1
8.00000000000000000e0,1.28906249999999972e-1,7.62415639649612996e-8,9.99999990469804145e-1
4.18219375697663054e0,1.32812500000000028e-1,2.15384981653144294e-4,9.99948495300425622e-1
4.02826594008365646e0,9.96093749999999889e-1,9.84357409021444418e-1,3.56241705510265794e-1
1.25000000000000000e0,1.00000000000000003e-300,0.00000000000000000e0,1.00000000000000000e0
8.00000000000000000e0,5.19706479990418302e-1,5.32187972294058571e-3,9.99333210981536935e-1
6.98906705452827737e0,7.30278851865477918e-1,1.11151042154440730e-1,9.83282419298944221e-1
1.83493083517532796e0,4.93981032172996493e-1,2.74144499106546313e-1,8.39781248417359016e-1
1.25000000000000000e0,1.56250000000000000e-1,9.82369866939793307e-2,9.20606283200720688e-1
8.00000000000000000e0,1.60156249999999972e-1,4.32863664027364540e-7,9.99999945892031783e-1
4.10930895881028846e0,1.64062500000000028e-1,5.94608053371966077e-4,9.99855269616851006e-1
2.28097296954365447e0,9.96093749999999889e-1,9.91112233235133311e-1,1.26104739103150176e-1
1.25000000000000000e0,1.00000000000000003e-300,0.00000000000000000e0,1.00000000000000000e0
8.00000000000000000e0,9.54934189526284172e-1,6.91492607174023166e-1,8.63292955261281691e-1
4.15727036225143820e0,9.22854850637122581e-1,7.16226052245785283e-1,7.38612528525607326e-1
7.77687598078045994e0,1.24430754149216227e-1,9.14882305802695611e-8,9.99999988235863002e-1
1.25000000000000000e0,1.87500000000000000e-1,1.23381938714296174e-1,9.00012065233527281e-1
8.00000000000000000e0,1.91406249999999972e-1,1.80156077608106471e-6,9.99999774804725461e-1
3.34794466727180406e0,1.95312500000000028e-1,4.22088399639266709e-3,9.98737390659747870e-1
5.39043387788115069e0,9.96093749999999889e-1,9.79123382290487121e-1,4.87835866511698801e-1
1.25000000000000000e0,1.00000000000000003e-300,0.00000000000000000e0,1.00000000000000000e0
8.00000000000000000e0,5.27803342220067861e-1,6.02250387185756034e-3,9.99245195971491085e-1
6.32165206229547039e0,2.69765662151257857e-1,2.52869063132957976e-4,9.99959995270419788e-1
2.86810608638916165e0,1.51403838253827416e-2,6.03169709862737830e-6,9.99997896971462907e-1
1.25000000000000000e0,2.18750000000000000e-1,1.49601199985494732e-1,8.78411698429618637e-1
8.00000000000000000e0,2.22656249999999972e-1,6.04058671095299814e-6,9.99999244924665631e-1
3.43774652754655108e0,2.26562500000000028e-1,6.07155429698693662e-3,9.98230041129544166e-1
6.27960671979235485e0,9.96093749999999889e-1,9.75721825082836225e-1,5.53162450528823846e-1
1.25000000000000000e0,1.00000000000000003e-300,0.00000000000000000e0,1.00000000000000000e0
8.00000000000000000e0,1.10721834967080213e-1,2.25873976190859321e-8,9.99999997176575284e-1
2.93452514469390735e0,3.99809326027025236e-1,6.78621138489268749e-2,9.76336970154522366e-1
3.37942314770771191e0,6.41733514062252652e-1,2.23341836776299429e-1,9.27936160249051234e-1
1.25000000000000000e0,2.50000000000000000e-1,1.76776695296636865e-1,8.55882457754387982e-1
8.00000000000000000e0,2.53906249999999944e-1,1.72737699193626042e-5,9.99997840762442025e-1
1.58407672628527507e0,2.57812500000000056e-1,1.16804700556486230e-1,9.24584411120719207e-1
7.89239533257205039e0,9.96093749999999889e-1,9.69582181759359951e-1,6.42400521122052703e-1
1.25000000000000000e0,1.00000000000000003e-300,0.00000000000000000e0,1.00000000000000000e0
8.00000000000000000e0,1.04222312952515495e-1,1.39214879592594435e-8,9.99999998259814005e-1
5.33158983726752922e0,8.55864335385376762e-1,4.36124824939786160e-1,8.98114176413557508e-1
2.42062383523443714e0,2.58674553169839783e-1,3.78876463882588180e-2,9.84170391054186244e-1
1.25000000000000000e0,2.81250000000000000e-1,2.04816841189027071e-1,8.32479866389307155e-1
8.00000000000000000e0,2.85156249999999944e-1,4.37182891827210405e-5,9.99994535109325677e-1
1.91319154086522758e0,2.89062500000000056e-1,9.30623433586789534e-2,9.50224632090604593e-1
2.54531870083883405e0,9.96093749999999889e-1,9.90087336423152609e-1,1.63210110574558642e-1
1.25000000000000000e0,1.00000000000000003e-300,0.00000000000000000e0,1.00000000000000000e0
8.00000000000000000e0,2.92526937591901515e-1,5.36200132656738834e-5,9.99993297341104204e-1
3.69221180706517771e0,1.42372167970279406e-1,7.48628148117927092e-4,9.99797185914008124e-1
7.58413820667192340e0,6.10805585288289876e-1,2.37825686865560763e-2,9.96831309836579305e-1
1.25000000000000000e0,3.12500000000000000e-1,2.33648247065815717e-1,8.08244064758564473e-1
8.00000000000000000e0,3.16406249999999944e-1,1.00452425720633150e-4,9.99987442894915701e-1
4.24839427706319839e0,3.20312500000000056e-1,7.93383074709079657e-3,9.98126819731406933e-1
4.95433804875938222e0,9.96093749999999889e-1,9.80796011559870062e-1,4.50312541162508406e-1
1.25000000000000000e0,1.00000000000000003e-300,0.00000000000000000e0,1.00000000000000000e0
8.00000000000000000e0,5.91909157051304646e-1,1.50674746596329671e-2,9.98104031829078364e-1
4.49743709020549431e0,8.11953899487889430e-1,3.91852874049336053e-1,8.95312343268611643e-1
6.55354353232542053e0,8.58719121688409359e-1,3.68545001518050364e-1,9.32254323786645411e-1
1.25000000000000000e0,3.43750000000000000e-1,2.63210605075755055e-1,7.83203632262817862e-1
8.00000000000000000e0,3.47656249999999944e-1,2.13402906766215405e-4,9.99973322145809473e-1
5.69919468491571024e0,3.51562500000000056e-1,2.58571177124237994e-3,9.99545817849049389e-1
5.94192706438479945e0,9.96093749999999889e-1,9.77012234691797765e-1,5.29964968447644402e-1
1.25000000000000000e0,1.00000000000000003e-300,0.00000000000000000e0,1.00000000000000000e0
8.00000000000000000e0,6.33260762151621748e-1,2.58619122764458878e-2,9.96730081423660152e-1
6.34149685979355127e0,6.32547232848992280e-1,5.47812113971382353e-2,9.91155190163775068e-1
3.02155811188276857e0,7.12133951356008765e-1,3.58514382471276039e-1,8.63351272251034030e-1
1.25000000000000000e0,3.75000000000000000e-1,2.93453358763741345e-1,7.57377970690611857e-1
8.00000000000000000e0,3.78906249999999944e-1,4.24868126486718355e-4,9.99946881609766414e-1
3.43313330825185403e0,3.82812500000000056e-1,3.70114181041729801e-2,9.89074897372989481e-1
3.87322182970819995e0,9.96093749999999889e-1,9.84954924988720282e-1,3.38403013861555801e-1
1.25000000000000000e0,1.00000000000000003e-300,0.00000000000000000e0,1.00000000000000000e0
8.00000000000000000e0,2.05647791131013946e-1,3.19883907763906726e-6,9.99999600144555689e-1
7.31330252334009856e0,8.47115551155184221e-1,2.97182227291933609e-1,9.52922793357283915e-1
3.54941242665518075e0,7.42070909354879404e-1,3.46862473446314712e-1,8.86910923058813250e-1
1.25000000000000000e0,4.06250000000000000e-1,3.24333431863059574e-1,7.30778807734985048e-1
8.00000000000000000e0,4.10156249999999944e-1,8.00930200953317399e-4,9.99899848625869669e-1
3.07688386854715645e0,4.14062500000000056e-1,6.63370637861342705e-2,9.77938772874387685e-1
2.68191410979488865e0,9.96093749999999889e-1,9.89558156727503357e-1,1.82501050742804732e-1
1.25000000000000000e0,1.00000000000000003e-300,0.00000000000000000e0,1.00000000000000000e0
8.00000000000000000e0,4.04714507726566808e-1,7.19764101004409388e-4,9.99910001143196947e-1
3.39290283847367391e0,5.06024648038874147e-1,9.91478325111772030e-2,9.69694436686713734e-1
7.23020081751747057e0,8.11039561490360938e-1,2.19966060324922330e-1,9.66225185424471333e-1
1.25000000000000000e0,4.37500000000000000e-1,3.55813622871390622e-1,7.03411119102827165e-1
8.00000000000000000e0,4.41406249999999944e-1,1.44114548469031220e-3,9.99819743131518224e-1
3.79421962262131274e0,4.45312500000000056e-1,4.64469730676899950e-2,9.87543314066554601e-1
2.26208227255847305e0,9.96093749999999889e-1,9.91185515101834280e-1,1.23490070569515289e-1
1.25000000000000000e0,1.00000000000000003e-300,0.00000000000000000e0,1.00000000000000000e0
8.00000000000000000e0,4.85665442556637572e-2,3.09526344953626568e-11,9.99999999996130873e-1
6.68734331987798214e0,2.35777286357006233e-1,6.36363419769728477e-5,9.99990483804851560e-1
4.26914887933526188e0,7.86604663489924860e-1,3.58896357599806037e-1,9.01104415286128280e-1
1.25000000000000000e0,4.68750000000000000e-1,3.87861435896117934e-1,6.75273632934104806e-1
8.00000000000000000e0,4.72656249999999944e-1,2.49093984716034769e-3,9.99688292665906530e-1
4.55524771759519354e0,4.76562500000000056e-1,3.41787559721289658e-2,9.92394684066711386e-1
3.61214392638066784e0,9.96093749999999889e-1,9.85961898460327557e-1,3.06968373020004459e-1
1.25000000000000000e0,1.00000000000000003e-300,0.00000000000000000e0,1.00000000000000000e0
8.00000000000000000e0,1.05088896530105558e-1,1.48749205430426893e-8,9.99999998140634894e-1
5.33240227471105754e0,7.33583391256615869e-1,1.91656059612181462e-1,9.60884659489035120e-1
2.70627839124063030e0,4.24334841650306771e-1,9.82824738942528892e-2,9.62494050066439844e-1
1.25000000000000000e0,5.00000000000000000e-1,4.20448207626857307e-1,6.46359003387838027e-1
8.00000000000000000e0,5.03906249999999889e-1,4.15717167836864715e-3,9.99479405963667245e-1
6.94035354920197278e0,5.07812500000000111e-1,9.06728898487422011e-3,9.98688442538983812e-1
7.18794831522973254e0,9.96093749999999889e-1,9.72259139110252746e-1,6.07301158513199102e-1
1.25000000000000000e0,1.00000000000000003e-300,0.00000000000000000e0,1.00000000000000000e0
8.00000000000000000e0,2.36560573830502108e-2,9.80706197907187684e-14,9.99999999999987788e-1
7.64543724490795285e0,5.88284065293009917e-1,1.73138048181909858e-2,9.97718180540818844e-1
4.37544120789971203e0,8.69914345871620753e-1,5.43479232011695679e-1,8.35930666652309307e-1
1.25000000000000000e0,5.31250000000000000e-1,4.53548441374382105e-1,6.16653690845822000e-1
8.00000000000000000e0,5.35156249999999889e-1,6.72736226359563812e-3,9.99156594245792284e-1
2.90188477846095338e0,5.39062500000000111e-1,1.66436145866857454e-1,9.39193870970479572e-1
2.44584278162801638e0,9.96093749999999889e-1,9.90472890822707175e-1,1.49170885541164477e-1
1.25000000000000000e0,1.00000000000000003e-300,0.00000000000000000e0,1.00000000000000000e0
8.00000000000000000e0,4.53696106419556600e-1,1.79523132495143880e-3,9.99775419636458995e-1
4.17651095864130184e0,6.77843353778371238e-1,1.97110539663315765e-1,9.48792662447721535e-1
7.81701226258883253e0,6.37831470417040691e-1,2.97429447747443870e-2,9.96144818941216759e-1
1.25000000000000000e0,5.62500000000000000e-1,4.87139289628746752e-1,5.86137548621282645e-1
8.00000000000000000e0,5.66406249999999889e-1,1.05931298380936741e-2,9.98669681103891538e-1
5.99218842171831056e0,5.70312500000000111e-1,3.45606964899190586e-2,9.94147543459958816e-1
3.67652812786400318e0,9.96093749999999889e-1,9.85713473987100519e-1,3.14882046568324470e-1
1.25000000000000000e0,1.00000000000000003e-300,0.00000000000000000e0,1.00000000000000000e0
8.00000000000000000e0,6.30047019194535096e-1,2.48303985134483013e-2,9.96861949895376909e-1
3.14246259653009474e0,3.00467106703763420e-1,2.28557986049682943e-2,9.92669382264016797e-1
5.84171649283962324e0,6.30539199473787448e-1,6.76043776206798341e-2,9.88089055187370557e-1
1.25000000000000000e0,5.93750000000000000e-1,5.21200145513764590e-1,5.54783080617820890e-1
8.00000000000000000e0,5.97656249999999889e-1,1.62784003034100178e-2,9.97950559339919496e-1
7.49452059529721737e0,6.01562500000000111e-1,2.21725210818193644e-2,9.97012681654232291e-1
4.64953734679147601e0,9.96093749999999889e-1,9.81966759432948200e-1,4.21623475810622872e-1
1.25000000000000000e0,1.00000000000000003e-300,0.00000000000000000e0,1.00000000000000000e0
8.00000000000000000e0,6.76729049655477866e-1,4.39864139750823779e-2,9.94392884543617184e-1
1.95962197449989617e0,3.85429421157823526e-1,1.54386191703801884e-1,9.17985292021650467e-1
2.55740015185438097e0,5.31932635658449726e-2,5.51449272930813229e-4,9.99784334925495344e-1
1.25000000000000000e0,6.25000000000000000e-1,5.55712315637163390e-1,5.22554292791055919e-1
8.00000000000000000e0,6.28906249999999889e-1,2.44730042578245391e-2,9.96907610622218443e-1
7.91636910586385056e0,6.32812500000000111e-1,2.67189839550437992e-2,9.96584778765921553e-1
4.52553228457691148e0,9.96093749999999889e-1,9.82443466122609133e-1,4.09332569413630609e-1
1.25000000000000000e0,1.00000000000000003e-300,0.00000000000000000e0,1.00000000000000000e0
8.00000000000000000e0,5.65856972689289250e-1,1.05112260100540325e-2,9.98680014555947460e-1
6.74947821092791855e0,9.54499901868075540e-1,7.30294108815595422e-1,8.23532899339429303e-1
5.59409385279286653e0,7.34484556132883881e-1,1.77948556375688183e-1,9.65577968375731732e-1
1.25000000000000000e0,6.56250000000000000e-1,5.90658754822255272e-1,4.89405003434716157e-1
8.00000000000000000e0,6.60156249999999889e-1,3.60723066642170270e-2,9.95418154564847946e-1
6.49106132716406137e0,6.64062500000000111e-1,7.01370395227262911e-2,9.88859718270038823e-1
7.04805917193880305e0,9.96093749999999889e-1,9.72791608431725185e-1,5.99668033061181438e-1
1.25000000000000000e0,1.00000000000000003e-300,0.00000000000000000e0,1.00000000000000000e0
8.00000000000000000e0,4.77557604658613855e-1,2.70524200069668062e-3,9.99661443850503484e-1
5.79097476287279278e0,4.57787696204832173e-1,1.08371344217535331e-2,9.98120171550826663e-1
6.04367381718475372e0,4.69238821719955013e-1,1.03279025710798587e-2,9.98283710491594589e-1
1.25000000000000000e0,6.87500000000000000e-1,6.26023848600518518e-1,4.55276387257092574e-1
8.00000000000000000e0,6.91406249999999889e-1,5.22235521495053104e-2,9.93317848153097427e-1
7.59978840278927237e0,6.95312500000000111e-1,6.31832084198477167e-2,9.91448698521091520e-1
2.36571532289963216e0,9.96093749999999889e-1,9.90783562537094764e-1,1.37914641563998630e-1
1.25000000000000000e0,1.00000000000000003e-300,0.00000000000000000e0,1.00000000000000000e0
8.00000000000000000e0,2.32500140332376759e-1,8.53858202652546419e-6,9.99998932673259566e-1
1.61946985934628174e0,7.30085958639392629e-2,1.44300702412163920e-2,9.91064877099214536e-1
5.77830048132454976e0,4.30019594286932261e-1,7.62403620990688164e-3,9.98676395989820387e-1
1.25000000000000000e0,7.18750000000000000e-1,6.61793233067654585e-1,4.20093376574507404e-1
8.00000000000000000e0,7.22656249999999889e-1,7.43796456006219076e-2,9.90385132172570071e-1
4.60662731406046078e0,7.26562500000000111e-1,2.29581196753399941e-1,9.44954360629446599e-1
3.65698563522892073e0,9.96093749999999889e-1,9.85788871480702489e-1,3.12491102797143427e-1
1.25000000000000000e0,1.00000000000000003e-300,0.00000000000000000e0,1.00000000000000000e0
8.00000000000000000e0,6.95469002316713159e-1,5.47295935534330077e-2,9.92989160404597948e-1
5.09138425270793959e0,1.09032776431376988e-1,1.25844206906258443e-5,9.99997528278421366e-1
5.43078847159631550e0,8.72771813878898683e-1,4.77577952876015677e-1,8.87314945556343382e-1
1.25000000000000000e0,7.50000000000000000e-1,6.97953644326574696e-1,3.83759270689762455e-1
8.00000000000000000e0,7.53906249999999889e-1,1.04361124392823038e-1,9.86317223452427450e-1
6.25135278055677190e0,7.57812500000000111e-1,1.76643679432671979e-1,9.69386515986114250e-1
3.35444078000728041e0,9.96093749999999889e-1,9.86956865150840024e-1,2.74266156378747072e-1
1.25000000000000000e0,1.00000000000000003e-300,0.00000000000000000e0,1.00000000000000000e0
8.00000000000000000e0,1.31364182079778402e-1,8.86779671390928497e-8,9.99999988915253657e-1
7.14252311905147508e0,4.87483717815848649e-1,5.90538075957807319e-3,9.99171100842459525e-1
2.32446383516071364e0,8.34838269629472052e-1,6.57305847806652577e-1,6.30832016106709359e-1
1.25000000000000000e0,7.81250000000000000e-1,7.34492791618436280e-1,3.46147383494430416e-1
8.00000000000000000e0,7.85156249999999889e-1,1.44427115256950539e-1,9.80690857330018151e-1
2.58824842894682661e0,7.89062500000000111e-1,5.41625064044080617e-1,7.39790456810246466e-1
2.03110903425840661e0,9.96093749999999889e-1,9.92081957888957144e-1,9.23424902840992434e-2
1.25000000000000000e0,1.00000000000000003e-300,0.00000000000000000e0,1.00000000000000000e0
8.00000000000000000e0,4.72847531959814660e-1,2.49901586085850671e-3,9.99687280955178115e-1
7.62807528604753315e0,8.37739410708309151e-1,2.59101100915361260e-1,9.61448647132538636e-1
4.94283269223524258e0,5.48365469662712712e-1,5.13176969947506598e-2,9.89398475966144497e-1
1.25000000000000000e0,8.12500000000000000e-1,7.71399249609601378e-1,3.07087487610373744e-1
8.00000000000000000e0,8.16406249999999889e-1,1.97356105463093290e-1,9.72893637715531945e-1
3.09811528219142929e0,8.20312500000000111e-1,5.41374811968945213e-1,7.77546617526013506e-1
3.48897979012690485e0,9.96093749999999889e-1,9.86437297968708160e-1,2.91540684716841692e-1
1.25000000000000000e0,1.00000000000000003e-300,0.00000000000000000e0,1.00000000000000000e0
8.00000000000000000e0,5.85786846668270300e-1,1.38649058876691642e-2,9.98256281861013117e-1
5.11435413383878767e0,7.04709589026606409e-1,1.66982223966349791e-1,9.64907493491918511e-1
2.40245340409455821e0,1.30969374822598184e-3,1.18613648035664997e-7,9.99999950628115419e-1
1.25000000000000000e0,8.43750000000000000e-1,8.08662366311688641e-1,2.66342406184980895e-1
8.00000000000000000e0,8.47656249999999889e-1,2.66537394668921346e-1,9.61993742533708174e-1
2.42631919070845470e0,8.51562500000000111e-1,6.77147100840229332e-1,6.27534766891430285e-1
6.41526533634169027e0,9.96093749999999889e-1,9.75203899023429521e-1,5.61978081294658427e-1
1.25000000000000000e0,1.00000000000000003e-300,0.00000000000000000e0,1.00000000000000000e0
8.00000000000000000e0,3.74644303374225274e-1,3.88108421761025374e-4,9.99951478207804390e-1
3.13975599408149719e0,4.81673326303280191e-1,1.00906830421490235e-1,9.66689446052657830e-1
2.45060987066244707e0,4.27393207642126072e-1,1.24538179071326027e-1,9.47172802153763982e-1
1.25000000000000000e0,8.75000000000000000e-1,8.46272183867105343e-1,2.23564048745042765e-1
8.00000000000000000e0,8.78906249999999889e-1,3.56074130451792426e-1,9.46464837913302715e-1
6.41093109612120315e0,8.82812500000000111e-1,4.49745177930293782e-1,9.11029040420916036e-1
5.93823388416785747e0,9.96093749999999889e-1,9.77026357247342103e-1,5.29700909712037538e-1
1.25000000000000000e0,1.00000000000000003e-300,0.00000000000000000e0,1.00000000000000000e0
8.00000000000000000e0,4.96158680384723993e-1,3.67252491283433062e-3,9.99540195094059891e-1
7.58690394868608564e0,5.16832956777761865e-1,6.68675630997900023e-3,9.99116075909310397e-1
4.67732131114462391e0,5.86691626267565880e-2,1.73563072779441709e-6,9.99999628926088957e-1
1.25000000000000000e0,9.06250000000000000e-1,8.84219370004389993e-1,1.78200421393898578e-1
8.00000000000000000e0,9.10156249999999889e-1,4.70898867214556038e-1,9.23511560749541327e-1
6.88864071550779045e0,9.14062500000000111e-1,5.38489130514542280e-1,8.93820806488145658e-1
5.81500825408147648e0,9.96093749999999889e-1,9.77497683586355914e-1,5.20756250244166718e-1
1.25000000000000000e0,1.00000000000000003e-300,0.00000000000000000e0,1.00000000000000000e0
8.00000000000000000e0,8.00300021082875901e-1,1.68276173042717941e-1,9.77231354547710929e-1
6.36746223299996927e0,5.19108242169750156e-1,1.53785570434253442e-2,9.97569017668078817e-1
6.81046232272638008e0,5.53554461853309476e-1,1.78157159365206451e-2,9.97363964168505590e-1
1.25000000000000000e0,9.37500000000000000e-1,9.22495158405670534e-1,1.29259677010167801e-1
8.00000000000000000e0,9.41406249999999889e-1,6.16902624825808377e-1,8.86979631890901565e-1
4.09897391661070287e0,9.45312500000000111e-1,7.94116471867882145e-1,6.80062343271612635e-1
1.73114454845199361e0,9.96093749999999889e-1,9.93247376645920221e-1,5.57428730314367613e-2
1.25000000000000000e0,1.00000000000000003e-300,0.00000000000000000e0,1.00000000000000000e0
8.00000000000000000e0,1.56169589886303584e-1,3.53811348230820590e-7,9.99999955773574589e-1
5.52540309022879228e0,1.29206352457913454e-1,1.22881110887486938e-5,9.99997776058556553e-1
1.33851783233694732e0,6.31242014483177627e-1,5.40205056894646929e-1,5.59633094264713749e-1
1.25000000000000000e0,9.68750000000000000e-1,9.61091296567379794e-1,7.44796122736767624e-2
8.00000000000000000e0,9.72656249999999889e-1,8.01078460026175887e-1,8.17212924612359171e-1
3.29268558602780104e0,9.76562500000000111e-1,9.24880198175529356e-1,4.55577989131247696e-1
5.90496801369590685e0,9.96093749999999889e-1,9.77153573645294093e-1,5.27311976660731041e-1
1.25000000000000000e0,1.00000000000000003e-300,0.00000000000000000e0,1.00000000000000000e0
8.00000000000000000e0,4.86732904637392494e-1,3.15010953315010469e-3,9.99605692563046766e-1
1.44791159027954563e0,8.78918572693692113e-1,8.29550040338508765e-1,2.94647306324203495e-1
3.09393164748325944e0,8.17766053369268775e-1,5.36636663361674149e-1,7.79868581552640383e-1
1.25000000000000000e0,3.90625000000000000e-3,9.76562500000000000e-4,9.99218673676236402e-1
8.00000000000000000e0,7.81249999999999913e-3,1.38777878078144444e-17,1.00000000000000000e0
5.53374811512185261e0,1.17187500000000017e-2,2.05909069096256069e-11,9.99999999996279088e-1
4.01669996039709076e0,9.96093749999999889e-1,9.84401970000014837e-1,3.54932342683233704e-1
1.25000000000000000e0,1.00000000000000003e-300,0.00000000000000000e0,1.00000000000000000e0
8.00000000000000000e0,8.57379575513732561e-1,2.92001490526800800e-1,9.57754150976097063e-1
6.55637044756440446e0,1.97064057761053846e-1,2.37238375766289810e-5,9.99996381522938904e-1
7.75962071359390393e0,7.76811848404577177e-1,1.40894009554927063e-1,9.80619339588734373e-1
1.25000000000000000e0,3.51562500000000000e-2,1.52231028008983360e-2,9.87802864485006871e-1
8.00000000000000000e0,3.90624999999999931e-2,5.42101086242751409e-12,9.99999999999322320e-1
4.40548036678228527e0,4.29687500000000069e-2,9.51439423867116072e-7,9.99999784032683303e-1
5.00778938923031092e0,9.96093749999999889e-1,9.80590847391097808e-1,4.55128362549250876e-1
1.25000000000000000e0,1.00000000000000003e-300,0.00000000000000000e0,1.00000000000000000e0
8.00000000000000000e0,7.11138389933694270e-1,6.54083197768439428e-2,9.91579954989765255e-1
3.05442061688518152e0,6.07875607365713222e-1,2.18614625391062301e-1,9.22411479640043996e-1
3.87425774964503944e0,9.93613809037015017e-1,9.75484419779720668e-1,3.83965802752744279e-1
1.25000000000000000e0,6.64062500000000000e-2,3.37101895925506073e-2,9.72939689105993155e-1
8.00000000000000000e0,7.03124999999999861e-2,5.97393259860189609e-10,9.99999999925325844e-1
4.13326653197873384e0,7.42187500000000139e-2,2.14551626812731805e-5,9.99994809108729288e-1
4.19590751500800252e0,9.96093749999999889e-1,9.83711752224796010e-1,3.74835358463548207e-1
1.25000000000000000e0,1.00000000000000003e-300,0.00000000000000000e0,1.00000000000000000e0
8.00000000000000000e0,4.63886902603007911e-1,2.14435599556081491e-3,9.99731703695524332e-1
6.13470121176214889e0,8.36204191268734576e-1,3.33740888761096199e-1,9.35949849803082379e-1
7.29605628974968567e0,7.03178010285228083e-1,7.65913425061599817e-2,9.89137988872788920e-1
1.25000000000000000e0,9.76562500000000000e-2,5.45915033569284586e-2,9.56083010485366813e-1
8.00000000000000000e0,1.01562499999999986e-1,1.13205378543534830e-8,9.99999998584932714e-1
7.25227846601046622e0,1.05468750000000014e-1,8.23041553713211786e-8,9.99999988651268934e-1
1.80788195377681404e0,9.96093749999999889e-1,9.92949107060704272e-1,6.45344815884390938e-2
1.25000000000000000e0,1.00000000000000003e-300,0.00000000000000000e0,1.00000000000000000e0
8.00000000000000000e0,4.01697011807300441e-1,6.77936174684163912e-4,9.99915232833273770e-1
3.68116337794344872e0,2.60086044763738755e-1,7.02991873852256473e-3,9.98085390781057735e-1
7.51063204387901351e0,7.62972466850442288e-1,1.31089324034352056e-1,9.81465118616629217e-1
1.25000000000000000e0,1.28906250000000000e-1,7.72400361217169956e-2,9.37715283952770595e-1
8.00000000000000000e0,1.32812499999999972e-1,9.68080815649806158e-8,9.99999987898989251e-1
4.43750215484760702e0,1.36718750000000028e-1,1.46296938725058295e-4,9.99967029823501385e-1
7.10724809381645173e0,9.96093749999999889e-1,9.72566278133401019e-1,6.02926568527500928e-1
1.25000000000000000e0,1.00000000000000003e-300,0.00000000000000000e0,1.00000000000000000e0
8.00000000000000000e0,9.91980718872582656e-1,9.37617807168698580e-1,7.06940039138326259e-1
6.58224761905148625e0,6.36251356377215416e-1,5.09842009929888235e-2,9.92081372395920091e-1
5.05292576021747664e0,9.39851829821236606e-1,7.30922118480976213e-1,7.71205154275621529e-1
1.25000000000000000e0,1.60156250000000000e-1,1.01316426671723595e-1,9.18090392718665660e-1
8.00000000000000000e0,1.64062499999999972e-1,5.24897616496765953e-7,9.99999934387782896e-1
3.73879571282304823e0,1.67968750000000028e-1,1.26849161560591570e-3,9.99660564124130957e-1
2.13114840281195939e0,9.96093749999999889e-1,9.91693590170790618e-1,1.05614883149784858e-1
1.25000000000000000e0,1.00000000000000003e-300,0.00000000000000000e0,1.00000000000000000e0
8.00000000000000000e0,9.07272483314045530e-1,4.59094314902575962e-1,9.26062276169131615e-1
4.37213182036066428e0,5.19135948397888569e-1,5.69077548586575041e-2,9.86688339093497846e-1
5.67647005617618561e0,7.73527329142780218e-1,2.32774517849931195e-1,9.54393272381152902e-1
1.25000000000000000e0,1.91406250000000000e-1,1.26603334220864200e-1,8.97365200467358903e-1
8.00000000000000000e0,1.95312499999999972e-1,2.11758236813574831e-6,9.99999735301958736e-1
5.70097532647196203e0,1.99218750000000028e-1,1.01274199641024029e-4,9.99982234894417621e-1
2.22277998120989650e0,9.96093749999999889e-1,9.91337996150673528e-1,1.18075868117995003e-1
1.25000000000000000e0,1.00000000000000003e-300,0.00000000000000000e0,1.00000000000000000e0
8.00000000000000000e0,3.03099427283086698e-1,7.12329492938271788e-5,9.99991095603834257e-1
2.11910898756468669e0,1.18031471702124691e-1,1.08009571881819560e-2,9.94888449649320550e-1
1.99626678397180513e0,2.50195498106222658e-1,6.29224080153324566e-2,9.67968857996109433e-1
1.25000000000000000e0,2.22656250000000000e-1,1.52947933289164978e-1,8.75645026163489826e-1
8.00000000000000000e0,2.26562499999999972e-1,6.94231357069307486e-6,9.99999132208167940e-1
6.86795395950321108e0,2.30468750000000028e-1,4.19226647246726133e-5,9.99993895792575693e-1
5.67545595014235005e0,9.96093749999999889e-1,9.78031732465054704e-1,5.10303918238392273e-1
1.25000000000000000e0,1.00000000000000003e-300,0.00000000000000000e0,1.00000000000000000e0
8.00000000000000000e0,8.59918812220712425e-1,2.98992021861818169e-1,9.56566946568218945e-1
6.02621825970709324e0,4.78659248437907081e-2,1.11058375921193194e-8,9.99999998157080072e-1
3.73948671849211678e0,8.61263784886432404e-1,5.72061379655848690e-1,7.96939532113104865e-1
1.25000000000000000e0,2.53906250000000000e-1,1.80236082459168973e-1,8.53003943427088962e-1
8.00000000000000000e0,2.57812499999999944e-1,1.95178403750300927e-5,9.99997560249119899e-1
7.52030847436981276e0,2.61718750000000056e-1,4.18734162312360119e-5,9.99994431853891586e-1
5.44983293302357197e0,9.96093749999999889e-1,9.78895780262794113e-1,4.92646498681958256e-1
1.25000000000000000e0,1.00000000000000003e-300,0.00000000000000000e0,1.00000000000000000e0
8.00000000000000000e0,2.44381650736613665e-2,1.27218055219123260e-13,9.99999999999984124e-1
2.48026699078036472e0,1.94585783847287530e-1,1.72506612675045259e-2,9.93008701063138766e-1
2.23331922700162977e0,5.19634759766631760e-1,2.31773250466847353e-1,8.88640872385992653e-1
1.25000000000000000e0,2.85156250000000000e-1,2.08378841167479345e-1,8.29495272046510856e-1
8.00000000000000000e0,2.89062499999999944e-1,4.87454445408235602e-5,9.99993906689484513e-1
5.82481416611699387e0,2.92968750000000056e-1,7.84030836224024284e-4,9.99865354409301021e-1
2.82875341875478625e0,9.96093749999999889e-1,9.88989606924692177e-1,2.03119962725153230e-1
1.25000000000000000e0,1.00000000000000003e-300,0.00000000000000000e0,1.00000000000000000e0
8.00000000000000000e0,5.81810884882543178e-1,1.31296979834225631e-2,9.98349282129922133e-1
5.75647697894601151e0,7.39168576665178989e-1,1.75559751061667602e-1,9.67019863186199369e-1
6.62266767176333815e0,8.43389773381204577e-1,3.23675789948296044e-1,9.42657615043522079e-1
1.25000000000000000e0,3.16406250000000000e-1,2.37304687500000000e-1,8.05157535361904153e-1
8.00000000000000000e0,3.20312499999999944e-1,1.10813097991005322e-4,9.99986147691167115e-1
4.04584677505772561e0,3.24218750000000056e-1,1.04936364458140773e-2,9.97396010613646578e-1
6.90912306361133233e0,9.96093749999999889e-1,9.73320738792564866e-1,5.91848328994471262e-1
1.25000000000000000e0,1.00000000000000003e-300,0.00000000000000000e0,1.00000000000000000e0
8.00000000000000000e0,2.06116707631736062e-1,3.25765863833327046e-6,9.99999592792089831e-1
4.85620756802381948e0,4.25059316471561033e-1,1.56918389377190756e-2,9.96748382198983873e-1
5.07466281164670363e0,9.29520483391570451e-1,6.90120530989946745e-1,7.93845089302994467e-1
1.25000000000000000e0,3.47656250000000000e-1,2.66954687843774630e-1,7.80018057221357641e-1
8.00000000000000000e0,3.51562499999999944e-1,2.33356742132886631e-4,9.99970827428770970e-1
4.22676670062355697e0,3.55468750000000056e-1,1.26282284457177735e-2,9.96997810219956038e-1
3.84047655086033046e0,9.96093749999999889e-1,9.85081166600110913e-1,3.34556240416870099e-1
1.25000000000000000e0,1.00000000000000003e-300,0.00000000000000000e0,1.00000000000000000e0
8.00000000000000000e0,7.79158949571865378e-1,1.35834005483883358e-1,9.81916700433004164e-1
5.93561845220392570e0,2.55798753187264083e-1,3.05851740195510675e-4,9.99948465245438012e-1
3.06673358444822952e0,9.54423417751968373e-1,8.66705016051172561e-1,5.18345610468163853e-1
1.25000000000000000e0,3.78906250000000000e-1,2.97279328411479138e-1,7.54095212007456772e-1
8.00000000000000000e0,3.82812499999999944e-1,4.61199558676752565e-4,9.99942338419504750e-1
6.16503180784638971e0,3.86718750000000056e-1,2.85942338411564797e-3,9.99535630225937721e-1
2.63349197880597785e0,9.96093749999999889e-1,9.89745714914195940e-1,1.75668186944602706e-1
1.25000000000000000e0,1.00000000000000003e-300,0.00000000000000000e0,1.00000000000000000e0
8.00000000000000000e0,4.70161439302501094e-1,2.38767964841534548e-3,9.99701227803678760e-1
2.16782898048404604e0,5.38463715647594654e-1,2.61332334133732080e-1,8.69594428421628818e-1
3.95202082645846531e0,2.94665131609690434e-1,7.99422117169632483e-3,9.97971113613482896e-1
1.25000000000000000e0,4.10156250000000000e-1,3.28236344393639023e-1,7.27399842735470537e-1
8.00000000000000000e0,4.14062499999999944e-1,8.64026772509087458e-4,9.99891955804845578e-1
5.95236477808794007e0,4.17968750000000056e-1,5.55788776943265655e-3,9.99064106108256245e-1
2.16569550376152620e0,9.96093749999999889e-1,9.91559508502751985e-1,1.10283306982369156e-1
1.25000000000000000e0,1.00000000000000003e-300,0.00000000000000000e0,1.00000000000000000e0
8.00000000000000000e0,7.68272711848112522e-1,1.21373328661542892e-1,9.83955704290151001e-1
3.05372237082337961e0,6.28343628163747780e-1,2.41963758630553888e-1,9.13276265957261968e-1
3.77931118092965335e0,3.54702396630273142e-1,1.98974053149932016e-2,9.94696208309611363e-1
1.25000000000000000e0,4.41406250000000000e-1,3.59789179270068482e-1,6.99936123962543011e-1
8.00000000000000000e0,4.45312499999999944e-1,1.54639019800396752e-3,9.99806570323258037e-1
7.91715486056637019e0,4.49218750000000056e-1,1.77196514982245405e-3,9.99776013184473289e-1
4.69245800044154748e0,9.96093749999999889e-1,9.81801815522474586e-1,4.25792675487528638e-1
1.25000000000000000e0,1.00000000000000003e-300,0.00000000000000000e0,1.00000000000000000e0
8.00000000000000000e0,3.28951554142804525e-1,1.37105709532714046e-4,9.99982860758205971e-1
1.58666167693445459e0,6.00814925924169074e-1,4.45590957503547991e-1,6.89521803864483251e-1
1.84931649599457160e0,1.19505006841791328e-1,1.96695714252703921e-2,9.89315363889017751e-1
1.25000000000000000e0,4.72656250000000000e-1,3.91905859016604852e-1,6.71702021297934992e-1
8.00000000000000000e0,4.76562499999999944e-1,2.66047341098253360e-3,9.99667053094130842e-1
3.26224011334124953e0,4.80468750000000056e-1,9.15198437996000702e-2,9.71006433081202602e-1
1.51579978823428974e0,9.96093749999999889e-1,9.94084875879526986e-1,3.38941736413044745e-2
1.25000000000000000e0,1.00000000000000003e-300,0.00000000000000000e0,1.00000000000000000e0
8.00000000000000000e0,3.59160599714414275e-1,2.76891423791073552e-4,9.99965384378472044e-1
1.25876945775235072e0,6.85040991384084919e-1,6.21162204666714901e-1,4.62500353363723249e-1
6.13028012297581881e0,6.28049214469683648e-1,5.77623231552426980e-2,9.90341399251820187e-1
1.25000000000000000e0,5.03906250000000000e-1,4.24558149056228296e-1,6.42689427105970101e-1
8.00000000000000000e0,5.07812499999999889e-1,4.42208509935682666e-3,9.99446166992400742e-1
3.04728790122317150e0,5.11718750000000111e-1,1.29817934027865595e-1,9.55393803203084868e-1
6.30911648133769631e0,9.96093749999999889e-1,9.75609137441262653e-1,5.55103821213224768e-1
1.25000000000000000e0,1.00000000000000003e-300,0.00000000000000000e0,1.00000000000000000e0
8.00000000000000000e0,1.39123584658591426e-1,1.40347949967856831e-7,9.99999982456505232e-1
6.80146093823714182e0,2.84409460123242752e-1,1.93206487017029508e-4,9.99971591043325225e-1
2.31467998062726110e0,5.55953384873646428e-1,2.56948117034218881e-1,8.79583395523138356e-1
1.25000000000000000e0,5.35156250000000000e-1,4.57720909590476011e-1,6.12884004742573207e-1
8.00000000000000000e0,5.39062499999999889e-1,7.13038481632066908e-3,9.99105909000011838e-1
7.86551041062921286e0,5.42968750000000111e-1,8.20103571219751339e-3,9.98953591119743467e-1
5.01362933096243069e0,9.96093749999999889e-1,9.80568434337178885e-1,4.55650742348504723e-1
1.25000000000000000e0,1.00000000000000003e-300,0.00000000000000000e0,1.00000000000000000e0
8.00000000000000000e0,4.76168259215228318e-1,2.64291709470773715e-3,9.99669252738199510e-1
5.36468749237246811e0,9.79170529858492955e-1,8.93218725017229209e-1,6.59033448776375597e-1
4.72292142559308559e0,8.54518775727228785e-1,4.75911859212309885e-1,8.72144683751082894e-1
1.25000000000000000e0,5.66406250000000000e-1,4.91371593636373338e-1,5.82264736836148100e-1
8.00000000000000000e0,5.70312499999999889e-1,1.11918820307765864e-2,9.98594116382587549e-1
3.17021966440370306e0,5.74218750000000111e-1,1.72275031893079522e-1,9.42102903823217375e-1
3.22599775152048096e0,9.96093749999999889e-1,9.87453146011309069e-1,2.57383531807777399e-1
1.25000000000000000e0,1.00000000000000003e-300,0.00000000000000000e0,1.00000000000000000e0
8.00000000000000000e0,2.02016354705847334e-2,2.77390920382686898e-14,9.99999999999996558e-1
4.89517905656248331e0,7.27743148245281191e-1,2.11036807903851292e-1,9.52731406138110581e-1
1.61525459447875619e0,1.34825216064200504e-1,3.92969470168211543e-2,9.75485908373293187e-1
1.25000000000000000e0,5.97656250000000000e-1,5.25489849963695188e-1,5.50803137371440932e-1
8.00000000000000000e0,6.01562499999999889e-1,1.71492860405142340e-2,9.97840081218743569e-1
4.19343367381952703e0,6.05468750000000111e-1,1.21959640286014581e-1,9.69460251210798152e-1
1.92218570382101461e0,9.96093749999999889e-1,9.92504987423793117e-1,7.84096009077503292e-2
1.25000000000000000e0,1.00000000000000003e-300,0.00000000000000000e0,1.00000000000000000e0
8.00000000000000000e0,8.89076213197768084e-1,3.90401905294017526e-1,9.40005620000416986e-1
5.32555306120775640e0,8.64467699025226466e-1,4.60417922338060503e-1,8.90609632875663859e-1
7.94829382991883904e0,3.56042694461393694e-1,2.72399773447884940e-4,9.99965724441264414e-1
1.25000000000000000e0,6.28906250000000000e-1,5.60057204616636328e-1,5.18462044338134032e-1
8.00000000000000000e0,6.32812499999999889e-1,2.57158209844820865e-2,9.96748765123909752e-1
5.83600723021663725e0,6.36718750000000111e-1,7.17524945290596294e-2,9.87322853370395048e-1
4.50521641049999744e0,9.96093749999999889e-1,9.82521587518957795e-1,4.07283760168347442e-1
1.25000000000000000e0,1.00000000000000003e-300,0.00000000000000000e0,1.00000000000000000e0
8.00000000000000000e0,1.63962435958637798e-1,5.22341937199221768e-7,9.99999934707242910e-1
5.42474380921339616e0,6.88247348116419744e-1,1.31766719617325417e-1,9.74289917954667684e-1
7.45080548810074106e0,6.34961344849216403e-2,1.20088913710909213e-9,9.99999999838824261e-1
1.25000000000000000e0,6.60156250000000000e-1,5.95056802298256082e-1,4.85193848902445157e-1
8.00000000000000000e0,6.64062499999999889e-1,3.78156568613205665e-2,9.95192938358031687e-1
5.81904128956375644e0,6.67968750000000111e-1,9.55539781394523224e-2,9.82888776040018564e-1
7.88010747928638011e0,9.96093749999999889e-1,9.69628813404394330e-1,6.41832392688834297e-1
1.25000000000000000e0,1.00000000000000003e-300,0.00000000000000000e0,1.00000000000000000e0
8.00000000000000000e0,5.74950109266865184e-1,1.19410161788466741e-2,9.98499516503666196e-1
2.55720219382783398e0,9.10876599659786734e-1,7.87643802454210951e-1,5.45565808256431972e-1
3.62341889791423455e0,8.02272057280788431e-1,4.50108606607863782e-1,8.47853838115722680e-1
1.25000000000000000e0,6.91406250000000000e-1,6.30473194039544271e-1,4.50937921309250811e-1
8.00000000000000000e0,6.95312499999999889e-1,5.46311441321511437e-2,9.93002087228680108e-1
3.17876202182378620e0,6.99218750000000111e-1,3.20672645345057572e-1,8.85470549448124311e-1
5.70841869694413617e0,9.96093749999999889e-1,9.77905561921006417e-1,5.12804369937027604e-1
1.25000000000000000e0,1.00000000000000003e-300,0.00000000000000000e0,1.00000000000000000e0
8.00000000000000000e0,6.38752403092439636e-1,2.77115218133711962e-2,9.96493321521422892e-1
3.16743471263907850e0,8.05995717382756993e-1,5.05027527586946356e-1,8.00894472601862084e-1
3.72201815439620987e0,4.39195431858934171e-1,4.67698414330426082e-2,9.87213386968519013e-1
1.25000000000000000e0,7.22656250000000000e-1,6.66292161134617866e-1,4.15616831127386233e-1
8.00000000000000000e0,7.26562499999999889e-1,7.76575761564423372e-2,9.89946040890467338e-1
7.28951154049718753e0,7.30468750000000111e-1,1.01326394544060006e-1,9.85450836752815418e-1
1.69482085440540686e0,9.96093749999999889e-1,9.93388593963288491e-1,5.17489722853783363e-2
1.25000000000000000e0,1.00000000000000003e-300,0.00000000000000000e0,1.00000000000000000e0
8.00000000000000000e0,4.85304436415390228e-1,3.07690502828923771e-3,9.99614868128193002e-1
6.75965680438093841e0,5.49298689056740841e-1,1.74258984712713540e-2,9.97402726516142257e-1
4.33636695827590302e0,8.15999212190945400e-1,4.14051444526908119e-1,8.84029157947286204e-1
1.25000000000000000e0,7.53906250000000000e-1,7.02500567835117273e-1,3.79130665240171694e-1
8.00000000000000000e0,7.57812499999999889e-1,1.08766240380599899e-1,9.85709525979017509e-1
7.76055401389021426e0,7.61718750000000111e-1,1.20965344314086759e-1,9.83523617428715635e-1
5.10888372559566051e0,9.96093749999999889e-1,9.80202930764463409e-1,4.64067294006946685e-1
1.25000000000000000e0,1.00000000000000003e-300,0.00000000000000000e0,1.00000000000000000e0
8.00000000000000000e0,9.40181204932741821e-1,6.10509631753272219e-1,8.88816463258238709e-1
1.83893382782116532e0,2.03198691042416613e-1,5.33718605358182441e-2,9.70613933515530936e-1
2.32160446466878057e0,1.65953504301796784e-1,1.54567081774500681e-2,9.93312700311556274e-1
1.25000000000000000e0,7.85156250000000000e-1,7.39086237099951804e-1,3.41348179188165568e-1
8.00000000000000000e0,7.89062499999999889e-1,1.50276555869754802e-1,9.79850232686360290e-1
5.66957521735457703e0,7.92968750000000111e-1,2.68426090366710945e-1,9.46363223992461311e-1
3.84053085773484781e0,9.96093749999999889e-1,9.85080957219516384e-1,3.34562643023708195e-1
1.25000000000000000e0,1.00000000000000003e-300,0.00000000000000000e0,1.00000000000000000e0
8.00000000000000000e0,2.64372834926689393e-1,2.38635265861310385e-5,9.99997017028033452e-1
4.84938343579415232e0,6.47968232915445697e-1,1.21941548601092367e-1,9.73540146078834101e-1
3.07437989965546876e0,4.92260828250437044e-1,1.13159586003680798e-1,9.61691457258889937e-1
1.25000000000000000e0,8.16406250000000000e-1,7.76037845011459892e-1,3.02092337848336834e-1
8.00000000000000000e0,8.20312499999999889e-1,2.05038131444049254e-1,9.71724800959147705e-1
3.48023306095274165e0,8.24218750000000111e-1,5.10279707526507198e-1,8.14536580273502286e-1
6.75513975013745949e0,9.96093749999999889e-1,9.73907511848944085e-1,5.82892133827689674e-1
1.25000000000000000e0,1.00000000000000003e-300,0.00000000000000000e0,1.00000000000000000e0
8.00000000000000000e0,5.36762935121259943e-1,6.89064938274542085e-3,9.99136060968864315e-1
5.21822380844969302e0,4.07736626993937534e-1,9.26561411945535721e-3,9.98217686859587783e-1
3.49977619637502357e0,7.36189165677387791e-1,3.42367667741090953e-1,8.87139388498200399e-1
1.25000000000000000e0,8.47656250000000000e-1,8.13344830441744326e-1,2.61115118467370066e-1
8.00000000000000000e0,8.51562499999999889e-1,2.76523615351546848e-1,9.60346692461414353e-1
3.08297115447930992e0,8.55468750000000111e-1,6.17998397014428047e-1,7.31876242991142290e-1
2.10161032719770446e0,9.96093749999999889e-1,9.91808245556174195e-1,1.01655602450263588e-1
1.25000000000000000e0,1.00000000000000003e-300,0.00000000000000000e0,1.00000000000000000e0
8.00000000000000000e0,6.38679067305929493e-1,2.76860793440748335e-2,9.96496580965643641e-1
1.95574441651115194e0,9.73675941895635333e-1,9.49164757456000152e-1,2.17993562753486136e-1
5.60335440625203773e0,8.20980590192448290e-1,3.31113447582477016e-1,9.30746924938575582e-1
1.25000000000000000e0,8.78906250000000000e-1,8.50997317281903087e-1,2.18049587883688278e-1
8.00000000000000000e0,8.82812499999999889e-1,3.68933244080719924e-1,9.44081337895699479e-1
3.68762260349467397e0,8.86718750000000111e-1,6.41880341026158097e-1,7.56941829729635529e-1
7.02344440622255206e0,9.96093749999999889e-1,9.72885331412417509e-1,5.98300251503172453e-1
1.25000000000000000e0,1.00000000000000003e-300,0.00000000000000000e0,1.00000000000000000e0
8.00000000000000000e0,3.86725171806574508e-1,5.00287357917264270e-4,9.99937450388384552e-1
2.78549214603845030e0,6.84278856974742666e-1,3.47570695827190634e-1,8.57861066263215455e-1
7.39990697463508695e0,2.46168479807238327e-1,3.12735162672033552e-5,9.99995773738870608e-1
1.25000000000000000e0,9.10156250000000000e-1,8.88986047099726506e-1,1.72306655808069475e-1
8.00000000000000000e0,9.14062499999999889e-1,4.87312034586293130e-1,9.19880982478902931e-1
5.15824551874538884e0,9.17968750000000111e-1,6.43068395465024256e-1,8.18959028840858694e-1
3.89047017553821206e0,9.96093749999999889e-1,9.84888434611308927e-1,3.40418162052944839e-1
1.25000000000000000e0,1.00000000000000003e-300,0.00000000000000000e0,1.00000000000000000e0
8.00000000000000000e0,2.80984311530119157e-2,3.88558646428555456e-13,9.99999999999951372e-1
7.69893715117359534e0,7.47801413308479823e-1,1.06730492766281215e-1,9.85446867385545655e-1
2.00826295959996060e0,6.94008809832666884e-1,4.80196701151869798e-1,7.21944983678964203e-1
1.25000000000000000e0,9.41406250000000000e-1,9.27302320515350775e-1,1.22805110067637446e-1
8.00000000000000000e0,9.45312499999999889e-1,6.37680600873049008e-1,8.80818542185654918e-1
5.93456194893224165e0,9.49218750000000111e-1,7.33971090568230400e-1,8.00014684925098640e-1
3.53172673878725618e0,9.96093749999999889e-1,9.86272273659057452e-1,2.96937802809908835e-1
1.25000000000000000e0,1.00000000000000003e-300,0.00000000000000000e0,1.00000000000000000e0
8.00000000000000000e0,7.91524512346768461e-1,1.54068889026401590e-1,9.79302525892460252e-1
4.23378948552999645e0,3.14725368002655159e-1,7.48770493946945923e-3,9.98226361665899731e-1
4.01202915428439155e0,8.50579676184679556e-1,5.22413674877102996e-1,8.31770557058857607e-1
1.25000000000000000e0,9.72656250000000000e-1,9.65937945912721085e-1,6.69601884707623080e-2
8.00000000000000000e0,9.76562499999999889e-1,8.27180612553026884e-1,8.02969515411484869e-1
5.91181741422042251e0,9.80468750000000111e-1,8.89934268855536614e-1,6.88482410349209539e-1
4.39997642359230667e0,9.96093749999999889e-1,9.82926370255681747e-1,3.96509616263342524e-1
1.25000000000000000e0,1.00000000000000003e-300,0.00000000000000000e0,1.00000000000000000e0
8.00000000000000000e0,9.76830897479885607e-1,8.29001095087290474e-1,8.01907298409186398e-1
5.80943068739725277e0,6.59769168578350218e-1,8.92833424230795730e-2,9.84030331765309518e-1
5.63496814231621101e0,6.73202698094428342e-1,1.07549235536895355e-1,9.80010031308931384e-1
1.25000000000000000e0,7.81250000000000000e-3,2.32267014648968951e-3,9.98141431897595854e-1
8.00000000000000000e0,1.17187499999999983e-2,3.55672522683869335e-16,1.00000000000000000e0
6.24798555474262685e0,1.56250000000000035e-2,5.18816301356579889e-12,9.99999999999169664e-1
2.18843606073642150e0,9.96093749999999889e-1,9.91471259419195339e-1,1.13376591319851602e-1
1.25000000000000000e0,1.00000000000000003e-300,0.00000000000000000e0,1.00000000000000000e0
8.00000000000000000e0,8.88907984553952701e-1,3.89811330012404644e-1,9.40119405815705855e-1
1.91171833075350150e0,7.08078916982231021e-1,5.16890283000252526e-1,6.83482856510852277e-1
7.96231960377190262e0,9.29903572368857567e-1,5.60650999623152679e-1,9.01861634099066389e-1
1.25000000000000000e0,3.90625000000000000e-2,1.73660098636613559e-2,9.86082896635689043e-1
8.00000000000000000e0,4.29687499999999931e-2,1.16204182235880714e-11,9.99999999998547495e-1
6.44625359645579010e0,4.68750000000000069e-2,2.70738769697359242e-9,9.99999999580006071e-1
6.40023292158730328e0,9.96093749999999889e-1,9.75261277181771913e-1,5.61014821391357721e-1
1.25000000000000000e0,1.00000000000000003e-300,0.00000000000000000e0,1.00000000000000000e0
8.00000000000000000e0,2.28934883070905926e-1,7.54563464882749414e-6,9.99999056792555185e-1
6.61986076307948679e0,8.87015085418170202e-1,4.52179124977283964e-1,9.13100524285980097e-1
3.95129826292395592e0,2.04305136981020041e-1,1.88238192042417853e-3,9.99523268923558805e-1
1.25000000000000000e0,7.03125000000000000e-2,3.62068443264923073e-2,9.70928099852173210e-1
8.00000000000000000e0,7.42187499999999861e-2,9.20680797279834667e-10,9.99999999884914947e-1
5.62536481197457761e0,7.81250000000000139e-2,5.90935386521964216e-7,9.99999894951607571e-1
3.81005830154754221e0,9.96093749999999889e-1,9.85198451400643771e-1,3.30958093523735564e-1
1.25000000000000000e0,1.00000000000000003e-300,0.00000000000000000e0,1.00000000000000000e0
8.00000000000000000e0,6.90035344678108231e-2,5.14008963348124460e-10,9.99999999935748840e-1
4.74665548326447606e0,9.00074358673919050e-1,6.06701778056790597e-1,8.21520100795168351e-1
5.58916203893022612e0,9.69805964364240936e-1,8.42518552867390635e-1,7.18406300540952447e-1
1.25000000000000000e0,1.01562500000000000e-1,5.73345922589686210e-2,9.53863117147048301e-1
8.00000000000000000e0,1.05468749999999986e-1,1.53105358513386949e-8,9.99999998086183006e-1
2.11999696586281061e0,1.09375000000000014e-1,9.17295400846238063e-3,9.95662595242321813e-1
7.36014333966886625e0,9.96093749999999889e-1,9.71604101942109555e-1,6.16380094115686727e-1
1.25000000000000000e0,1.00000000000000003e-300,0.00000000000000000e0,1.00000000000000000e0
8.00000000000000000e0,5.05684565359842964e-1,4.27599890631430012e-3,9.99464497540833885e-1
2.36075595562579110e0,9.55788005148860975e-2,3.91635920306689089e-3,9.98339180828791029e-1
3.89171470113797113e0,6.96381755365109711e-1,2.44572067939051757e-1,9.30466952940309899e-1
1.25000000000000000e0,1.32812500000000000e-1,8.01767946231037310e-2,9.35327039130241955e-1
8.00000000000000000e0,1.36718749999999972e-1,1.22074409534113261e-7,9.99999984740697956e-1
5.96603847586084157e0,1.40625000000000028e-1,8.26624565626801411e-6,9.99998614445057887e-1
4.98460757377324626e0,9.96093749999999889e-1,9.80679821701705423e-1,4.53047428161969801e-1
1.25000000000000000e0,1.00000000000000003e-300,0.00000000000000000e0,1.00000000000000000e0
8.00000000000000000e0,2.13560908032377483e-1,4.32687222090851023e-6,9.99999459139948477e-1
4.08879236225038767e0,2.07960062380152522e-2,1.32607846264173948e-7,9.99999967567966053e-1
5.34839270799420774e0,3.92937355577487324e-1,6.76521795103948893e-3,9.98731600285232335e-1
1.25000000000000000e0,1.64062500000000000e-1,1.04414702725504766e-1,9.15557372572979755e-1
8.00000000000000000e0,1.67968749999999972e-1,6.33618606671033163e-7,9.99999920797652209e-1
7.57928408205043525e0,1.71875000000000028e-1,1.59756992318284775e-6,9.99999789218742330e-1
7.56671990413451567e0,9.96093749999999889e-1,9.70818858200007795e-1,6.26832503913920425e-1
1.25000000000000000e0,1.00000000000000003e-300,0.00000000000000000e0,1.00000000000000000e0
8.00000000000000000e0,6.56302630177378887e-1,3.44217667821852535e-2,9.95631052778040537e-1
2.32068857620470226e0,7.48713659841087065e-1,5.10888365113101650e-1,7.34791050076821883e-1
1.65865803317865357e0,7.12994930559034401e-1,5.70585389488362238e-1,6.00706766133481063e-1
1.25000000000000000e0,1.95312500000000000e-1,1.29841208421508508e-1,8.94702827688348523e-1
8.00000000000000000e0,1.99218749999999972e-1,2.48108524667124302e-6,9.99999689864007557e-1
4.19772061810363084e0,2.03125000000000028e-1,1.24217865017621758e-3,9.99703942471383500e-1
3.80063239304581657e0,9.96093749999999889e-1,9.85234798068404305e-1,3.29838279387961564e-1
1.25000000000000000e0,1.00000000000000003e-300,0.00000000000000000e0,1.00000000000000000e0
8.00000000000000000e0,6.66156256147587555e-1,3.87800966478634157e-2,9.95068192924090988e-1
1.76337438740301877e0,6.37774810920745949e-1,4.52434204190543643e-1,7.10671106084685089e-1
6.49713764956686646e0,1.86220735190545383e-1,1.80830496757633192e-5,9.99997216745436734e-1
1.25000000000000000e0,2.26562500000000000e-1,1.56309378146650274e-1,8.72863990600695416e-1
8.00000000000000000e0,2.30468749999999972e-1,7.95969397188009819e-6,9.99999005034788668e-1
4.97391052450984716e0,2.34375000000000028e-1,7.34505596900304888e-4,9.99852284996953666e-1
5.23762612789869308e0,9.96093749999999889e-1,9.79709145821591298e-1,4.75137492668449846e-1
1.25000000000000000e0,1.00000000000000003e-300,0.00000000000000000e0,1.00000000000000000e0
8.00000000000000000e0,8.27383485739119351e-1,2.19611352368922319e-1,9.69480030589756292e-1
6.66929732542484999e0,1.01646653261013853e-1,2.38785835017365302e-7,9.99999964196249258e-1
5.39770040800794959e0,3.09917905815382255e-2,7.18127451135110481e-9,9.99999998669567791e-1
1.25000000000000000e0,2.57812500000000000e-1,1.83708801038026059e-1,8.50111891617657101e-1
8.00000000000000000e0,2.61718749999999944e-1,2.20129729091526369e-5,9.99997248351885970e-1
5.64936833264073357e0,2.65625000000000056e-1,5.59091929545150437e-4,9.99901011835863329e-1
4.38883309927769005e0,9.96093749999999889e-1,9.82969240393293364e-1,3.95352879849071526e-1
1.25000000000000000e0,1.00000000000000003e-300,0.00000000000000000e0,1.00000000000000000e0
8.00000000000000000e0,6.16519323893953697e-1,2.08724556891968990e-2,9.97366802370076577e-1
4.32413708313833922e0,2.62517643386672717e-2,1.45956901131013550e-7,9.99999966246003180e-1
6.38463820161996409e0,1.67646397189855634e-1,1.11696029992237642e-5,9.99998250542120548e-1
1.25000000000000000e0,2.89062500000000000e-1,2.11953061022920275e-1,8.26497737695926382e-1
8.00000000000000000e0,2.92968749999999944e-1,5.42713199896040644e-5,9.99993215923920542e-1
5.17773687915178016e0,2.96875000000000056e-1,1.85833932526811223e-3,9.99640821046970052e-1
7.34294119122205302e0,9.96093749999999889e-1,9.71669519797245473e-1,6.15488403486120328e-1
1.25000000000000000e0,1.00000000000000003e-300,0.00000000000000000e0,1.00000000000000000e0
8.00000000000000000e0,2.09480792314025166e-1,3.70811899887277068e-6,9.99999536484373230e-1
1.80469309433829039e0,4.29367810511394055e-2,3.40939098327616708e-3,9.98109381170016463e-1
2.68647562008118257e0,1.80109555167291546e-1,1.00004061503313514e-2,9.96265751180942072e-1
1.25000000000000000e0,3.20312500000000000e-1,2.40972430929330295e-1,8.02058490090157283e-1
8.00000000000000000e0,3.24218749999999944e-1,1.22097006557868554e-4,9.99984737058854378e-1
7.99523012136342004e0,3.28125000000000056e-1,1.35089937173675951e-4,9.99983102685078284e-1
3.66059804742690176e0,9.96093749999999889e-1,9.85774933887294980e-1,3.12933796564912492e-1
1.25000000000000000e0,1.00000000000000003e-300,0.00000000000000000e0,1.00000000000000000e0
8.00000000000000000e0,3.55440840758092236e-1,2.54764329125050878e-4,9.99968150908809417e-1
3.25461300788447261e0,3.47876856098991993e-1,3.21749281760387792e-2,9.90001835701547761e-1
2.90557251148857176e0,9.34861828759494529e-1,8.22251225601521751e-1,5.51834380741328068e-1
1.25000000000000000e0,3.51562500000000000e-1,2.70709302677433650e-1,7.76820251631265446e-1
8.00000000000000000e0,3.55468749999999944e-1,2.54924406028573462e-4,9.99968130894733465e-1
5.44448355422355235e0,3.59375000000000056e-1,3.80353699007686006e-3,9.99300309120120245e-1
1.56724350625881925e0,9.96093749999999889e-1,9.93884741479053035e-1,3.86895191398054575e-2
1.25000000000000000e0,1.00000000000000003e-300,0.00000000000000000e0,1.00000000000000000e0
8.00000000000000000e0,8.28705621361223166e-1,2.22434566803125400e-1,9.69040923758584749e-1
4.08217440597945824e0,1.89517374187744281e-1,1.12521978574445973e-3,9.99724240571471467e-1
1.43921777239302173e0,9.68942167551176681e-1,9.55607680142281590e-1,1.14847061962827929e-1
1.25000000000000000e0,3.82812500000000000e-1,3.01115171677038385e-1,7.50800391116293153e-1
8.00000000000000000e0,3.86718749999999944e-1,5.00220901174111359e-4,9.99937458699115322e-1
6.80403824616223574e0,3.90625000000000056e-1,1.66847484142338852e-3,9.99754606993676131e-1
6.57397592061897740e0,9.96093749999999889e-1,9.74598312656845711e-1,5.71946956724788347e-1
1.25000000000000000e0,1.00000000000000003e-300,0.00000000000000000e0,1.00000000000000000e0
8.00000000000000000e0,3.99804451508316561e-1,6.52801288103274147e-4,9.99918376524422170e-1
7.23861918615875766e0,1.35624427939546877e-1,5.23991951068312683e-7,9.99999927611598838e-1
2.75275460106786340e0,8.22626339077032753e-1,5.84216201405306945e-1,7.27017848406899869e-1
1.25000000000000000e0,4.14062500000000000e-1,3.32148560767778767e-1,7.24008880179354497e-1
8.00000000000000000e0,4.17968749999999944e-1,9.31430594454167658e-4,9.99883523703205990e-1
5.32445621164515615e0,4.21875000000000056e-1,1.00996774333752381e-2,9.98095325696115920e-1
6.88498624868225306e0,9.96093749999999889e-1,9.73412691834597776e-1,5.90464888028335966e-1
1.25000000000000000e0,1.00000000000000003e-300,0.00000000000000000e0,1.00000000000000000e0
8.00000000000000000e0,2.65569576349662384e-1,2.47415307720889990e-5,9.99996907275176428e-1
3.82744684570934623e0,5.71809014913924329e-1,1.17731071852278976e-1,9.67803363460467692e-1
7.17343639937462285e0,3.31373137482842139e-1,3.62265234313674978e-4,9.99949491192572593e-1
1.25000000000000000e0,4.45312500000000000e-1,3.63773540984873023e-1,6.96449099309609299e-1
8.00000000000000000e0,4.49218749999999944e-1,1.65829961662383751e-3,9.99792562003560703e-1
5.74265990976709872e0,4.53125000000000056e-1,1.06115061043696932e-2,9.98144012234598366e-1
4.53403307142434642e0,9.96093749999999889e-1,9.82410779569870662e-1,4.10186894074223707e-1
1.25000000000000000e0,1.00000000000000003e-300,0.00000000000000000e0,1.00000000000000000e0
8.00000000000000000e0,1.04425392619305057e-1,1.41399845336486845e-8,9.99999998232501963e-1
1.79887303343275562e0,6.47859799573780037e-2,7.27788651544893170e-3,9.95947635472155590e-1
4.21643556858180091e0,6.38743075687671080e-1,1.51067306981334526e-1,9.61902544669142046e-1
1.25000000000000000e0,4.76562500000000000e-1,3.95958647105049966e-1,6.68118253666166617e-1
8.00000000000000000e0,4.80468749999999944e-1,2.84001849968353991e-3,9.99644555809745761e-1
7.14223125594435260e0,4.84375000000000056e-1,5.64280496206065463e-3,9.99208014359268870e-1
1.96158852928783745e0,9.96093749999999889e-1,9.92351936404949897e-1,8.33784447255250527e-2
1.25000000000000000e0,1.00000000000000003e-300,0.00000000000000000e0,1.00000000000000000e0
8.00000000000000000e0,4.35835440584924072e-1,1.30190813589897572e-3,9.99837168714130864e-1
6.39481769088888541e0,5.48795622166835528e-1,2.15565144507109015e-2,9.96598001472473016e-1
5.10838009789586067e0,9.08082223945712030e-1,6.11065090561578872e-1,8.31219323319547954e-1
1.25000000000000000e0,5.07812500000000000e-1,4.28676063281321795e-1,6.39007471390763082e-1
8.00000000000000000e0,5.11718749999999889e-1,4.70165375106031212e-3,9.99411080819528008e-1
5.22607262362726033e0,5.15625000000000111e-1,3.13788060184358522e-2,9.93918067954598361e-1
4.18704833422088996e0,9.96093749999999889e-1,9.83745861980067637e-1,3.73870692450858466e-1
1.25000000000000000e0,1.00000000000000003e-300,0.00000000000000000e0,1.00000000000000000e0
8.00000000000000000e0,8.70690934766571445e-1,3.30302744645550095e-1,9.51118906814126808e-1
1.90342004230478778e0,1.31918838669662364e-1,2.11628604887352072e-2,9.88825237839980331e-1
1.69297802122309804e0,8.24128926515186322e-1,7.20745017328396020e-1,4.70724206470959583e-1
1.25000000000000000e0,5.39062500000000000e-1,4.61900998810235774e-1,6.09101611805744181e-1
8.00000000000000000e0,5.42968749999999889e-1,7.55437743673646050e-3,9.99052567064380947e-1
2.52200853853719309e0,5.46875000000000111e-1,2.18248604470181407e-1,9.06986294582729280e-1
7.53437231882708147e0,9.96093749999999889e-1,9.70941776689012714e-1,6.25226384710966365e-1
1.25000000000000000e0,1.00000000000000003e-300,0.00000000000000000e0,1.00000000000000000e0
8.00000000000000000e0,7.38179584177487413e-1,8.81650053077950302e-2,9.88529267301466619e-1
4.15591300942469388e0,9.68163592947348661e-1,8.74186742909185965e-1,6.07260811179097804e-1
3.24359943385934457e0,2.28757044774283713e-1,8.35732743048298553e-3,9.97415957805658726e-1
1.25000000000000000e0,5.70312500000000000e-1,4.95611201064776685e-1,5.78378774647323901e-1
8.00000000000000000e0,5.74218749999999889e-1,1.18200402518678603e-2,9.98514797465699266e-1
7.93580147286411375e0,5.78125000000000111e-1,1.29256339835122202e-2,9.98361950134209031e-1
6.56523228908190504e0,9.96093749999999889e-1,9.74631665632317734e-1,5.71407167237078850e-1
1.25000000000000000e0,1.00000000000000003e-300,0.00000000000000000e0,1.00000000000000000e0
8.00000000000000000e0,2.68892416870585294e-1,2.73292955712061301e-5,9.99996583797207350e-1
2.43219788040732965e0,6.51910886881523766e-1,3.53239300503438547e-1,8.35963079070566106e-1
6.04683519707759842e0,3.25421540546813048e-1,1.12679031742337027e-3,9.99813568504997141e-1
1.25000000000000000e0,6.01562500000000000e-1,5.29786569508050920e-1,5.46809465295564179e-1
8.00000000000000000e0,6.05468749999999889e-1,1.80606702282606751e-2,9.97724373816306742e-1
6.35902302328031510e0,6.09375000000000111e-1,4.28623944693575995e-2,9.93134549849684523e-1
3.26347675733268261e0,9.96093749999999889e-1,9.87308308065394158e-1,2.62347713605313282e-1
1.25000000000000000e0,1.00000000000000003e-300,0.00000000000000000e0,1.00000000000000000e0
8.00000000000000000e0,4.29321837013958429e-1,1.15415418817253345e-3,9.99855657826204891e-1
6.79530843062093481e0,2.64087891964663868e-1,1.17652900540650518e-4,9.99982685288716255e-1
7.90057611826341599e0,6.85335380262586114e-1,5.05289609146572644e-2,9.93458644194302742e-1
1.25000000000000000e0,6.32812500000000000e-1,5.64408845596994557e-1,5.14355326401782942e-1
8.00000000000000000e0,6.36718749999999889e-1,2.70135158989015245e-2,9.96582716269473257e-1
7.36042563797673211e0,6.40625000000000111e-1,3.77157076084122245e-2,9.94790366569051954e-1
7.75042551697697490e0,9.96093749999999889e-1,9.70121085202745426e-1,6.35746065022190110e-1
1.25000000000000000e0,1.00000000000000003e-300,0.00000000000000000e0,1.00000000000000000e0
8.00000000000000000e0,8.54136687489699398e-1,2.83282020370949461e-1,9.59220689272836990e-1
2.61819661693880334e0,3.66528140434638772e-1,7.22349321230067870e-2,9.71769360003512772e-1
7.63231305318186060e0,5.50788430846296251e-1,1.05466608403108324e-2,9.98611782582105589e-1
1.25000000000000000e0,6.64062500000000000e-1,5.99461360609411242e-1,4.80967282279577801e-1
8.00000000000000000e0,6.67968749999999889e-1,3.96322894105626058e-2,9.94957874904389139e-1
1.95181737962411717e0,6.71875000000000111e-1,4.60149184534885569e-1,7.29175943112975955e-1
1.39292120665777475e0,9.96093749999999889e-1,9.94563080473190975e-1,2.36686943080637105e-2
1.25000000000000000e0,1.00000000000000003e-300,0.00000000000000000e0,1.00000000000000000e0
8.00000000000000000e0,2.70390403920828248e-2,2.85713128362138696e-13,9.99999999999964251e-1
4.34555875550722703e0,8.30457557431145688e-1,4.46055811733214291e-1,8.72903826239007863e-1
7.99492413579719141e0,2.46239251009683358e-2,1.37728400509994026e-13,9.99999999999982792e-1
1.25000000000000000e0,6.95312500000000000e-1,6.34928828334294426e-1,4.46582840502517175e-1
8.00000000000000000e0,6.99218749999999889e-1,5.71353017463295948e-2,9.92672914095370063e-1
3.53494153445353732e0,7.03125000000000111e-1,2.87918102510516083e-1,9.08410572265033300e-1
6.93261383339995518e0,9.96093749999999889e-1,9.73231255303104614e-1,5.93187568606019178e-1
1.25000000000000000e0,1.00000000000000003e-300,0.00000000000000000e0,1.00000000000000000e0
8.00000000000000000e0,3.28699276578845456e-1,1.36266777640238891e-4,9.99982965637236321e-1
4.65771782916272059e0,8.09149152260033588e-1,3.72926369613152398e-1,9.04658802113002869e-1
7.90212389797670767e0,4.03390090928041900e-1,7.66287752465986049e-4,9.99902995153045593e-1
1.25000000000000000e0,7.26562500000000000e-1,6.70797172969755495e-1,4.11122120639158317e-1
8.00000000000000000e0,7.30468749999999889e-1,8.10612188907264969e-2,9.89488662620216952e-1
3.85446263849735260e0,7.34375000000000111e-1,3.04218410728942512e-1,9.10188304547286831e-1
1.26791506545851007e0,9.96093749999999889e-1,9.95049800906294690e-1,1.51969796842680149e-2
1.25000000000000000e0,1.00000000000000003e-300,0.00000000000000000e0,1.00000000000000000e0
8.00000000000000000e0,6.84713146024478192e-1,4.83135921551004072e-2,9.93829155604236236e-1
3.37226095027290285e0,6.30108341697450669e-1,2.10656958636870062e-1,9.32256689626632551e-1
2.37320740846917033e0,8.09063841688839602e-1,6.04817127210081740e-1,6.76242638464168322e-1
1.25000000000000000e0,7.57812500000000000e-1,7.07053384980323107e-1,3.74481861806583050e-1
8.00000000000000000e0,7.61718749999999889e-1,1.13333204440938112e-1,9.85076719955592206e-1
5.26934350829105824e0,7.65625000000000111e-1,2.44816689707499729e-1,9.48106560803709919e-1
2.82675615005427971e0,9.96093749999999889e-1,9.88997337994081960e-1,2.02840923436140325e-1
1.25000000000000000e0,1.00000000000000003e-300,0.00000000000000000e0,1.00000000000000000e0
8.00000000000000000e0,8.24787746546462586e-1,2.14159627034752637e-1,9.70324041978694596e-1
3.09415380039718002e0,9.50193877788478858e-1,8.53783230850263752e-1,5.37199157364358637e-1
3.12826240260619670e0,8.16925755038937496e-1,5.31231834165214134e-1,7.84903749830922703e-1
1.25000000000000000e0,7.89062500000000000e-1,7.43685399397248648e-1,3.36526041257555975e-1
8.00000000000000000e0,7.92968749999999889e-1,1.56332250838457032e-1,9.78974615788005376e-1
1.71304086188320071e0,7.96875000000000111e-1,6.77762267162349108e-1,5.16290828708764415e-1
5.65456253883894533e0,9.96093749999999889e-1,9.78111713994890053e-1,5.08708745180390887e-1
1.25000000000000000e0,1.00000000000000003e-300,0.00000000000000000e0,1.00000000000000000e0
8.00000000000000000e0,7.12829183239591657e-1,6.66628337999471271e-2,9.91413480939773772e-1
1.41256234433967620e0,5.33060134471270430e-1,4.11201182521736930e-1,6.87308818727991544e-1
4.61081603134516627e0,1.75306244600506034e-1,3.26053499895730581e-4,9.99929276047283988e-1
1.25000000000000000e0,8.20312500000000000e-1,7.80681992310798045e-1,2.97070436008594119e-1
8.00000000000000000e0,8.24218749999999889e-1,2.12980538066308511e-1,9.70505909074868112e-1
7.36063957453006878e0,8.28125000000000111e-1,2.49536114220047817e-1,9.61750865172559033e-1
7.33350660273572430e0,9.96093749999999889e-1,9.71705400357029569e-1,6.14997931084882876e-1
1.25000000000000000e0,1.00000000000000003e-300,0.00000000000000000e0,1.00000000000000000e0
8.00000000000000000e0,5.89966667375847464e-1,1.46764088097440602e-2,9.98153560173093757e-1
3.95042126072803512e0,2.13901083247947099e-1,2.25974342608837057e-3,9.99427490717036848e-1
6.77143840695498511e0,7.46573405899653153e-1,1.38203282246613379e-1,9.78274298123185226e-1
1.25000000000000000e0,8.51562500000000000e-1,8.18032692241104642e-1,2.55855463770926828e-1
8.00000000000000000e0,8.55468749999999889e-1,2.86835695327832874e-1,9.58624887289310390e-1
2.45037051022518426e0,8.59375000000000111e-1,6.89800122288356854e-1,6.20209135209362494e-1
3.08181392221013084e0,9.96093749999999889e-1,9.88010543810727726e-1,2.38013034418971786e-1
1.25000000000000000e0,1.00000000000000003e-300,0.00000000000000000e0,1.00000000000000000e0
8.00000000000000000e0,2.36044971602495934e-1,9.63735874702880400e-6,9.99998795325077294e-1
2.88716102100443095e0,7.36462647328153253e-1,4.13468806825509239e-1,8.31275683653810105e-1
5.05429462663596496e0,5.63447683953199885e-2,4.85787183693457149e-7,9.99999903886236496e-1
1.25000000000000000e0,8.82812500000000000e-1,8.55727703777909965e-1,2.12493845114175683e-1
8.00000000000000000e0,8.86718749999999889e-1,3.82196877893831777e-1,9.41577912602358680e-1
3.23617100308183581e0,8.90625000000000111e-1,6.87391305771445249e-1,6.98154772423099090e-1
3.13481844856869429e0,9.96093749999999889e-1,9.87805597955385584e-1,2.45182533323573815e-1
1.25000000000000000e0,1.00000000000000003e-300,0.00000000000000000e0,1.00000000000000000e0
8.00000000000000000e0,2.60043302159829182e-2,2.09105462599848470e-13,9.99999999999973910e-1
7.36618383729364723e0,6.89737473271634371e-1,6.48209475205336894e-2,9.90943298233257774e-1
7.84426054789219052e0,2.12214890561881475e-1,5.23666016555368300e-6,9.99999332419914233e-1
1.25000000000000000e0,9.14062500000000000e-1,8.93757841414010157e-1,1.66355632067869658e-1
8.00000000000000000e0,9.17968749999999889e-1,5.04223607975710308e-1,9.16032179418988290e-1
5.81137570488499478e0,9.21875000000000111e-1,6.23298293622784216e-1,8.45355214269095767e-1
6.55922087404178455e0,9.96093749999999889e-1,9.74654597107298848e-1,5.71035423685834043e-1
1.25000000000000000e0,1.00000000000000003e-300,0.00000000000000000e0,1.00000000000000000e0
8.00000000000000000e0,7.46794543642863573e-1,9.67406696680857270e-2,9.87362337084003006e-1
1.74393500003498048e0,9.89367447136828559e-1,9.81530920547021069e-1,1.01379979682468119e-1
5.58605957857798785e0,9.43139304918076959e-1,7.21072862629153155e-1,7.95670733662713681e-1
1.25000000000000000e0,9.45312500000000000e-1,9.32114471907599662e-1,1.16257709063166029e-1
8.00000000000000000e0,9.49218749999999889e-1,6.59068365153074431e-1,8.74144868818993337e-1
3.32975009467918426e0,9.53125000000000111e-1,8.52264203574417789e-1,5.63089720742702471e-1
5.58485655597178265e0,9.96093749999999889e-1,9.78378600988284997e-1,5.03328556561242202e-1
1.25000000000000000e0,1.00000000000000003e-300,0.00000000000000000e0,1.00000000000000000e0
8.00000000000000000e0,8.03123477853660006e-1,1.73084658370130401e-1,9.76523347427803667e-1
2.77620726253371686e0,2.94042072659976839e-1,3.34344762839038911e-2,9.87825562400250878e-1
6.46363091462990269e0,2.65998580844097887e-1,1.91704448348673054e-4,9.99970338655604696e-1
1.25000000000000000e0,9.76562500000000000e-1,9.70789463826966181e-1,5.92149849150451005e-2
8.00000000000000000e0,9.80468749999999889e-1,8.54023948555068357e-1,7.86203913912597696e-1
1.80104528169613332e0,9.84375000000000111e-1,9.72034963964323317e-1,1.37249068295976717e-1
5.07903698954032734e0,9.96093749999999889e-1,9.80317441936138678e-1,4.61451017998810942e-1
1.25000000000000000e0,1.00000000000000003e-300,0.00000000000000000e0,1.00000000000000000e0
8.00000000000000000e0,6.26780958536983235e-1,2.38191551806402370e-2,9.96991108575809637e-1
6.96722748089814559e0,4.76440443035244243e-1,5.70969365391574800e-3,9.99178481837712629e-1
3.04896902391919866e0,5.56953012801386649e-2,1.49982169594411731e-4,9.99950806411124327e-1
1.25000000000000000e0,1.17187500000000000e-2,3.85568558482175545e-3,9.96914260389102580e-1
8.00000000000000000e0,1.56249999999999983e-2,3.55271367880049777e-15,9.99999999999999556e-1
5.82324333878932521e0,1.95312500000000035e-2,1.11302542616716448e-10,9.99999999980886511e-1
7.94725781097076833e0,9.96093749999999889e-1,9.69374009396270275e-1,6.44919309334164526e-1
1.25000000000000000e0,1.00000000000000003e-300,0.00000000000000000e0,1.00000000000000000e0
8.00000000000000000e0,2.44806437976876623e-1,1.28997911310781962e-5,9.99998387517008314e-1
2.36596744792768732e0,2.74528680361072475e-1,4.69587822863406709e-2,9.79876500442639742e-1
5.96979565819492564e0,4.80815950691066973e-1,1.26321949283753066e-2,9.97872769187152620e-1
1.25000000000000000e0,4.29687500000000000e-2,1.95632452687662037e-2,9.84318543936863688e-1
8.00000000000000000e0,4.68749999999999931e-2,2.33093544466100607e-11,9.99999999997086331e-1
5.05351457057986408e0,5.07812500000000069e-2,2.87907651888116154e-7,9.99999943028226923e-1
3.41037959535606205e0,9.96093749999999889e-1,9.86740805561692302e-1,2.81500907262760225e-1
1.25000000000000000e0,1.00000000000000003e-300,0.00000000000000000e0,1.00000000000000000e0
8.00000000000000000e0,5.18282685675330868e-1,5.20635292531330778e-3,9.99347718677205621e-1
4.87527261750074103e0,5.06616554180254752e-1,3.63271604166748863e-2,9.92438710787854173e-1
1.42896970291621983e0,6.41488690212099755e-1,5.30247864625629561e-1,5.89348459269551039e-1
1.25000000000000000e0,7.42187500000000000e-2,3.87384325865888987e-2,9.68887299722155260e-1
8.00000000000000000e0,7.81249999999999861e-2,1.38777878078144361e-9,9.99999999826527652e-1
4.49749730632174760e0,8.20312500000000139e-2,1.30504341450928298e-5,9.99997098275000607e-1
3.23697950050700456e0,9.96093749999999889e-1,9.87410704745607770e-1,2.58841247135354335e-1
1.25000000000000000e0,1.00000000000000003e-300,0.00000000000000000e0,1.00000000000000000e0
8.00000000000000000e0,3.08119906494539464e-1,8.12377823005661998e-5,9.99989844916279735e-1
5.00620508537394926e0,8.94771847110860108e-1,5.73141592781052700e-1,8.43623014413156014e-1
5.87940417660865933e0,3.45075995637671440e-1,1.91961462273791228e-3,9.99673241464148710e-1
1.25000000000000000e0,1.05468750000000000e-1,6.01041899782998046e-2,9.51620459945685560e-1
8.00000000000000000e0,1.09374999999999986e-1,2.04806873682627867e-8,9.99999997439914079e-1
7.35023115400690585e0,1.13281250000000014e-1,1.11645932226297237e-7,9.99999984810554188e-1
4.48943159211194143e0,9.96093749999999889e-1,9.82582289764366346e-1,4.05684993023367635e-1
1.25000000000000000e0,1.00000000000000003e-300,0.00000000000000000e0,1.00000000000000000e0
8.00000000000000000e0,2.32195420526295493e-1,8.44946479750518003e-6,9.99998943812995922e-1
5.78171473275870085e0,4.87693131713058392e-1,1.57381192028997578e-2,9.97260062642801315e-1
3.84237339231185615e0,3.20196221850892471e-1,1.25783703813452698e-2,9.96711063936555952e-1
1.25000000000000000e0,1.36718750000000000e-1,8.31352292660376552e-2,9.32919624286440929e-1
8.00000000000000000e0,1.40624999999999972e-1,1.52932674524208540e-7,9.99999980883414352e-1
3.48360533791128546e0,1.44531250000000028e-1,1.18478159427889821e-3,9.99659754134461176e-1
2.90130362025229260e0,9.96093749999999889e-1,9.88708819054820220e-1,2.13222250213827208e-1
1.25000000000000000e0,1.00000000000000003e-300,0.00000000000000000e0,1.00000000000000000e0
8.00000000000000000e0,4.59886846529116156e-1,2.00081947564784016e-3,9.99749678362078953e-1
3.62075182766420767e0,3.09402160955869476e-1,1.42991908148438589e-2,9.96030160725373204e-1
4.14149011252447963e0,1.75564393944114272e-1,7.42747149282193685e-4,9.99820606483738383e-1
1.25000000000000000e0,1.67968750000000000e-1,1.07531477429036751e-1,9.13007459755849515e-1
8.00000000000000000e0,1.71874999999999972e-1,7.61555728701067849e-7,9.99999904805502160e-1
6.43375508656026796e0,1.75781250000000028e-1,1.38783646154499846e-5,9.99997842870024578e-1
5.73458487592870370e0,9.96093749999999889e-1,9.77805417989845438e-1,5.14775247152630455e-1
1.25000000000000000e0,1.00000000000000003e-300,0.00000000000000000e0,1.00000000000000000e0
8.00000000000000000e0,4.78271096158096043e-1,2.73774556468827247e-3,9.99657371205133760e-1
2.25096370105165988e0,7.73668996785090712e-1,5.61231174252902143e-1,6.93524404044092879e-1
7.37288825551513582e0,3.58257529605907621e-1,5.16573307171051821e-4,9.99929920452647281e-1
1.25000000000000000e0,1.99218750000000000e-1,1.33095313483372280e-1,8.92025111897662315e-1
8.00000000000000000e0,2.03124999999999972e-1,2.89805769071449165e-6,9.99999637742329361e-1
4.07713771407725289e0,2.07031250000000028e-1,1.62698740258864719e-3,9.99600703388833001e-1
4.91923352872254327e0,9.96093749999999889e-1,9.80930777832251466e-1,4.47115496869853024e-1
1.25000000000000000e0,1.00000000000000003e-300,0.00000000000000000e0,1.00000000000000000e0
8.00000000000000000e0,1.65443641890306026e-1,5.61307251282101539e-7,9.99999929836576373e-1
2.89449379435973242e0,8.58751367077275063e-1,6.43546184288326772e-1,7.00203854810748760e-1
3.73371163540286943e0,6.26917607405630406e-1,1.74921165680695823e-1,9.49806145176170014e-1
1.25000000000000000e0,2.30468750000000000e-1,1.59685343892662229e-1,8.70068710082355756e-1
8.00000000000000000e0,2.34374999999999972e-1,9.10521658070705661e-6,9.99998861843393483e-1
3.57173668855102733e0,2.38281250000000028e-1,5.95839147962308555e-3,9.98328203575848061e-1
2.56664417358115315e0,9.96093749999999889e-1,9.90004701486437710e-1,1.66223652412487405e-1
1.25000000000000000e0,1.00000000000000003e-300,0.00000000000000000e0,1.00000000000000000e0
8.00000000000000000e0,1.55892704560756101e-2,3.48823980035187111e-15,9.99999999999999556e-1
7.50288984650978819e0,4.53884262192332244e-1,2.66745472849584534e-3,9.99644064700849766e-1
3.65584048390155658e0,9.81588742920393997e-1,9.34320315790101663e-1,4.74816835877313381e-1
1.25000000000000000e0,2.61718750000000000e-1,1.87194699240832485e-1,8.47206388110529840e-1
8.00000000000000000e0,2.65624999999999944e-1,2.47828688806350377e-5,9.99996902107800900e-1
5.50891248992411420e0,2.69531250000000056e-1,7.29920396327751763e-4,9.99867462311382793e-1
1.95722239016322419e0,9.96093749999999889e-1,9.92368894483879438e-1,8.28236457805587578e-2
1.25000000000000000e0,1.00000000000000003e-300,0.00000000000000000e0,1.00000000000000000e0
8.00000000000000000e0,3.75536162646312732e-1,3.95561589669329102e-4,9.99950546242278415e-1
4.36049048998393118e0,5.41569727288333524e-1,6.89608264349200195e-2,9.83746859520625239e-1
3.62051149754552171e0,3.94507733799400739e-1,3.44758014454569772e-2,9.90356425366523685e-1
1.25000000000000000e0,2.92968750000000000e-1,2.15539376688186901e-1,8.23487324970179846e-1
8.00000000000000000e0,2.96874999999999944e-1,6.03377367305312447e-5,9.99992457583803507e-1
1.31518116645747796e0,3.00781250000000056e-1,2.05970596036697706e-1,8.39151925149073996e-1
1.28845843748422340e0,9.96093749999999889e-1,9.94969797452061600e-1,1.64494581278618462e-2
1.25000000000000000e0,1.00000000000000003e-300,0.00000000000000000e0,1.00000000000000000e0
8.00000000000000000e0,4.09636892409253051e-1,7.92852687523601450e-4,9.99900859019610899e-1
7.28883949940791354e0,1.10024269260975416e-1,1.03172383999707650e-7,9.99999985845155703e-1
1.74389759893529117e0,3.29932759182156587e-1,1.44604989863255595e-1,9.14328974362732749e-1
1.25000000000000000e0,3.24218750000000000e-1,2.44651373809827793e-1,7.98946971652454874e-1
8.00000000000000000e0,3.28124999999999944e-1,1.34373789823172084e-4,9.99983202288734385e-1
2.84075660374946892e0,3.32031250000000056e-1,4.36300760257531117e-2,9.84418924999464040e-1
2.19730729889124632e0,9.96093749999999889e-1,9.91436835011370143e-1,1.14587369354282972e-1
1.25000000000000000e0,1.00000000000000003e-300,0.00000000000000000e0,1.00000000000000000e0
8.00000000000000000e0,5.92503636357832875e-1,1.51889642739217196e-2,9.98088641711612601e-1
7.90806728129973635e0,3.58070599072561890e-1,2.96998445572214682e-4,9.99962438738936088e-1
6.75847212714143097e0,6.25063263305492001e-1,4.17597483605776088e-2,9.93708279957145169e-1
1.25000000000000000e0,3.55468750000000000e-1,2.74474361683864410e-1,7.73610242590344388e-1
8.00000000000000000e0,3.59374999999999944e-1,2.78216508608153065e-4,9.99965218702633218e-1
2.90509049338288605e0,3.63281250000000056e-1,5.27795971687320606e-2,9.81508125610719762e-1
1.36862727976404130e0,9.96093749999999889e-1,9.94657651989245939e-1,2.18648648491983309e-2
1.25000000000000000e0,1.00000000000000003e-300,0.00000000000000000e0,1.00000000000000000e0
8.00000000000000000e0,9.03057975087904197e-1,4.42308268937984583e-1,9.29606765249351374e-1
6.54561457934323698e0,4.55957808421771915e-1,5.85399390239413689e-3,9.99103435854043598e-1
1.68035790824797004e0,5.47639143183005217e-1,3.63560871065759350e-1,7.64211370147150459e-1
1.25000000000000000e0,3.86718750000000000e-1,3.04960812897910660e-1,7.47493521570730124e-1
8.00000000000000000e0,3.90624999999999944e-1,5.42101086242751566e-4,9.99932221287560541e-1
7.01244325732113793e0,3.94531250000000056e-1,1.47076672704911414e-3,9.99790130934558818e-1
2.46486736694350839e0,9.96093749999999889e-1,9.90399142648363595e-1,1.51851982092283705e-1
1.25000000000000000e0,1.00000000000000003e-300,0.00000000000000000e0,1.00000000000000000e0
8.00000000000000000e0,1.64726449856971158e-1,5.42134080926934652e-7,9.99999932233223809e-1
4.69739624374778941e0,9.69986563450220274e-2,1.73955070103945839e-5,9.99996296751391345e-1
2.45162386668380350e0,9.79633576666856243e-1,9.50805008021358811e-1,2.92714208184376268e-1
1.25000000000000000e0,4.17968750000000000e-1,3.36070015076740558e-1,7.20605921267824079e-1
8.00000000000000000e0,4.21874999999999944e-1,1.00339127755333271e-3,9.99874520996702376e-1
1.74120879179099575e0,4.25781250000000056e-1,2.26118622185745688e-1,8.63106097324017663e-1
6.82915927987778559e0,9.96093749999999889e-1,9.73625406851273967e-1,5.87236169668372443e-1
1.25000000000000000e0,1.00000000000000003e-300,0.00000000000000000e0,1.00000000000000000e0
8.00000000000000000e0,6.50322328128822846e-1,3.19911109812070008e-2,9.95943996781290863e-1
7.87340085767209530e0,1.70835666203856817e-1,9.07367590220730696e-7,9.99999884755270796e-1
3.53130561887519434e0,9.88996645110091777e-1,9.61681884409778309e-1,3.97051123921202009e-1
1.25000000000000000e0,4.49218750000000000e-1,3.67766650021031316e-1,6.92950034510295021e-1
8.00000000000000000e0,4.53124999999999944e-1,1.77723227409742716e-3,9.99777673040172954e-1
5.56981920794351026e0,4.57031250000000056e-1,1.27632160905062145e-2,9.97696412702044233e-1
5.86381570849334821e0,9.96093749999999889e-1,9.77310972518114607e-1,5.24330454002120194e-1
1.25000000000000000e0,1.00000000000000003e-300,0.00000000000000000e0,1.00000000000000000e0
8.00000000000000000e0,9.95437840811064234e-1,9.64080211602634018e-1,6.59806699890132742e-1
6.65189501555869356e0,1.87920014027440629e-1,1.48096521619483646e-5,9.99997773605069695e-1
3.02800353715429083e0,2.81281003849471745e-1,2.14780669996233117e-2,9.92855219453427695e-1
1.25000000000000000e0,4.80468750000000000e-1,4.00019748683586640e-1,6.64522307509566978e-1
8.00000000000000000e0,4.84374999999999944e-1,3.03007765524298828e-3,9.99620737233926304e-1
4.74048560624942183e0,4.88281250000000056e-1,3.34306516584687227e-2,9.92852931052714327e-1
5.86590950057143345e0,9.96093749999999889e-1,9.77302963593653762e-1,5.24482856648607054e-1
1.25000000000000000e0,1.00000000000000003e-300,0.00000000000000000e0,1.00000000000000000e0
8.00000000000000000e0,9.24038638800084300e-1,5.31521765661791545e-1,9.09570103735106050e-1
2.79290097730699927e0,9.80116693003765249e-1,9.45452511888969838e-1,3.52940409350519568e-1
4.95671201433287933e0,5.64677970683078456e-1,5.88502440140149657e-2,9.87838021689383616e-1
1.25000000000000000e0,5.11718750000000000e-1,4.32801904260070591e-1,6.35313101199220798e-1
8.00000000000000000e0,5.15624999999999889e-1,4.99656713600770373e-3,9.99374059518163604e-1
5.31247388501651585e0,5.19531250000000111e-1,3.08456874511500341e-2,9.94119647326275779e-1
2.63718692079419270e0,9.96093749999999889e-1,9.89731401680439604e-1,1.76189928712865457e-1
1.25000000000000000e0,1.00000000000000003e-300,0.00000000000000000e0,1.00000000000000000e0
8.00000000000000000e0,9.81403085170313716e-1,8.60556424677204168e-1,7.81717462643139571e-1
5.24267017020611092e0,2.91761054872949899e-1,1.56788675516955286e-3,9.99700747456528038e-1
5.49837956042028964e0,4.38882491839649447e-1,1.08017708870427817e-2,9.98026725055672359e-1
1.25000000000000000e0,5.42968750000000000e-1,4.66088667576894877e-1,6.05306463256161997e-1
8.00000000000000000e0,5.46874999999999889e-1,8.00026850322764667e-3,9.98996448599123621e-1
6.99723264749627560e0,5.50781250000000111e-1,1.54017770848773865e-2,9.97784207754071839e-1
5.73706343822414055e0,9.96093749999999889e-1,9.77795932498730536e-1,5.14961297183644140e-1
1.25000000000000000e0,1.00000000000000003e-300,0.00000000000000000e0,1.00000000000000000e0
8.00000000000000000e0,1.27575950027676299e-1,7.01698404153168515e-8,9.99999991228769702e-1
4.09190480230608955e0,4.16740515211131424e-1,2.78308667356704890e-2,9.93125851897424194e-1
1.80328100244514644e0,2.13104883564483316e-1,6.15552695358650773e-2,9.65382428364017775e-1
1.25000000000000000e0,5.74218750000000000e-1,4.99858074363655092e-1,5.74479597592842728e-1
8.00000000000000000e0,5.78124999999999889e-1,1.24788338024508314e-2,9.98431562746281975e-1
5.78210453683277592e0,5.82031250000000111e-1,4.37416290015506734e-2,9.92294398573002057e-1
1.98935081803938374e0,9.96093749999999889e-1,9.92244114489294504e-1,8.69295024685146078e-2
1.25000000000000000e0,1.00000000000000003e-300,0.00000000000000000e0,1.00000000000000000e0
8.00000000000000000e0,4.52423711390110839e-1,1.75534652862162745e-3,9.99780412993431900e-1
7.94885488884756342e0,5.89014208730986866e-1,1.48854892635980826e-2,9.98115042851030254e-1
7.53066967910854146e0,2.28791623521829024e-2,4.42064312093454918e-13,9.99999999999941269e-1
1.25000000000000000e0,6.05468750000000000e-1,5.34090269954182406e-1,5.42801981357186825e-1
8.00000000000000000e0,6.09374999999999889e-1,1.90141565087777742e-2,9.97603220596890883e-1
7.19822550972457975e0,6.13281250000000111e-1,2.96160096502255700e-2,9.95832205208348031e-1
6.85720958287129179e0,9.96093749999999889e-1,9.73518522219473215e-1,5.88863511739454282e-1
1.25000000000000000e0,1.00000000000000003e-300,0.00000000000000000e0,1.00000000000000000e0
8.00000000000000000e0,2.56991855303567718e-2,1.90263235410366951e-13,9.99999999999976241e-1
6.17712687840685248e0,3.34561702152313956e-1,1.15512586479429272e-3,9.99812908907825815e-1
5.20910843688761815e0,5.87317603481096739e-1,6.25222340833777174e-2,9.87682385421084996e-1
1.25000000000000000e0,6.36718750000000000e-1,5.68767207294443744e-1,5.10234033184334024e-1
8.00000000000000000e0,6.40624999999999889e-1,2.83681530856973625e-2,9.96409174415853194e-1
1.39133826538454741e0,6.44531250000000111e-1,5.42742522138047967e-1,5.69831615737553809e-1
2.98466795100830495e0,9.96093749999999889e-1,9.88386276161686173e-1,2.24738317688818495e-1
1.25000000000000000e0,1.00000000000000003e-300,0.00000000000000000e0,1.00000000000000000e0
8.00000000000000000e0,8.78768143766137655e-1,3.55626765147124324e-1,9.46547007093910375e-1
3.07392934197559953e0,2.07659323964435316e-1,7.97235351759610633e-3,9.97399455397797841e-1
4.25479728309437633e0,5.14252240741370770e-1,5.90355004929073862e-2,9.85800307750042015e-1
1.25000000000000000e0,6.67968750000000000e-1,6.03872401009984405e-1,4.76725168901523000e-1
8.00000000000000000e0,6.71874999999999889e-1,4.15248290067928294e-2,9.94712575292542756e-1
2.61829945188947022e0,6.75781250000000111e-1,3.58411143428054579e-1,8.44084873824902382e-1
5.48913094645831734e0,9.96093749999999889e-1,9.78745229380695192e-1,4.95791435379002055e-1
1.25000000000000000e0,1.00000000000000003e-300,0.00000000000000000e0,1.00000000000000000e0
8.00000000000000000e0,7.06700429623197124e-1,6.22132433158311821e-2,9.92003060258645264e-1
3.99401941837277263e0,1.50007507809277740e-1,5.12128926674173418e-4,9.99871751434629363e-1
1.51304848457220942e0,5.31605102928551787e-1,3.84417425480628960e-1,7.25664154290920682e-1
1.25000000000000000e0,6.99218750000000000e-1,6.39390724967884405e-1,4.42210972272928160e-1
8.00000000000000000e0,7.03124999999999889e-1,5.97393259860189776e-2,9.92329801091215824e-1
3.90546544222161174e0,7.07031250000000111e-1,2.58218701397896488e-1,9.26368873134100657e-1
3.30172602809034288e0,9.96093749999999889e-1,9.87160515327830335e-1,2.67382042238578976e-1
1.25000000000000000e0,1.00000000000000003e-300,0.00000000000000000e0,1.00000000000000000e0
8.00000000000000000e0,1.27821825872160844e-1,7.12590676107292387e-8,9.99999991092616280e-1
6.42556499066995457e0,2.18364884676702786e-1,5.67382763746382675e-5,9.99991169704824601e-1
6.65553317224839702e0,6.17794876761763589e-1,4.05468683460215654e-2,9.93800141085539046e-1
1.25000000000000000e0,7.30468750000000000e-1,6.75308244025013549e-1,4.06609020885959349e-1
8.00000000000000000e0,7.34374999999999889e-1,8.45946838330781103e-2,9.89012268074128342e-1
2.38029304036172107e0,7.38281250000000111e-1,4.85656672756202334e-1,7.56297584620297503e-1
6.15746992564527318e0,9.96093749999999889e-1,9.76188361976183194e-1,5.44983671872153796e-1
1.25000000000000000e0,1.00000000000000003e-300,0.00000000000000000e0,1.00000000000000000e0
8.00000000000000000e0,7.69502074140291370e-1,1.22935796182880544e-1,9.83736812080018064e-1
1.60022985702380538e0,6.74332910848534084e-1,5.32303884058541676e-1,6.21952160863374792e-1
7.34673519787611440e0,8.16504044464636536e-1,2.25518014807245731e-1,9.65812426469511043e-1
1.25000000000000000e0,7.61718750000000000e-1,7.11612072962624520e-1,3.69812562680657431e-1
8.00000000000000000e0,7.65624999999999889e-1,1.18067087021248657e-1,9.84417768023092665e-1
1.46043348725652322e0,7.69531250000000111e-1,6.82088961713750552e-1,4.56262327971539650e-1
3.15158050938043743e0,9.96093749999999889e-1,9.87740795076644806e-1,2.47438323097493973e-1
1.25000000000000000e0,1.00000000000000003e-300,0.00000000000000000e0,1.00000000000000000e0
8.00000000000000000e0,6.93701763625540480e-1,5.36268625224613563e-2,9.93133886386818321e-1
3.11894879327155650e0,3.37148102576065867e-1,3.36741780622576981e-2,9.89077474357053732e-1
6.05740782065549865e0,8.55830371924639621e-1,3.89443709743284405e-1,9.21777440380539770e-1
1.25000000000000000e0,7.92968750000000000e-1,7.48290257271211123e-1,3.31680561994058543e-1
8.00000000000000000e0,7.96874999999999889e-1,1.62600402725846582e-1,9.78062467497596622e-1
5.56833176064537838e0,8.00781250000000111e-1,2.90224025227807436e-1,9.40293252974277127e-1
6.84391878510359675e0,9.96093749999999889e-1,9.73569164845136559e-1,5.88093725884294205e-1
1.25000000000000000e0,1.00000000000000003e-300,0.00000000000000000e0,1.00000000000000000e0
8.00000000000000000e0,9.55884918503215886e-1,6.97019417108129202e-1,8.61344429918083243e-1
6.42099233140470460e0,4.69367383034295926e-1,7.77654863354752986e-3,9.98784891934853203e-1
2.82550140743842348e0,4.96656111822630919e-1,1.38422022539084449e-1,9.48635765757184224e-1
1.25000000000000000e0,8.24218750000000000e-1,7.85331671667452991e-1,2.92021198800538229e-1
8.00000000000000000e0,8.28124999999999889e-1,2.21190853762326389e-1,9.69234535486305115e-1
2.78545978351030499e0,8.32031250000000111e-1,5.99172915564949116e-1,7.20209328879744870e-1
4.76167730224551633e0,9.96093749999999889e-1,9.81535864375584155e-1,4.32425896916824593e-1
1.25000000000000000e0,1.00000000000000003e-300,0.00000000000000000e0,1.00000000000000000e0
8.00000000000000000e0,6.01503659841000626e-1,1.71358713567432326e-2,9.97841783617315459e-1
2.84847027173964307e0,5.35947919674981677e-1,1.69205216881990139e-1,9.36994467727605862e-1
2.68719937017885968e0,8.94988461695902515e-1,7.42204948115660512e-1,6.03830255843505914e-1
1.25000000000000000e0,8.55468750000000000e-1,8.22725933129023645e-1,2.50562553556451018e-1
8.00000000000000000e0,8.59374999999999889e-1,2.97482706523854668e-1,9.56824148173442190e-1
3.58318029349902645e0,8.63281250000000111e-1,5.90503137636073205e-1,7.79446367514381344e-1
4.05106679961318150e0,9.96093749999999889e-1,9.84269568621340296e-1,3.58812880272871892e-1
1.25000000000000000e0,1.00000000000000003e-300,0.00000000000000000e0,1.00000000000000000e0
8.00000000000000000e0,1.70994086438440718e-1,7.30884463416293963e-7,9.99999908639412904e-1
5.44366060901666060e0,5.31412476179866644e-1,3.20142706989066175e-2,9.94040612203308416e-1
1.93755313172005117e0,9.27704986083881522e-1,8.64679040212737560e-1,3.56192350132080560e-1
1.25000000000000000e0,8.86718750000000000e-1,8.60463325912574573e-1,2.06895332752845940e-1
8.00000000000000000e0,8.90624999999999889e-1,3.95875890689015686e-1,9.38946334752429834e-1
4.47831870982190594e0,8.94531250000000111e-1,6.07056758073238334e-1,8.11735661163564215e-1
1.40314058959484100e0,9.96093749999999889e-1,9.94523301096724821e-1,2.44496072322418594e-2
1.25000000000000000e0,1.00000000000000003e-300,0.00000000000000000e0,1.00000000000000000e0
8.00000000000000000e0,7.30105145476045436e-1,8.07389827674303978e-2,9.89532027870979713e-1
5.75110837310785428e0,9.44155983688688138e-1,7.18577973871149855e-1,8.02148258016579185e-1
7.11845481989439577e0,4.19645794690950424e-1,2.06780121648256730e-3,9.99709256967090565e-1
1.25000000000000000e0,9.17968750000000000e-1,8.98534736537033307e-1,1.60344441735066956e-1
8.00000000000000000e0,9.21874999999999889e-1,5.21646504141134115e-1,9.11944942231428746e-1
4.96631088288268074e0,9.25781250000000111e-1,6.81820738230764500e-1,7.94071567471112960e-1
7.00869242427870631e0,9.96093749999999889e-1,9.72941505265638051e-1,5.97476921955664486e-1
1.25000000000000000e0,1.00000000000000003e-300,0.00000000000000000e0,1.00000000000000000e0
8.00000000000000000e0,8.63479685708625766e-1,3.09041638856467515e-1,9.54841935769420003e-1
7.33761245862115175e0,5.29803462677591597e-1,9.45499413381951405e-3,9.98706141913339729e-1
4.24781313928542659e0,5.89066768093289284e-1,1.05609221345837598e-1,9.74066909930086045e-1
1.25000000000000000e0,9.49218750000000000e-1,9.36931597111686498e-1,1.09609820522388726e-1
8.00000000000000000e0,9.53124999999999889e-1,6.81081193211528602e-1,8.66882061867334075e-1
5.56595351401483640e0,9.57031250000000111e-1,7.83133253303395005e-1,7.59867637309518784e-1
7.83022140280809253e0,9.96093749999999889e-1,9.69818151022385777e-1,6.39510781575245435e-1
1.25000000000000000e0,1.00000000000000003e-300,0.00000000000000000e0,1.00000000000000000e0
8.00000000000000000e0,3.39350181129702833e-1,1.75867132567593718e-4,9.99978014916799829e-1
4.47191173076862469e0,8.37121068570922944e-1,4.51560525041496297e-1,8.74308057056993659e-1
7.53216848126612604e0,8.66475652851477207e-1,3.39758590601476007e-1,9.46374515073679201e-1
1.25000000000000000e0,9.80468750000000000e-1,9.75645835697024788e-1,5.11986589133527348e-2
8.00000000000000000e0,9.84374999999999889e-1,8.81626435029832511e-1,7.65873144018787477e-1
5.05716633581323549e0,9.88281250000000111e-1,9.42128451783889931e-1,5.69234017063064868e-1
5.17013013700488955e0,9.96093749999999889e-1,9.79967992237140706e-1,4.69376894608145856e-1
1.25000000000000000e0,1.00000000000000003e-300,0.00000000000000000e0,1.00000000000000000e0
8.00000000000000000e0,9.89265964703918144e-1,9.17285526227907266e-1,7.32314593642891865e-1
2.46556761523243040e0,1.21080836834153160e-2,1.87798802898430040e-5,9.99992383098725401e-1
2.36861554573988542e0,8.93806618191774760e-1,7.66504577272227428e-1,5.41121751668342421e-1
1.25000000000000000e0,1.56250000000000000e-2,5.52427172801990204e-3,9.95578135800088027e-1
8.00000000000000000e0,1.95312499999999965e-2,2.11758236813574769e-14,9.99999999999997335e-1
2.53452112374361604e0,2.34375000000000035e-2,7.38763990376131827e-5,9.99970851278139006e-1
4.37696111045079306e0,9.96093749999999889e-1,9.83014915876126549e-1,3.94117127422601743e-1
1.25000000000000000e0,1.00000000000000003e-300,0.00000000000000000e0,1.00000000000000000e0
8.00000000000000000e0,4.32683583467223798e-1,1.22846657073427115e-3,9.99846359084682779e-1
1.33557562401983887e0,9.29052545598096913e-1,9.06390560255369682e-1,1.69740320902875552e-1
7.39501900074537843e0,4.98914289087224461e-1,5.84650205718635629e-3,9.99207394103421742e-1
1.25000000000000000e0,4.68750000000000000e-2,2.18110513852054592e-2,9.82512765063412563e-1
8.00000000000000000e0,5.07812499999999931e-2,4.42208509935682930e-11,9.99999999994472422e-1
6.68364094104617834e0,5.46875000000000069e-2,3.66857189769032775e-9,9.99999999451111732e-1
6.72905971092404798e0,9.96093749999999889e-1,9.74006928189036780e-1,5.81344140576153356e-1
1.25000000000000000e0,1.00000000000000003e-300,0.00000000000000000e0,1.00000000000000000e0
8.00000000000000000e0,2.52961424980640004e-1,1.67661903497583403e-5,9.99997904210833233e-1
2.08689549646805972e0,6.77144969622531789e-1,4.43251599579355393e-1,7.55309064082726800e-1
4.44982332776999101e0,5.91334548053055187e-1,9.65379975454759010e-2,9.77443622105698462e-1
1.25000000000000000e0,7.81250000000000000e-2,4.13035649781470365e-2,9.66818361818216454e-1
8.00000000000000000e0,8.20312499999999861e-2,2.05038131444049201e-9,9.99999999743702350e-1
1.59838501061312854e0,8.59375000000000139e-2,1.97885343185806653e-2,9.87573391051855598e-1
6.64111272076843306e0,9.96093749999999889e-1,9.74342254340548553e-1,5.76055878988389169e-1
1.25000000000000000e0,1.00000000000000003e-300,0.00000000000000000e0,1.00000000000000000e0
8.00000000000000000e0,1.95663835447703605e-1,2.14824841140272985e-6,9.99999731468696140e-1
5.98403542046435177e0,1.69108777154178824e-1,2.40612894515233633e-5,9.99995979046101380e-1
3.09823103732196614e0,5.36209036449690757e-1,1.45015557529413364e-1,9.50689077372436464e-1
1.25000000000000000e0,1.09375000000000000e-1,6.28995563927282897e-2,9.49355596166257643e-1
8.00000000000000000e0,1.13281249999999986e-1,2.71184123855198237e-8,9.99999996610198449e-1
3.83547010138863698e0,1.17187500000000014e-1,2.68362620913192298e-4,9.99930024419764529e-1
6.26003695192048326e0,9.96093749999999889e-1,9.75796562481223928e-1,5.51867626964850699e-1
1.25000000000000000e0,1.00000000000000003e-300,0.00000000000000000e0,1.00000000000000000e0
8.00000000000000000e0,8.88978203784063226e-2,3.90057743104385738e-9,9.99999999512427795e-1
3.90992970147635788e0,1.05911074397226912e-1,1.54024325742678166e-4,9.99960604623026272e-1
6.26032447739271447e0,9.83805833498081483e-1,9.02839396681652584e-1,6.89073588498816947e-1
1.25000000000000000e0,1.40625000000000000e-1,8.61148737697211009e-2,9.30493379133953469e-1
8.00000000000000000e0,1.44531249999999972e-1,1.90411892737592032e-7,9.99999976198511442e-1
3.34112533630104735e0,1.48437500000000028e-1,1.70617445956088216e-3,9.99489035832357930e-1
5.78644085471751168e0,9.96093749999999889e-1,9.77606983639324634e-1,5.18644865323088622e-1
1.25000000000000000e0,1.00000000000000003e-300,0.00000000000000000e0,1.00000000000000000e0
8.00000000000000000e0,9.72589348871224502e-1,8.00637768645811376e-1,8.17439012567687917e-1
3.25149543496081606e0,7.89387865938806499e-1,4.63489985836345708e-1,8.25717421944282659e-1
4.82581444870447740e0,3.47743535530753434e-2,9.12823727606331870e-8,9.99999981084565670e-1
1.25000000000000000e0,1.71875000000000000e-1,1.10666427132481787e-1,9.10440880236913719e-1
8.00000000000000000e0,1.75781249999999972e-1,9.11549773956588404e-7,9.99999886056232801e-1
6.86056410538731143e0,1.79687500000000028e-1,7.68372888722316532e-6,9.99998880011324642e-1
7.63698974967701361e0,9.96093749999999889e-1,9.70551891475923023e-1,6.30283384368238941e-1
1.25000000000000000e0,1.00000000000000003e-300,0.00000000000000000e0,1.00000000000000000e0
8.00000000000000000e0,4.76033344189090712e-1,2.63693238955018490e-3,9.99670002558666115e-1
6.85887103847926483e0,1.65706994384891004e-1,4.42139684702790955e-6,9.99999355374204923e-1
2.20051677781157196e0,7.82115793240336643e-1,5.82292461051198029e-1,6.72526968432136663e-1
1.25000000000000000e0,2.03125000000000000e-1,1.36365410100290824e-1,8.89332211190383637e-1
8.00000000000000000e0,2.07031249999999972e-1,3.37510458011362288e-6,9.99999578111304466e-1
1.38762034493265674e0,2.10937500000000028e-1,1.15393688405496658e-1,9.15429649194315576e-1
5.67434662359301001e0,9.96093749999999889e-1,9.78035978885044011e-1,5.10219424040266323e-1
1.25000000000000000e0,1.00000000000000003e-300,0.00000000000000000e0,1.00000000000000000e0
8.00000000000000000e0,6.61926032480550930e-1,3.68532414221262178e-2,9.95317312936583209e-1
7.73153928335523233e0,8.25613823008097825e-2,4.21714447402557127e-9,9.99999999454553090e-1
3.42508453910704702e0,3.23394306187765324e-1,2.09310935122639374e-2,9.93843051945046074e-1
1.25000000000000000e0,2.34375000000000000e-1,1.63075645530101981e-1,8.67259298261020328e-1
8.00000000000000000e0,2.38281249999999972e-1,1.03924742616505219e-5,9.99998700934810802e-1
4.17136417882284150e0,2.42187500000000028e-1,2.69819021312359001e-3,9.99352499096625824e-1
6.43135883874492720e0,9.96093749999999889e-1,9.75142474475275023e-1,5.63005630626258968e-1
1.25000000000000000e0,1.00000000000000003e-300,0.00000000000000000e0,1.00000000000000000e0
8.00000000000000000e0,7.71081130155835126e-1,1.24968512901667619e-1,9.83451529545379843e-1
2.93412534834351391e0,6.36914383226212522e-1,2.66163967578363081e-1,8.99899180296110157e-1
3.53778390487423167e0,8.08497910020378185e-2,1.36648226354223922e-4,9.99961372732796283e-1
1.25000000000000000e0,2.65625000000000000e-1,1.90693629247813717e-1,8.44287515293758339e-1
8.00000000000000000e0,2.69531249999999944e-1,2.78530656887526136e-5,9.99996518324361983e-1
5.98411776637658477e0,2.73437500000000056e-1,4.26670286868402547e-4,9.99928686878137629e-1
3.73416059475857764e0,9.96093749999999889e-1,9.85491153967522626e-1,3.21876539559483477e-1
1.25000000000000000e0,1.00000000000000003e-300,0.00000000000000000e0,1.00000000000000000e0
8.00000000000000000e0,2.89089004809284233e-1,4.87812126786095455e-5,9.99993902218276443e-1
3.69745386554859579e0,9.52487321446824353e-1,8.35281533810407595e-1,6.13992339146530952e-1
3.60679557698313147e0,3.33838416622711520e-1,1.91202196499594169e-2,9.94661798645941508e-1
1.25000000000000000e0,2.96875000000000000e-1,2.19137666996119529e-1,8.20464092898713582e-1
8.00000000000000000e0,3.00781249999999944e-1,6.69893985957587267e-5,9.99991626079750784e-1
5.98296738631324843e0,3.04687500000000056e-1,8.16430327483814522e-4,9.99863494485620397e-1
2.55944311659550294e0,9.96093749999999889e-1,9.90032604382081294e-1,1.65206020599337977e-1
1.25000000000000000e0,1.00000000000000003e-300,0.00000000000000000e0,1.00000000000000000e0
8.00000000000000000e0,8.28296431282069534e-1,2.21557431434695279e-1,9.69177497614926331e-1
5.15475972619606182e0,6.45386937771945668e-1,1.04633000214415892e-1,9.78787530708767894e-1
4.70137958187842742e0,7.43636388706363505e-1,2.48437704192502218e-1,9.41060002592777334e-1
1.25000000000000000e0,3.28125000000000000e-1,2.48341414784128550e-1,7.95823020655757829e-1
8.00000000000000000e0,3.32031249999999944e-1,1.47717409614533463e-4,9.99981534130383043e-1
7.47549946123035625e0,3.35937500000000056e-1,2.87438916296131467e-4,9.99961544414707748e-1
2.61103507172083482e0,9.96093749999999889e-1,9.89832711519892383e-1,1.72496284411964851e-1
1.25000000000000000e0,1.00000000000000003e-300,0.00000000000000000e0,1.00000000000000000e0
8.00000000000000000e0,6.25151543163156020e-1,2.33282660935492762e-2,9.97053764027768019e-1
3.60251309291925281e0,8.45158140136845759e-1,5.45497936108000236e-1,8.03410370861212142e-1
6.33547617070144042e0,8.16285040395996475e-1,2.76360558838249726e-1,9.50225764078152291e-1
1.25000000000000000e0,3.59375000000000000e-1,2.78249778662878366e-1,7.70388055410965444e-1
8.00000000000000000e0,3.63281249999999944e-1,3.03349906861102880e-4,9.99962076228280483e-1
5.35924381873337552e0,3.67187500000000056e-1,4.65723448789850773e-3,9.99129339719097120e-1
7.71115406841272488e0,9.96093749999999889e-1,9.70270208635262366e-1,6.33869780722400522e-1
1.25000000000000000e0,1.00000000000000003e-300,0.00000000000000000e0,1.00000000000000000e0
8.00000000000000000e0,8.00476885774514813e-1,1.68573912826633338e-1,9.77187619142074748e-1
2.88805519929155707e0,2.25001396020161337e-1,1.34609321550473102e-2,9.95318439916418662e-1
6.08257550437701866e0,7.87888826430389599e-1,2.34552566478807456e-1,9.57007227784428149e-1
1.25000000000000000e0,3.90625000000000000e-1,3.08816177750818266e-1,7.44174615330396083e-1
8.00000000000000000e0,3.94531249999999944e-1,5.87017796366229696e-4,9.99926603923777635e-1
2.56710368156200275e0,3.98437500000000056e-1,9.42070088224919583e-2,9.62190101625798544e-1
3.97963386599440128e0,9.96093749999999889e-1,9.84544790468769304e-1,3.50712973357521052e-1
1.25000000000000000e0,1.00000000000000003e-300,0.00000000000000000e0,1.00000000000000000e0
8.00000000000000000e0,9.65643310460109205e-1,7.56021053764013407e-1,8.38337790931329985e-1
6.98876191762974486e0,9.10884086538317206e-1,5.20831641917340438e-1,9.00081944558551061e-1
7.60968810832127929e0,1.72975415484870609e-1,1.58964012587817598e-6,9.99999791102972879e-1
1.25000000000000000e0,4.21875000000000000e-1,3.40000642491042560e-1,7.17190965706835715e-1
8.00000000000000000e0,4.25781249999999944e-1,1.08017037246697987e-3,9.99864914852704345e-1
1.30613580055069178e0,4.29687500000000056e-1,3.31778037601469344e-1,7.34439989927578862e-1
2.37401175999548286e0,9.96093749999999889e-1,9.90751390910716845e-1,1.39076781919888232e-1
1.25000000000000000e0,1.00000000000000003e-300,0.00000000000000000e0,1.00000000000000000e0
8.00000000000000000e0,2.86263312318624230e-1,4.50947036419955258e-5,9.99994363050832780e-1
3.38063853100175038e0,8.36952700310575892e-1,5.47872793357840560e-1,7.90724820649149396e-1
4.41057166416430846e0,3.49378755890938919e-2,3.75928103170980330e-7,9.99999914766568465e-1
1.25000000000000000e0,4.53125000000000000e-1,3.71768449267294687e-1,6.89438917458601086e-1
8.00000000000000000e0,4.57031249999999944e-1,1.90356263510270754e-3,9.99761856271600191e-1
5.44889488961780444e0,4.60937500000000056e-1,1.46967342606278174e-2,9.97286476532386668e-1
4.96049192995997146e0,9.96093749999999889e-1,9.80772388713860077e-1,4.50870182892532667e-1
1.25000000000000000e0,1.00000000000000003e-300,0.00000000000000000e0,1.00000000000000000e0
8.00000000000000000e0,5.30311564343719510e-1,6.25530920374391206e-3,9.99215938084452748e-1
7.17577884951606393e0,9.80789442451168725e-1,8.70060949456751831e-1,7.52476265343976269e-1
2.82787016470683739e0,9.83691117180569563e-1,9.54564922605177113e-1,3.35137203317716348e-1
1.25000000000000000e0,4.84375000000000000e-1,4.04089113007527145e-1,6.60914158780162464e-1
8.00000000000000000e0,4.88281249999999944e-1,3.23117426778526126e-3,9.99595531096648449e-1
3.52894362894585356e0,4.92187500000000056e-1,8.19494741321773607e-2,9.76062145011893034e-1
1.33066646644147113e0,9.96093749999999889e-1,9.94805444031258590e-1,1.91967416278255448e-2
1.25000000000000000e0,1.00000000000000003e-300,0.00000000000000000e0,1.00000000000000000e0
8.00000000000000000e0,9.65227262472581060e-1,7.53419123031374260e-1,8.39450175232854034e-1
2.57224191026762128e0,2.04223141722650325e-1,1.68044013845815472e-2,9.93433163721247903e-1
5.17337245307862759e0,2.57483621139726893e-1,8.94516292816326130e-4,9.99827029810786416e-1
1.25000000000000000e0,5.15625000000000000e-1,4.36935626566079705e-1,6.31606279851538499e-1
8.00000000000000000e0,5.19531249999999889e-1,5.30754158083958719e-3,9.99335011625751668e-1
6.57076925173169002e0,5.23437500000000111e-1,1.42143069464022425e-2,9.97823586166526222e-1
5.81540422671241686e0,9.96093749999999889e-1,9.77496168664541143e-1,5.20785415161756027e-1
1.25000000000000000e0,1.00000000000000003e-300,0.00000000000000000e0,1.00000000000000000e0
8.00000000000000000e0,9.31985677880220464e-2,5.69211817169460925e-9,9.99999999288485264e-1
3.52408265683334321e0,2.59545103526761523e-1,8.62258787536631342e-3,9.97545646161955069e-1
2.49887284659780562e0,9.04837018565558537e-1,7.78887711536632499e-1,5.46672091449065589e-1
1.25000000000000000e0,5.46875000000000000e-1,4.70283874956108405e-1,6.01498508477506300e-1
8.00000000000000000e0,5.50781249999999889e-1,8.46902039533730007e-3,9.98937429138432864e-1
4.14882501540705562e0,5.54687500000000111e-1,8.67164543839550883e-2,9.78373527259585929e-1
6.64986072137253359e0,9.96093749999999889e-1,9.74308894608283182e-1,5.76586651820184981e-1
1.25000000000000000e0,1.00000000000000003e-300,0.00000000000000000e0,1.00000000000000000e0
8.00000000000000000e0,5.07620050552759494e-1,4.40869590760298215e-3,9.99447847134336653e-1
4.06715125899063423e0,6.74467725452814193e-1,2.01539055160537384e-1,9.46165009284933189e-1
7.96190248988568783e0,2.65692148764173908e-1,2.61191780942255497e-5,9.99996719442822091e-1
1.25000000000000000e0,5.78125000000000000e-1,5.04112176430125403e-1,5.70567139069837692e-1
8.00000000000000000e0,5.82031249999999889e-1,1.31695345139721115e-2,9.98344244553811655e-1
4.89199561602436006e0,5.85937500000000111e-1,7.31694089227491462e-2,9.84587596125451769e-1
4.37280801363522187e0,9.96093749999999889e-1,9.83030894719606696e-1,3.93684008942611241e-1
1.25000000000000000e0,1.00000000000000003e-300,0.00000000000000000e0,1.00000000000000000e0
8.00000000000000000e0,6.89224198372357932e-1,5.09195005912851453e-2,9.93488584435414435e-1
1.84915722464211285e0,8.78370513796653540e-1,7.86776358646254725e-1,4.33553756812350422e-1
2.28876390244113281e0,4.49096874635870336e-1,1.60062065382162277e-1,9.26621360681147976e-1
1.25000000000000000e0,6.09375000000000000e-1,5.38400917495806319e-1,5.38780599939147065e-1
8.00000000000000000e0,6.13281249999999889e-1,2.00114010959524594e-2,9.97476397008866256e-1
3.10818431107327342e0,6.17187500000000111e-1,2.23140183363192246e-1,9.21976405595526627e-1
3.41909502755152062e0,9.96093749999999889e-1,9.86707147100289172e-1,2.82621458260562231e-1
1.25000000000000000e0,1.00000000000000003e-300,0.00000000000000000e0,1.00000000000000000e0
8.00000000000000000e0,8.65446634716136032e-1,3.14718554674920492e-1,9.53857769710903525e-1
5.93075217906152830e0,6.04701146980914928e-1,5.06258791731645022e-2,9.91278433744315568e-1
6.27022778190439567e0,7.82228129119175719e-1,2.14376069770073729e-1,9.62251149641140668e-1
1.25000000000000000e0,6.40625000000000000e-1,5.73132258761322788e-1,5.06098055661491464e-1
8.00000000000000000e0,6.44531249999999889e-1,2.97818609238130194e-2,9.96227839150846228e-1
3.22695591935189441e0,6.48437500000000111e-1,2.47119334097413240e-1,9.15795947214696260e-1
2.32056081399787217e0,9.96093749999999889e-1,9.90958679389742136e-1,1.31606808692621091e-1
1.25000000000000000e0,1.00000000000000003e-300,0.00000000000000000e0,1.00000000000000000e0
8.00000000000000000e0,9.49538684772051056e-1,6.60847578219313725e-1,8.73573327330140259e-1
2.98621937527786940e0,5.22999591003099340e-1,1.44338861363642101e-1,9.49138957788269622e-1
5.22339093900518492e0,6.79078371003924985e-1,1.32449986737697895e-1,9.73165492664818998e-1
1.25000000000000000e0,6.71875000000000000e-1,6.08289895048640505e-1,4.72467369935627157e-1
8.00000000000000000e0,6.75781249999999889e-1,4.34959782208731022e-2,9.94456635782532294e-1
2.04708080156706274e0,6.79687500000000111e-1,4.53652754904398492e-1,7.44309146969753477e-1
7.06970458454452455e0,9.96093749999999889e-1,9.72709198996434821e-1,6.00864646727767293e-1
1.25000000000000000e0,1.00000000000000003e-300,0.00000000000000000e0,1.00000000000000000e0
8.00000000000000000e0,4.66415965624946693e-1,2.23968666781544212e-3,9.99719764458666060e-1
5.64162506972206756e0,7.23300612826278666e-1,1.60816128160129107e-1,9.69400813217341506e-1
2.20842132216785103e0,2.74319579789334966e-1,5.74690945440327478e-2,9.73555546261003713e-1
1.25000000000000000e0,7.03125000000000000e-1,6.43858857682858554e-1,4.37822138476145040e-1
8.00000000000000000e0,7.07031249999999889e-1,6.24466113488964455e-2,9.91972199430043888e-1
4.22887118277139962e0,7.10937500000000111e-1,2.36273042166398217e-1,9.38249647022105893e-1
2.87333625409519300e0,9.96093749999999889e-1,9.88817050484613769e-1,2.09336024685650490e-1
1.25000000000000000e0,1.00000000000000003e-300,0.00000000000000000e0,1.00000000000000000e0
8.00000000000000000e0,3.85391342024377082e-1,4.86648770622638788e-4,9.99939155948253555e-1
4.27782960102194920e0,3.34647955019136134e-1,9.25271582872009765e-3,9.97829344238981175e-1
4.62886587152024731e0,5.09749458701662661e-1,4.41970980980242178e-2,9.90281949127821859e-1
1.25000000000000000e0,7.34375000000000000e-1,6.79825349982222882e-1,4.02077299870197524e-1
8.00000000000000000e0,7.38281249999999889e-1,8.82621923863331492e-2,9.88516096504077679e-1
4.54235393286217004e0,7.42187500000000111e-1,2.58123237507135506e-1,9.36382991223556171e-1
1.63452659471658990e0,9.96093749999999889e-1,9.93623047091022449e-1,4.53802505197164127e-2
1.25000000000000000e0,1.00000000000000003e-300,0.00000000000000000e0,1.00000000000000000e0
8.00000000000000000e0,4.68502522398921428e-1,2.32110863708171649e-3,9.99709566360846957e-1
2.97281216701958328e0,7.43488475427511730e-1,4.14307216105400666e-1,8.35311319310621747e-1
3.23873321729479358e0,3.45589957023548777e-1,3.20274638490628677e-2,9.89999630964903288e-1
1.25000000000000000e0,7.65625000000000000e-1,7.16176609187199720e-1,3.65122458811706352e-1
8.00000000000000000e0,7.69531249999999889e-1,1.22973090258350931e-1,9.83731583238549701e-1
2.85358520923182368e0,7.73437500000000111e-1,4.80409815585865152e-1,7.94981926929787530e-1
1.83183857297990471e0,9.96093749999999889e-1,9.92856008748246976e-1,6.73700916400929578e-2
1.25000000000000000e0,1.00000000000000003e-300,0.00000000000000000e0,1.00000000000000000e0
8.00000000000000000e0,6.21247937297084718e-1,2.21880777070724566e-2,9.97199187622247130e-1
1.59685981489019468e0,6.66639226606093871e-1,5.23333335207958883e-1,6.28765564871185401e-1
2.78311112709343433e0,5.95732569918254740e-1,2.36560861922548826e-1,9.07569019810874567e-1
1.25000000000000000e0,7.96875000000000000e-1,7.52900789665934989e-1,3.26811316173616306e-1
8.00000000000000000e0,8.00781249999999889e-1,1.69087368760689305e-1,9.77112164690371321e-1
7.07893360842717811e0,8.04687500000000111e-1,2.14754169300452602e-1,9.66424773114395119e-1
5.29157457075780258e0,9.96093749999999889e-1,9.79502303274732977e-1,4.79674448764443706e-1
1.25000000000000000e0,1.00000000000000003e-300,0.00000000000000000e0,1.00000000000000000e0
8.00000000000000000e0,1.94246137180016376e-1,2.02683842312223020e-6,9.99999746644972487e-1
5.59836022631498054e0,6.79007662420190172e-1,1.14491664333328913e-1,9.78514700800057646e-1
6.47233852336648852e0,4.71247749846952502e-1,7.67642107309034552e-3,9.98810097648980544e-1
1.25000000000000000e0,8.28125000000000000e-1,7.89986863405912398e-1,2.86944013831711642e-1
8.00000000000000000e0,8.32031249999999889e-1,2.29676787490196654e-1,9.67908097354055696e-1
3.33326766669051722e0,8.35937500000000111e-1,5.50280940293532472e-1,7.86828961556105044e-1
6.84006986964959651e0,9.96093749999999889e-1,9.73583831062013516e-1,5.87870371143550896e-1
1.25000000000000000e0,1.00000000000000003e-300,0.00000000000000000e0,1.00000000000000000e0
8.00000000000000000e0,5.54554883879063709e-1,8.94450426075318536e-3,9.98877537122858428e-1
3.66053476824890822e0,8.32302092890131462e-1,5.10723427746406000e-1,8.22604716291727822e-1
3.88983719202224165e0,9.42037393037935544e-1,7.92737301564348518e-1,6.67253932064413635e-1
1.25000000000000000e0,8.59375000000000000e-1,8.27424534673318335e-1,2.45235445854453643e-1
8.00000000000000000e0,8.63281249999999889e-1,3.08473930365736337e-1,9.54939965757750642e-1
7.50156676257029176e0,8.67187500000000111e-1,3.43360716325529447e-1,9.45471992790582139e-1
4.30119007203029469e0,9.96093749999999889e-1,9.83306482223101130e-1,3.86147661086463756e-1
1.25000000000000000e0,1.00000000000000003e-300,0.00000000000000000e0,1.00000000000000000e0
8.00000000000000000e0,5.88645025745790917e-1,1.44154374982130816e-2,9.98186602524188560e-1
2.64505689608631656e0,8.42391417540966359e-1,6.35301844418692196e-1,6.82940680468227757e-1
5.92277572897728533e0,4.77418553318784689e-1,1.25369681547697169e-2,9.97872147773239071e-1
1.25000000000000000e0,8.90625000000000000e-1,8.65204166377889994e-1,2.01252449553415397e-1
8.00000000000000000e0,8.94531249999999889e-1,4.09981383093974527e-1,9.36177532923876066e-1
2.87985133298207074e0,8.98437500000000111e-1,7.34601790336003813e-1,6.30890885234964616e-1
7.38962864229688421e0,9.96093749999999889e-1,9.71491982863500247e-1,6.17900751738757803e-1
1.25000000000000000e0,1.00000000000000003e-300,0.00000000000000000e0,1.00000000000000000e0
8.00000000000000000e0,6.16043261206868920e-1,2.07438656059635018e-2,9.97383174612957446e-1
3.24676280969288200e0,1.96094971529419126e-1,5.04436387172801058e-3,9.98443621079544430e-1
6.32074590836418793e0,1.96147755391393730e-1,3.37752877445827396e-5,9.99994656363601853e-1
1.25000000000000000e0,9.21875000000000000e-1,9.03316716180858403e-1,1.54269870207406290e-1
8.00000000000000000e0,9.25781249999999889e-1,5.39593917605389439e-1,9.07596122003545003e-1
5.40193100861506537e0,9.29687500000000111e-1,6.74463751568852854e-1,8.12405557847904025e-1
7.84816687100101262e0,9.96093749999999889e-1,9.69750036533861937e-1,6.40348740090908586e-1
1.25000000000000000e0,1.00000000000000003e-300,0.00000000000000000e0,1.00000000000000000e0
8.00000000000000000e0,5.62114640847539704e-1,9.96779681430396552e-3,9.98748557718785679e-1
6.89820772601524368e0,3.28170387588215817e-1,4.59148397958671160e-4,9.99933426395690050e-1
5.01919842825736851e0,8.86575528743378527e-1,5.46480818810673341e-1,8.54243801561292204e-1
1.25000000000000000e0,9.53125000000000000e-1,9.41753680768353973e-1,1.02852484961291013e-1
8.00000000000000000e0,9.57031249999999889e-1,7.03734678156666016e-1,8.58934609762711743e-1
2.14375635940814391e0,9.60937500000000111e-1,9.18126663836392409e-1,3.11180645090323504e-1
1.33253310946747661e0,9.96093749999999889e-1,9.94798176155596958e-1,1.93236025326083347e-2
1.25000000000000000e0,1.00000000000000003e-300,0.00000000000000000e0,1.00000000000000000e0
8.00000000000000000e0,9.86451576050058065e-1,8.96615346796306834e-1,7.53020864027774350e-1
5.65569416806101799e0,4.00902438818775408e-1,5.68732806408005307e-3,9.98992044587910910e-1
5.90319019946036860e0,5.50009149578727374e-1,2.93328473343937475e-2,9.94969379480585392e-1
1.25000000000000000e0,9.84375000000000000e-1,9.80507047011742516e-1,4.28451934758070502e-2
8.00000000000000000e0,9.88281249999999889e-1,9.10006400466469967e-1,7.40076225294282630e-1
5.68063507205806673e0,9.92187500000000111e-1,9.56423732821515160e-1,5.76047273300188345e-1
6.53841665614163503e0,9.96093749999999889e-1,9.74733962187745773e-1,5.69744936284999004e-1
1.25000000000000000e0,1.00000000000000003e-300,0.00000000000000000e0,1.00000000000000000e0
8.00000000000000000e0,1.84930780251306714e-1,1.36796068558350202e-6,9.99999829004811991e-1
6.40133941452950239e0,2.42546807958206045e-1,1.15310164680309054e-4,9.99981985680298946e-1
3.76300764898769557e0,5.27546283137780847e-2,1.55545246037643332e-5,9.99995866441187653e-1
1.25000000000000000e0,1.95312500000000000e-2,7.30150772080674117e-3,9.94154516355638895e-1
8.00000000000000000e0,2.34374999999999965e-2,9.10521658070705498e-14,9.99999999999988565e-1
7.31374903884716332e0,2.73437500000000035e-2,3.69464100778640082e-12,9.99999999999494849e-1
2.20150116633158177e0,9.96093749999999889e-1,9.91420561329004690e-1,1.15160526692903942e-1
1.25000000000000000e0,1.00000000000000003e-300,0.00000000000000000e0,1.00000000000000000e0
8.00000000000000000e0,2.37598814774173661e-1,1.01567358845104498e-5,9.99998730402372860e-1
2.96251797088189051e0,4.74883378246886423e-1,1.10124280254528750e-1,9.61382227470325645e-1
6.57399068900849670e0,9.69411951205074729e-1,8.15278795473310391e-1,7.73439744198680001e-1
1.25000000000000000e0,5.07812500000000000e-2,2.41062265503000431e-2,9.80668075642544435e-1
8.00000000000000000e0,5.46874999999999931e-2,8.00026850322765106e-11,9.99999999989999666e-1
3.53495731181465089e0,5.85937500000000069e-2,4.40967844328273619e-5,9.99987525314231185e-1
6.37980998493731022e0,9.96093749999999889e-1,9.75339236167185319e-1,5.59700762325275325e-1
1.25000000000000000e0,1.00000000000000003e-300,0.00000000000000000e0,1.00000000000000000e0
8.00000000000000000e0,9.94876913305233757e-1,9.59742713153558635e-1,6.69276479468113417e-1
4.78667974722338840e0,4.40033665627197479e-1,1.96553688660730183e-2,9.95861432183336670e-1
3.44479176128515974e0,5.78850826091183990e-1,1.52086819420375052e-1,9.53236990427960174e-1
1.25000000000000000e0,8.20312500000000000e-2,4.39009746108296045e-2,9.64722261870867515e-1
8.00000000000000000e0,8.59374999999999861e-2,2.97482706523854628e-9,9.99999999628146563e-1
3.39376707765040919e0,8.98437500000000139e-2,2.80789969214645212e-4,9.99917254846052317e-1
2.60237914999015629e0,9.96093749999999889e-1,9.89866246042593767e-1,1.71273359466391994e-1
1.25000000000000000e0,1.00000000000000003e-300,0.00000000000000000e0,1.00000000000000000e0
8.00000000000000000e0,9.28746188196782896e-1,5.53574854494265911e-1,9.04104396416972489e-1
4.67661418550414965e0,5.33865912498185935e-1,5.31258047940308120e-2,9.88395092799581598e-1
3.68618958408478647e0,2.23910314161912538e-3,1.70557470408075264e-10,9.99999999953730678e-1
1.25000000000000000e0,1.13281250000000000e-1,6.57199978770277582e-2,9.47069046169115247e-1
8.00000000000000000e0,1.17187499999999986e-1,3.55672522683869399e-8,9.99999995554093357e-1
3.01130197220481932e0,1.21093750000000014e-1,1.73381458848860829e-3,9.99423897207439071e-1
2.04810254718177021e0,9.96093749999999889e-1,9.92015975820647045e-1,9.45682921223727768e-2
1.25000000000000000e0,1.00000000000000003e-300,0.00000000000000000e0,1.00000000000000000e0
8.00000000000000000e0,1.29338493243267294e-1,7.83109293328183291e-8,9.99999990211133505e-1
4.65956574334995821e0,8.37735856980543758e-1,4.38240488274728446e-1,8.83589302443601454e-1
7.69095253973500803e0,1.96459204621532990e-1,3.66936933441491348e-6,9.99999522897173976e-1
1.25000000000000000e0,1.44531250000000000e-1,8.91152846081127298e-2,9.28048625278153350e-1
8.00000000000000000e0,1.48437499999999972e-1,2.35694284103637675e-7,9.99999970538211436e-1
1.90714519529137760e0,1.52343750000000028e-1,2.76393574016625884e-2,9.85410887658739632e-1
6.12154268985614181e0,9.96093749999999889e-1,9.76325638923980277e-1,5.42532973107600069e-1
1.25000000000000000e0,1.00000000000000003e-300,0.00000000000000000e0,1.00000000000000000e0
8.00000000000000000e0,6.68667400941558299e-1,3.99651278808619073e-2,9.94914765052185124e-1
5.59006914682686329e0,7.69297439210276934e-1,2.30812426619900035e-1,9.54140791348016437e-1
3.57712435640860349e0,6.01884667094054748e-1,1.62664050784060932e-1,9.51582180263230604e-1
1.25000000000000000e0,1.75781250000000000e-1,1.13819241098643373e-1,9.07857849642651149e-1
8.00000000000000000e0,1.79687499999999972e-1,1.08678323675059791e-6,9.99999864152030793e-1
3.79848588298773393e0,1.83593750000000028e-1,1.59872805901482276e-3,9.99578866288954537e-1
5.52975455683190376e0,9.96093749999999889e-1,9.78589624469130559e-1,4.99011255385454100e-1
1.25000000000000000e0,1.00000000000000003e-300,0.00000000000000000e0,1.00000000000000000e0
8.00000000000000000e0,4.75926462167990394e-1,2.63219962393382648e-3,9.99670595521518268e-1
6.90362560329958797e0,3.88187527419177059e-1,1.45511363724923825e-3,9.99789093461429301e-1
6.30725224129855633e0,6.05458908980835986e-1,4.22233873570102419e-2,9.93183480672771180e-1
1.25000000000000000e0,2.07031250000000000e-1,1.39651267040652866e-1,8.86624277108031489e-1
8.00000000000000000e0,2.10937499999999972e-1,3.91949717794270590e-6,9.99999510062012598e-1
5.81385005055926740e0,2.14843750000000028e-1,1.30936782919057040e-4,9.99977477251714597e-1
2.05060956499073654e0,9.96093749999999889e-1,9.92006241994065951e-1,9.48977285711576912e-2
1.25000000000000000e0,1.00000000000000003e-300,0.00000000000000000e0,1.00000000000000000e0
8.00000000000000000e0,1.88933974682186090e-1,1.62360540641231100e-6,9.99999797049180073e-1
6.32540356798563153e0,6.97945263154906570e-1,1.02826984360750356e-1,9.82992202003302729e-1
7.29723104857839644e0,8.38466295886064472e-1,2.76475604467198377e-1,9.56620548121647651e-1
1.25000000000000000e0,2.38281250000000000e-1,1.66480103469673568e-1,8.64435864300804213e-1
8.00000000000000000e0,2.42187499999999972e-1,1.18362408407929230e-5,9.99998520462233365e-1
1.27196693664882332e0,2.46093750000000028e-1,1.68073821705908039e-1,8.65310441607178293e-1
2.78239735827082768e0,9.96093749999999889e-1,9.89169058508937549e-1,1.96632147632836096e-1
1.25000000000000000e0,1.00000000000000003e-300,0.00000000000000000e0,1.00000000000000000e0
8.00000000000000000e0,6.88712903152008948e-1,5.06180904047241753e-2,9.93528018127055601e-1
6.20979279425228015e0,7.39624591160463751e-1,1.53669464122695193e-1,9.73489642992881765e-1
7.00131179549498484e0,9.12063499740725092e-1,5.24956227504387751e-1,8.99140877821092643e-1
1.25000000000000000e0,2.69531250000000000e-1,1.94205447050818769e-1,8.41355352279807511e-1
8.00000000000000000e0,2.73437499999999944e-1,3.12510488407329948e-5,9.99996093565484467e-1
3.43090902251424268e0,2.77343750000000056e-1,1.22757135643426253e-2,9.96406353155545044e-1
7.66489905439084396e0,9.96093749999999889e-1,9.70445879798141009e-1,6.31639662063542384e-1
1.25000000000000000e0,1.00000000000000003e-300,0.00000000000000000e0,1.00000000000000000e0
8.00000000000000000e0,6.14492539461934939e-1,2.03297910966929452e-2,9.97435882294961940e-1
7.07063902739901096e0,6.15857248153588444e-1,3.24705373409658396e-2,9.95342363068681402e-1
3.46642455545952544e0,5.27046400293329498e-2,3.71009878364293421e-5,9.99989296903206815e-1
1.25000000000000000e0,3.00781250000000000e-1,2.22747813574441428e-1,8.17428097983515345e-1
8.00000000000000000e0,3.04687499999999944e-1,7.42740488624131804e-5,9.99990715442187206e-1
7.48198021622374654e0,3.08593750000000056e-1,1.51218379046349512e-4,9.99979787665702280e-1
3.84711548179620877e0,9.96093749999999889e-1,9.85055570477943121e-1,3.35338386132718713e-1
1.25000000000000000e0,1.00000000000000003e-300,0.00000000000000000e0,1.00000000000000000e0
8.00000000000000000e0,3.54819295093875553e-1,2.51222093330851295e-4,9.99968593786324633e-1
4.96489007800118998e0,1.87950805038781255e-1,2.48719137534572545e-4,9.99949899426160860e-1
6.23482531349873170e0,2.40049854187418532e-1,1.36863540948771299e-4,9.99978047275045689e-1
1.25000000000000000e0,3.32031250000000000e-1,2.52042454609784139e-1,7.92686675652972017e-1
8.00000000000000000e0,3.35937499999999944e-1,1.62206363307784490e-4,9.99979722765563017e-1
3.75587840972002596e0,3.39843750000000056e-1,1.73596911789505003e-2,9.95348258662911989e-1
6.20024281681980938e0,9.96093749999999889e-1,9.76024953142374363e-1,5.47874535789947048e-1
1.25000000000000000e0,1.00000000000000003e-300,0.00000000000000000e0,1.00000000000000000e0
8.00000000000000000e0,7.73822774422114890e-1,1.28567754426315684e-1,9.82944966937248532e-1
6.16340478614438325e0,4.86414246370259207e-1,1.17731600211251203e-2,9.98080340013604350e-1
3.27457827847683802e0,7.05370927257717995e-1,3.18883039199689522e-1,8.89341929435192080e-1
1.25000000000000000e0,3.63281250000000000e-1,2.82035469056296673e-1,7.67153713649988411e-1
8.00000000000000000e0,3.67187499999999944e-1,3.30447983722961369e-4,9.99958688029151888e-1
7.28017861768603325e0,3.71093750000000056e-1,7.34114836367699176e-4,9.99899130580430784e-1
5.22732840979006141e0,9.96093749999999889e-1,9.79748633041959027e-1,4.74264703127116383e-1
1.25000000000000000e0,1.00000000000000003e-300,0.00000000000000000e0,1.00000000000000000e0
8.00000000000000000e0,6.50259564235966536e-1,3.19664191204705045e-2,9.95947172299139538e-1
2.08859638997819275e0,3.18666465313981462e-1,9.17635319398237281e-2,9.54961910810615766e-1
2.40092904760967940e0,5.92201646031753626e-2,1.12924098003623283e-3,9.99529509947457484e-1
1.25000000000000000e0,3.94531250000000000e-1,3.12681193214836672e-1,7.40843682777883261e-1
8.00000000000000000e0,3.98437499999999944e-1,6.35157823147838212e-4,9.99920583201014512e-1
2.49674996879184619e0,4.02343750000000056e-1,1.02986006961059473e-1,9.57403719926469998e-1
7.94274777552345768e0,9.96093749999999889e-1,9.69391120767352121e-1,6.44713338745097952e-1
1.25000000000000000e0,1.00000000000000003e-300,0.00000000000000000e0,1.00000000000000000e0
8.00000000000000000e0,9.44362587397336029e-1,6.32572324355910376e-1,8.82361363602677695e-1
3.61621063982602209e0,6.56355786504718708e-1,2.18140978824051646e-1,9.34214355781983308e-1
2.60136493237223476e0,8.62432469184568617e-1,6.80452048025000922e-1,6.44966155983362932e-1
1.25000000000000000e0,4.25781250000000000e-1,3.43940379232944959e-1,7.13764011713910351e-1
8.00000000000000000e0,4.29687499999999944e-1,1.16204182235880729e-3,9.99854670871742957e-1
1.45356738526606932e0,4.33593750000000056e-1,2.96808069933578056e-1,7.84860634789742551e-1
7.88690059428336099e0,9.96093749999999889e-1,9.69603033674925063e-1,6.42146653228123032e-1
1.25000000000000000e0,1.00000000000000003e-300,0.00000000000000000e0,1.00000000000000000e0
8.00000000000000000e0,5.83503534021474479e-1,1.34384111960538094e-2,9.98310238777131098e-1
1.50452850997680798e0,1.29198624613309221e-1,4.60110514660553999e-2,9.69177398479044827e-1
2.97848094976507127e0,7.50567529198633565e-1,4.25452235828416236e-1,8.30224928691729813e-1
1.25000000000000000e0,4.57031250000000000e-1,3.75778882474969489e-1,6.85915734574214842e-1
8.00000000000000000e0,4.60937499999999944e-1,2.03768165680130514e-3,9.99745062432776166e-1
1.66263652133056894e0,4.64843750000000056e-1,2.79803060999832598e-1,8.20849322829075634e-1
3.22888002346735448e0,9.96093749999999889e-1,9.87442006692007768e-1,2.57766375303407236e-1
1.25000000000000000e0,1.00000000000000003e-300,0.00000000000000000e0,1.00000000000000000e0
8.00000000000000000e0,9.20697062529143295e-1,5.16337966868225973e-1,9.13203883366488389e-1
5.41043158486718312e0,8.17114675223820086e-1,3.35284308769266959e-1,9.27295450820439071e-1
6.98020150401862338e0,4.25707814156339737e-2,2.69726043650605242e-10,9.99999999961358466e-1
1.25000000000000000e0,4.88281250000000000e-1,4.08166690049085679e-1,6.57293781900529228e-1
8.00000000000000000e0,4.92187499999999944e-1,3.44385326183528325e-3,9.99568868342150640e-1
2.59457778948126361e0,4.96093750000000056e-1,1.62224514122767283e-1,9.34053866556661117e-1
2.93113161646761000e0,9.96093749999999889e-1,9.88593400193108152e-1,2.17354870888626900e-1
1.25000000000000000e0,1.00000000000000003e-300,0.00000000000000000e0,1.00000000000000000e0
8.00000000000000000e0,2.14731108399064397e-1,4.52022160567791251e-6,9.99999434971181933e-1
2.25397413282189518e0,4.37681184121174738e-2,8.65376313005270631e-4,9.99615973977451389e-1
6.65997453476302326e0,9.61181736865910352e-1,7.68219163348470624e-1,8.02908269089423809e-1
1.25000000000000000e0,5.19531250000000000e-1,4.41077185375786662e-1,6.27886969010882035e-1
8.00000000000000000e0,5.23437499999999889e-1,5.63532106474307504e-3,9.99293842022846768e-1
7.86686687706969678e0,5.27343750000000111e-1,6.51251813001164307e-3,9.99169795977756126e-1
2.58109850104665384e0,9.96093749999999889e-1,9.89948695750046515e-1,1.68266304143418061e-1
1.25000000000000000e0,1.00000000000000003e-300,0.00000000000000000e0,1.00000000000000000e0
8.00000000000000000e0,7.21653224491092260e-2,7.35577525982485524e-10,9.99999999908052772e-1
2.97482687426963821e0,9.92177507446285745e-1,9.76908724635557890e-1,2.81751635949274326e-1
5.43019461166113615e0,8.52930247356198379e-2,1.56549734442260314e-6,9.99999711704928407e-1
1.25000000000000000e0,5.50781250000000000e-1,4.74486580525681489e-1,5.97677694984567132e-1
8.00000000000000000e0,5.54687499999999889e-1,8.96163048277553997e-3,9.98875379432410782e-1
5.42100502253742889e0,5.58593750000000111e-1,4.25604819213398211e-2,9.92009097793721706e-1
5.37210623733699322e0,9.96093749999999889e-1,9.79193619816686400e-1,4.86337531865958794e-1
1.25000000000000000e0,1.00000000000000003e-300,0.00000000000000000e0,1.00000000000000000e0
8.00000000000000000e0,8.89648041925283906e-1,3.92415196942224709e-1,9.39616993944857204e-1
3.20100349147105590e0,4.71637904765884741e-1,9.02028612123521034e-2,9.70899324987250734e-1
3.52391296572750434e0,5.18879634246331989e-1,9.90648499742486643e-2,9.70829884018436284e-1
1.25000000000000000e0,5.82031250000000000e-1,5.08373470600402277e-1,5.66641330287713685e-1
8.00000000000000000e0,5.85937499999999889e-1,1.38934579173386405e-2,9.98252668942738008e-1
6.51577640697360039e0,5.89843750000000111e-1,3.20755000903998402e-2,9.95009072481136125e-1
5.18635551922488958e0,9.96093749999999889e-1,9.79905761823548049e-1,4.70770321469356157e-1
1.25000000000000000e0,1.00000000000000003e-300,0.00000000000000000e0,1.00000000000000000e0
8.00000000000000000e0,1.73483287317139911e-1,8.20467048493787094e-7,9.99999897441582131e-1
6.08883847395190969e0,2.50442936867329990e-1,2.18190046179373391e-4,9.99964162303884407e-1
5.73537986853625625e0,5.96966834327758988e-1,5.18787267598987273e-2,9.90754542237662572e-1
1.25000000000000000e0,6.13281250000000000e-1,5.42718478706188834e-1,5.34745232772280810e-1
8.00000000000000000e0,6.17187499999999889e-1,2.10541141452491413e-2,9.97343670192028631e-1
2.40531189605826512e0,6.21093750000000111e-1,3.18037590082735466e-1,8.52877158833778015e-1
3.34311065450310707e0,9.96093749999999889e-1,9.87000632694356894e-1,2.72791906855807897e-1
1.25000000000000000e0,1.00000000000000003e-300,0.00000000000000000e0,1.00000000000000000e0
8.00000000000000000e0,7.80609557914431207e-1,1.37870362165096655e-1,9.81627173147199716e-1
3.99498991388827562e0,7.30839554639715061e-1,2.85739605259864804e-1,9.19217582965649371e-1
7.85677931265672669e0,3.82080303506882046e-2,7.24939871239499638e-12,9.99999999999077294e-1
1.25000000000000000e0,6.44531250000000000e-1,5.77503969380462778e-1,5.01947281483653862e-1
8.00000000000000000e0,6.48437499999999889e-1,3.12568336788143497e-2,9.96038398870915942e-1
5.44510740513214841e0,6.52343750000000111e-1,9.76797744457362088e-2,9.81300322854828710e-1
2.42891854041954502e0,9.96093749999999889e-1,9.90538501698305152e-1,1.46788094755913590e-1
1.25000000000000000e0,1.00000000000000003e-300,0.00000000000000000e0,1.00000000000000000e0
8.00000000000000000e0,6.08776501126158109e-1,1.88652707283205670e-2,9.97622145318597497e-1
7.12125464220298454e0,1.44756876775318233e-1,1.05365404190418566e-6,9.99999852040887149e-1
2.63370240596123040e0,6.77700507048939471e-1,3.58925137307651243e-1,8.44664970222077538e-1
1.25000000000000000e0,6.75781250000000000e-1,6.12713814563736525e-1,4.68193742235036681e-1
8.00000000000000000e0,6.79687499999999889e-1,4.55485193373172531e-2,9.94189637167099516e-1
3.55373614653944969e0,6.83593750000000111e-1,2.58771222420288660e-1,9.19190126499325411e-1
7.26008379482664168e0,9.96093749999999889e-1,9.71984678956881232e-1,6.11146196767829109e-1
1.25000000000000000e0,1.00000000000000003e-300,0.00000000000000000e0,1.00000000000000000e0
8.00000000000000000e0,7.33051603019703180e-1,8.33827822681130204e-2,9.89175842045403209e-1
4.43427779909688979e0,9.03929916739798500e-1,6.38983054262074690e-1,7.94722393344613920e-1
3.52487865526927635e0,4.00363146309246076e-2,1.18527811215905724e-5,9.99996637378872566e-1
1.25000000000000000e0,7.07031250000000000e-1,6.48333200477223315e-1,4.33416155164591144e-1
8.00000000000000000e0,7.10937499999999889e-1,6.52606479433148062e-2,9.91599538182062257e-1
5.47031309502199292e0,7.14843750000000111e-1,1.59400325828765288e-1,9.68756300274286053e-1
4.85948704474139959e0,9.96093749999999889e-1,9.81160187197271050e-1,4.41611141258576589e-1
1.25000000000000000e0,1.00000000000000003e-300,0.00000000000000000e0,1.00000000000000000e0
8.00000000000000000e0,7.18869546603855269e-1,7.13182516869129146e-2,9.90793990519048040e-1
3.59367876709438860e0,4.70977254644822096e-2,1.70289565864284434e-5,9.99995261384687639e-1
6.66099141311133280e0,6.42963408613468346e-1,5.27631007063089075e-2,9.91895185996268247e-1
1.25000000000000000e0,7.38281250000000000e-1,6.84348466749733819e-1,3.97526717466641033e-1
8.00000000000000000e0,7.42187499999999889e-1,9.20680797279834900e-2,9.87999353972742855e-1
6.61033058789325878e0,7.46093750000000111e-1,1.44252162965704422e-1,9.76709439011922975e-1
5.27925747615518048e0,9.96093749999999889e-1,9.79549524130873595e-1,4.78643830995444053e-1
1.25000000000000000e0,1.00000000000000003e-300,0.00000000000000000e0,1.00000000000000000e0
8.00000000000000000e0,3.96053397575997224e-1,6.05382616637252773e-4,9.99924307123015055e-1
4.59186801471514627e0,9.81286369460576680e-1,9.16911124369736985e-1,5.81704003451791185e-1
6.25228713540127501e0,1.15830839640693739e-1,1.40203907380820437e-6,9.99999775755676445e-1
1.25000000000000000e0,7.69531250000000000e-1,7.20746971261097436e-1,3.60411229213862372e-1
8.00000000000000000e0,7.73437499999999889e-1,1.28056550700572508e-1,9.83017025926507859e-1
2.60831757489359006e0,7.77343750000000111e-1,5.18422993210048588e-1,7.55679374963535877e-1
3.77201910747680813e0,9.96093749999999889e-1,9.85345140217973481e-1,3.26424985016324221e-1
1.25000000000000000e0,1.00000000000000003e-300,0.00000000000000000e0,1.00000000000000000e0
8.00000000000000000e0,9.76654202090685430e-1,8.27802214357225452e-1,8.02607928012204486e-1
5.27968557557323948e0,1.73629133018948778e-1,9.67044349720722236e-5,9.99981682957432172e-1
2.50750111119123176e0,6.14587420259340433e-1,2.95034843563747096e-1,8.69858760202046666e-1
1.25000000000000000e0,8.00781250000000000e-1,7.57516975706255202e-1,3.21917859991430189e-1
8.00000000000000000e0,8.04687499999999889e-1,1.75799663907851678e-1,9.76121993990686776e-1
6.51993973180651665e0,8.08593750000000111e-1,2.50269334904075380e-1,9.56783142830826105e-1
6.00066666543716565e0,9.96093749999999889e-1,9.76787644532423727e-1,5.34133884622230326e-1
1.25000000000000000e0,1.00000000000000003e-300,0.00000000000000000e0,1.00000000000000000e0
8.00000000000000000e0,6.32064348897074524e-1,2.54736020398377283e-2,9.96779737244681496e-1
2.99392295669531450e0,3.07686906926392112e-1,2.93384949973772534e-2,9.90103324912533833e-1
2.13983010989613831e0,4.73037016176931502e-1,2.01525869177010569e-1,9.00168629769469097e-1
1.25000000000000000e0,8.32031250000000000e-1,7.94647548013177385e-1,2.81838237504562716e-1
8.00000000000000000e0,8.35937499999999889e-1,2.38446232180266920e-1,9.66523841590377741e-1
2.97809281316585839e0,8.39843750000000111e-1,5.94642686062345160e-1,7.38444298861510973e-1
4.28440308710560203e0,9.96093749999999889e-1,9.83371090107428625e-1,3.84362640648780007e-1
1.25000000000000000e0,1.00000000000000003e-300,0.00000000000000000e0,1.00000000000000000e0
8.00000000000000000e0,3.08366285375996085e-1,8.17589139598007031e-5,9.99989779770176668e-1
2.21399242640472949e0,6.95691789019292628e-1,4.47828945068347806e-1,7.64718674579588198e-1
6.90091541444417089e0,6.31938959104445530e-1,4.21187947867860818e-2,9.93783777468929763e-1
1.25000000000000000e0,8.63281250000000000e-1,8.32128478588509801e-1,2.39873140527447487e-1
8.00000000000000000e0,8.67187499999999889e-1,3.19818861632343521e-1,9.52967463502355283e-1
2.04310127143980935e0,8.71093750000000111e-1,7.54304183442841669e-1,5.03070633544422718e-1
3.82351893029408529e0,9.96093749999999889e-1,9.85146549020205597e-1,3.32553276794090080e-1
1.25000000000000000e0,1.00000000000000003e-300,0.00000000000000000e0,1.00000000000000000e0
8.00000000000000000e0,2.93481817261636024e-1,5.50363465664768304e-5,9.99993120291025051e-1
7.25791298615513369e0,8.47362154072470730e-1,3.00560233192398774e-1,9.51940047283086566e-1
2.84695261658634990e0,2.85368644249501813e-1,2.81557696889863478e-2,9.90018460209840190e-1
1.25000000000000000e0,8.94531250000000000e-1,8.69950207998769987e-1,1.95563467720293760e-1
8.00000000000000000e0,8.98437499999999889e-1,4.24524701855702402e-1,9.33261469168534918e-1
7.47166044847108424e0,9.02343750000000111e-1,4.64039389169356831e-1,9.19914361019048443e-1
7.22458623792044818e0,9.96093749999999889e-1,9.72119729925317255e-1,6.09261684137583970e-1
1.25000000000000000e0,1.00000000000000003e-300,0.00000000000000000e0,1.00000000000000000e0
8.00000000000000000e0,3.16456157966058527e-1,1.00579253679388084e-4,9.99987427040026411e-1
3.77303806820418686e0,4.64293784602887172e-1,5.53091282645712667e-2,9.85033104875539633e-1
4.15838267642538995e0,4.01209619308247056e-1,2.24215813294067964e-2,9.94561576118045521e-1
1.25000000000000000e0,9.25781250000000000e-1,9.08103764178392336e-1,1.48128347532812343e-1
8.00000000000000000e0,9.29687499999999889e-1,5.58079325413882166e-1,9.02959018528723290e-1
3.60399576881900430e0,9.33593750000000111e-1,7.80637349663274360e-1,6.56436224790421741e-1
2.96283201564801857e0,9.96093749999999889e-1,9.88470750872717074e-1,2.21732286047649885e-1
1.25000000000000000e0,1.00000000000000003e-300,0.00000000000000000e0,1.00000000000000000e0
8.00000000000000000e0,1.58955849519770709e-2,4.07579296573253956e-15,9.99999999999999445e-1
5.06090339529328048e0,7.90732603900323738e-2,2.64871051154264261e-6,9.99999476632308593e-1
2.11002138943877071e0,6.71750405772399972e-1,4.31921728117085069e-1,7.64904034633686281e-1
1.25000000000000000e0,9.57031250000000000e-1,9.46580707628560614e-1,9.59750848205238039e-2
8.00000000000000000e0,9.60937499999999889e-1,7.27044735918986218e-1,8.50181076820273218e-1
4.76873482909286395e0,9.64843750000000111e-1,8.43100791620257306e-1,6.78144579634908817e-1
7.63401572575094178e0,9.96093749999999889e-1,9.70563188795025455e-1,6.30138382054970636e-1
1.25000000000000000e0,1.00000000000000003e-300,0.00000000000000000e0,1.00000000000000000e0
8.00000000000000000e0,8.14259297753778810e-1,1.93242127686054421e-1,9.73515569227274780e-1
3.64352817169856280e0,8.20580615500148269e-1,4.86517389298845804e-1,8.32819935759933960e-1
1.53590688691474497e0,9.19379409015164129e-2,2.55873013045867688e-2,9.83265355433454835e-1
1.25000000000000000e0,9.88281250000000000e-1,9.85373083360787771e-1,3.40504008603779509e-2
8.00000000000000000e0,9.92187499999999889e-1,9.39182540640998487e-1,7.04698803638033278e-1
5.55758552637416869e0,9.96093750000000111e-1,9.78483034842811517e-1,5.01199002163363549e-1
5.44243778730742633e0,9.96093749999999889e-1,9.78924113691136744e-1,4.92051336185901300e-1
1.25000000000000000e0,1.00000000000000003e-300,0.00000000000000000e0,1.00000000000000000e0
8.00000000000000000e0,9.37276122817820578e-1,5.95580442191716242e-1,8.93005263622365542e-1
5.63951263995841146e0,8.91304792685332359e-1,5.22603554131763959e-1,8.77119495944206129e-1
6.17990993324201554e0,2.15612480196796241e-1,7.62368049335228641e-5,9.99987663373470115e-1
1.25000000000000000e0,2.34375000000000000e-2,9.17041746136691704e-3,9.92656913502769744e-1
8.00000000000000000e0,2.73437499999999965e-2,3.12510488407330119e-13,9.99999999999960920e-1
4.28395612997701392e0,3.12500000000000069e-2,3.56454025662976163e-7,9.99999916793248178e-1
3.79064346425002441e0,9.96093749999999889e-1,9.85273317227659540e-1,3.28649084401795133e-1
1.25000000000000000e0,1.00000000000000003e-300,0.00000000000000000e0,1.00000000000000000e0
8.00000000000000000e0,5.21814751541569422e-1,5.49706431851398024e-3,9.99311208728762890e-1
1.64923044462921098e0,1.40810099946975242e-1,3.94367352187985076e-2,9.75898699920954460e-1
5.28688016696833074e0,9.70704109859070741e-1,8.54534931802083730e-1,6.94445119982440962e-1
1.25000000000000000e0,5.46875000000000000e-2,2.64460057458470420e-2,9.78786643472925655e-1
8.00000000000000000e0,5.85937499999999931e-2,1.38934579173386484e-10,9.99999999982633225e-1
3.17595988925313577e0,6.25000000000000139e-2,1.49886746671750939e-4,9.99952803420485203e-1
5.84621780744055286e0,9.96093749999999889e-1,9.77378288510486914e-1,5.23046534507054739e-1
1.25000000000000000e0,1.00000000000000003e-300,0.00000000000000000e0,1.00000000000000000e0
8.00000000000000000e0,7.44034275644480658e-1,9.39168552858673789e-2,9.87747653057285735e-1
5.44860507588600740e0,6.13276445610608789e-1,6.96663337242678649e-2,9.86834142150487037e-1
5.48353421402862296e0,7.81559163697238546e-1,2.58852697074993643e-1,9.46837068156004658e-1
1.25000000000000000e0,8.59375000000000000e-2,4.65295009323201739e-2,9.62599891107790762e-1
8.00000000000000000e0,8.98437499999999861e-2,4.24524701855702308e-9,9.99999999469344147e-1
4.71373147499980405e0,9.37500000000000139e-2,1.42609562767273689e-5,9.99996974575987685e-1
5.12594226375222206e0,9.96093749999999889e-1,9.80137489307454146e-1,4.65554090735229187e-1
1.25000000000000000e0,1.00000000000000003e-300,0.00000000000000000e0,1.00000000000000000e0
8.00000000000000000e0,7.53135639160973369e-1,1.03510783248378188e-1,9.86434229029406362e-1
5.29203035874525085e0,5.58464529435696022e-1,4.58240008586557612e-2,9.91175435019924889e-1
6.83233104337705299e0,9.40089288087619934e-2,9.64609186724924511e-8,9.99999985881696585e-1
1.25000000000000000e0,1.17187500000000000e-1,6.85648628707240942e-2,9.44761296907541848e-1
8.00000000000000000e0,1.21093749999999986e-1,4.62353157843473554e-8,9.99999994220585386e-1
2.54876937426161021e0,1.25000000000000028e-1,4.99150946482579145e-3,9.98038622196374514e-1
1.73230633838102221e0,9.96093749999999889e-1,9.93242860232422253e-1,5.58724678434679781e-2
1.25000000000000000e0,1.00000000000000003e-300,0.00000000000000000e0,1.00000000000000000e0
8.00000000000000000e0,3.91466797145767487e-2,5.51517707524715521e-12,9.99999999999310552e-1
6.89744135236833245e0,4.92303888586320681e-2,9.54455425136531971e-10,9.99999999861621802e-1
2.74196096556261182e0,7.11909851747805078e-1,3.93872009335670292e-1,8.33106787363851686e-1
1.25000000000000000e0,1.48437500000000000e-1,9.21360393120495696e-2,9.25585667559290615e-1
8.00000000000000000e0,1.52343749999999972e-1,2.90133003368801486e-7,9.99999963733369968e-1
2.81921712373150513e0,1.56250000000000028e-1,5.33585000278162611e-3,9.98104061202439996e-1
1.94193093845387921e0,9.96093749999999889e-1,9.92428288748096743e-1,8.08887388410744756e-2
1.25000000000000000e0,1.00000000000000003e-300,0.00000000000000000e0,1.00000000000000000e0
8.00000000000000000e0,9.27787770106078824e-1,5.49021241558400153e-1,9.05252037188585379e-1
2.12342995399376377e0,8.35656535218731733e-2,5.14045510459882997e-3,9.97575873160460258e-1
5.15098402561852708e0,6.16736293550275150e-1,8.29479984119790015e-2,9.83329915813847988e-1
1.25000000000000000e0,1.79687500000000000e-1,1.16989620711376974e-1,9.05258573878420791e-1
8.00000000000000000e0,1.83593749999999972e-1,1.29081243641781785e-6,9.99999838648354289e-1
3.25393660872941837e0,1.87500000000000028e-1,4.30915607911248714e-3,9.98673728653484249e-1
1.69288887968286872e0,9.96093749999999889e-1,9.93396105553735698e-1,5.15397562473664875e-2
1.25000000000000000e0,1.00000000000000003e-300,0.00000000000000000e0,1.00000000000000000e0
8.00000000000000000e0,1.06344240484759212e-1,1.63573064741220737e-8,9.99999997955336672e-1
4.21243270323611796e0,2.34438378893173649e-1,2.21966960141342130e-3,9.99472620485655550e-1
2.22158217948162928e0,1.64600627531399368e-1,1.81651151084248168e-2,9.91782119345935298e-1
1.25000000000000000e0,2.10937500000000000e-1,1.42952660727338726e-1,8.83901454965606903e-1
8.00000000000000000e0,2.14843749999999972e-1,4.53922586858909100e-6,9.99999432595639615e-1
3.30218668963061646e0,2.18750000000000028e-1,6.61279827825317010e-3,9.97992815216451001e-1
1.71037980302935466e0,9.96093749999999889e-1,9.93328102255936263e-1,5.34458214629446801e-2
1.25000000000000000e0,1.00000000000000003e-300,0.00000000000000000e0,1.00000000000000000e0
8.00000000000000000e0,3.08775081884959945e-1,8.26300402846306118e-5,9.99989670871553993e-1
4.66336363815935329e0,1.12368708669237094e-1,3.73950598039048468e-5,9.99991980979400452e-1
3.95524441840825602e0,5.80236561681886087e-1,1.16144956445627751e-1,9.69267341255488857e-1
1.25000000000000000e0,2.42187500000000000e-1,1.69898543285541381e-1,8.61598513064749438e-1
8.00000000000000000e0,2.46093749999999972e-1,1.34525518040440752e-5,9.99998318421127519e-1
7.43684925785055384e0,2.50000000000000056e-1,3.33096907214774804e-5,9.99995520929664261e-1
5.14734092465369031e0,9.96093749999999889e-1,9.80055404069591352e-1,4.67410469596116152e-1
1.25000000000000000e0,1.00000000000000003e-300,0.00000000000000000e0,1.00000000000000000e0
8.00000000000000000e0,3.50102678276016377e-1,2.25716581882199886e-4,9.99971782640654228e-1
7.60777483100537211e0,6.39983550945544266e-2,8.27182111006498813e-10,9.99999999891271529e-1
6.04975721338996664e0,7.08098522436557687e-1,1.23909101734862331e-1,9.78371095623634668e-1
1.25000000000000000e0,2.73437500000000000e-1,1.97730012301108843e-1,8.38409975019322129e-1
8.00000000000000000e0,2.77343749999999944e-1,3.50063690733419530e-5,9.99995624136847838e-1
1.49864375701872632e0,2.81250000000000056e-1,1.49412165789205076e-1,8.97643125737154324e-1
5.06534007284790277e0,9.96093749999999889e-1,9.80369996548233869e-1,4.60244016364086184e-1
1.25000000000000000e0,1.00000000000000003e-300,0.00000000000000000e0,1.00000000000000000e0
8.00000000000000000e0,5.38182683571903908e-1,7.03781358526969249e-3,9.99117552609867121e-1
7.36857043387135491e0,3.64897891768123372e-2,2.54248471997687685e-11,9.99999999996549538e-1
3.87062781874556094e0,1.72347110246846569e-1,1.10765395672588981e-3,9.99713713314249519e-1
1.25000000000000000e0,3.04687500000000000e-1,2.26369700745767233e-1,8.14379394270658308e-1
8.00000000000000000e0,3.08593749999999944e-1,8.22426333798794584e-5,9.99989719300910407e-1
6.58889485750114545e0,3.12500000000000056e-1,4.69483037313224156e-4,9.99928732123447239e-1
7.75875134783564135e0,9.96093749999999889e-1,9.70089472902243011e-1,6.36141847275562666e-1
1.25000000000000000e0,1.00000000000000003e-300,0.00000000000000000e0,1.00000000000000000e0
8.00000000000000000e0,5.90382156433406635e-1,1.47593008035372276e-2,9.98143063369701489e-1
7.77660452813142911e0,8.21250438102651970e-1,2.16227374235618830e-1,9.69156284780840038e-1
1.41779684653738514e0,2.94359961412737903e-1,1.76594815218816259e-1,8.71927972425789233e-1
1.25000000000000000e0,3.35937500000000000e-1,2.55754396090730030e-1,7.89537973188386699e-1
8.00000000000000000e0,3.39843749999999944e-1,1.77923903661395520e-4,9.99977757780612264e-1
7.41531816706992686e0,3.43750000000000056e-1,3.63992234922908323e-4,9.99950905739806495e-1
3.23483207577373832e0,9.96093749999999889e-1,9.87419003774127613e-1,2.58556402839446142e-1
1.25000000000000000e0,1.00000000000000003e-300,0.00000000000000000e0,1.00000000000000000e0
8.00000000000000000e0,7.59724371037009405e-1,1.10980957175629349e-1,9.85403006432937212e-1
6.31120590592036024e0,2.65784519478984294e-1,2.33393270903780291e-4,9.99963015595062954e-1
4.62602626084117219e0,5.73851853391715849e-1,7.65951882910847065e-2,9.82921597949384607e-1
1.25000000000000000e0,3.67187500000000000e-1,2.85831349899326514e-1,7.63907239136835781e-1
8.00000000000000000e0,3.71093749999999944e-1,3.59640936437435508e-4,9.99955037807986113e-1
5.38934818044072017e0,3.75000000000000056e-1,5.06181406004492431e-3,9.99058832379089323e-1
6.47549272573087364e0,9.96093749999999889e-1,9.74974047211417116e-1,5.65804010441459893e-1
1.25000000000000000e0,1.00000000000000003e-300,0.00000000000000000e0,1.00000000000000000e0
8.00000000000000000e0,5.93647597629569646e-1,1.54251614069563243e-2,9.98058715867003565e-1
2.83668971585575491e0,7.04680266076138651e-1,3.70510722353215805e-1,8.49451621941344270e-1
6.49636003893101588e0,5.49768829173444828e-1,2.05171231795596085e-2,9.96813987869422991e-1
1.25000000000000000e0,3.98437500000000000e-1,3.16555787535887811e-1,7.37500732734305942e-1
8.00000000000000000e0,4.02343749999999944e-1,6.86717437140045616e-4,9.99914134519706121e-1
2.19919726141961291e0,4.06250000000000056e-1,1.37930229689962047e-1,9.34739087547192260e-1
5.27012998593272641e0,9.96093749999999889e-1,9.79584518259331016e-1,4.77878110528875910e-1
1.25000000000000000e0,1.00000000000000003e-300,0.00000000000000000e0,1.00000000000000000e0
8.00000000000000000e0,4.18912979985179845e-1,9.48397798519888579e-4,9.99881401056877950e-1
3.12820228550117463e0,6.89157734641412389e-1,3.12052728070786212e-1,8.87300777984570188e-1
2.69502521789399907e0,3.66829572294591344e-2,1.35268038870193922e-4,9.99949806112222617e-1
1.25000000000000000e0,4.29687500000000000e-1,3.47889162549883113e-1,7.10325056023779489e-1
8.00000000000000000e0,4.33593749999999944e-1,1.24929242825134188e-3,9.99843753027257032e-1
2.45519061427330598e0,4.37500000000000056e-1,1.31381040220305334e-1,9.44246001201012208e-1
6.18808384629664943e0,9.96093749999999889e-1,9.76071402285895062e-1,5.47055699524622296e-1
1.25000000000000000e0,1.00000000000000003e-300,0.00000000000000000e0,1.00000000000000000e0
8.00000000000000000e0,4.83587373632872186e-1,2.99088437546960167e-3,9.99625649335651234e-1
7.00470585963921621e0,6.90700759619176097e-1,7.48640394031137579e-2,9.88952577257816379e-1
2.55879302299581468e0,9.29708499083972129e-1,8.29862262275743334e-1,5.00483512552144183e-1
1.25000000000000000e0,4.60937500000000000e-1,3.79797894237620448e-1,6.82380470799392569e-1
8.00000000000000000e0,4.64843749999999944e-1,2.17999736489797721e-3,9.99727240078477131e-1
5.67700520873768255e0,4.68750000000000056e-1,1.35497704179747113e-2,9.97599785996338917e-1
5.16386517620412633e0,9.96093749999999889e-1,9.79992021764211185e-1,4.68837391483268029e-1
1.25000000000000000e0,1.00000000000000003e-300,0.00000000000000000e0,1.00000000000000000e0
8.00000000000000000e0,7.62529522735349019e-1,1.14301861380604025e-1,9.84942134762023525e-1
6.84473175375023857e0,5.70614513617329067e-1,2.14897775716553011e-2,9.96831196879129577e-1
5.59432253730483353e0,8.08175166230284958e-2,7.73095959724678628e-7,9.99999861807001622e-1
1.25000000000000000e0,4.92187500000000000e-1,4.12252430481589827e-1,6.53661149751961990e-1
8.00000000000000000e0,4.96093749999999944e-1,3.66868179937890034e-3,9.99540677031473312e-1
2.08612282224930823e0,5.00000000000000111e-1,2.35512767503293252e-1,8.79209903069453902e-1
1.57980043120915070e0,9.96093749999999889e-1,9.93835896683098352e-1,3.99031132704702474e-2
1.25000000000000000e0,1.00000000000000003e-300,0.00000000000000000e0,1.00000000000000000e0
8.00000000000000000e0,7.06323358999725315e-1,6.19481802319512762e-2,9.92038104323715419e-1
3.44895474822260439e0,2.77611266574240290e-1,1.20348228075663859e-2,9.96495576022130125e-1
2.77116293419385329e0,3.48246826920330932e-1,5.37643872201464673e-2,9.80255120542894542e-1
1.25000000000000000e0,5.23437500000000000e-1,4.45226536455984867e-1,6.24155128661859848e-1
8.00000000000000000e0,5.27343749999999889e-1,5.98067806692917370e-3,9.99250451807942142e-1
3.85224098362959921e0,5.31250000000000111e-1,8.74551381581161053e-2,9.76522889310880826e-1
2.26991573942359537e0,9.96093749999999889e-1,9.91155126413864496e-1,1.24573392247904424e-1
1.25000000000000000e0,1.00000000000000003e-300,0.00000000000000000e0,1.00000000000000000e0
8.00000000000000000e0,8.74502807932913129e-1,3.42050056354091248e-1,9.49017250478619290e-1
2.11976875126129016e0,7.80971441645306186e-2,4.49409864690847056e-3,9.97877388555599154e-1
4.01725798140978441e0,8.44129628285372746e-1,5.06251760042909726e-1,8.38891052181231611e-1
1.25000000000000000e0,5.54687500000000000e-1,4.78696744365571636e-1,5.93843968389850096e-1
8.00000000000000000e0,5.58593749999999889e-1,9.47913213584903290e-3,9.98810165283412266e-1
2.30310910695698112e0,5.62500000000000111e-1,2.65769363201538489e-1,8.74470278889794894e-1
7.86873543588444591e0,9.96093749999999889e-1,9.69671971605657879e-1,6.41305298875866958e-1
1.25000000000000000e0,1.00000000000000003e-300,0.00000000000000000e0,1.00000000000000000e0
8.00000000000000000e0,7.16586459152495081e-1,6.95262456791065908e-2,9.91032771415901959e-1
4.01195911876857281e0,7.59638889771849790e-1,3.31895167283685177e-1,9.04360701507653131e-1
5.65544986020540819e0,7.50934052744014480e-1,1.97912037760472892e-1,9.61755053444334207e-1
1.25000000000000000e0,5.85937500000000000e-1,5.12641920641687010e-1,5.62702100219077517e-1
8.00000000000000000e0,5.89843749999999889e-1,1.46519644359536325e-2,9.98156655472714816e-1
2.15820512652862817e0,5.93750000000000111e-1,3.24631140654925043e-1,8.33716084659975154e-1
2.33753942651674151e0,9.96093749999999889e-1,9.90892829816773180e-1,1.33974976013768371e-1
1.25000000000000000e0,1.00000000000000003e-300,0.00000000000000000e0,1.00000000000000000e0
8.00000000000000000e0,5.22794183543737745e-1,5.58015132914514191e-3,9.99300772256799585e-1
6.72672568145208061e0,6.61917820616508834e-1,6.23157978847803454e-2,9.90480462609234835e-1
6.08794941595988348e0,4.06578126353451808e-1,4.17338552053150413e-3,9.99313285642005500e-1
1.25000000000000000e0,6.17187500000000000e-1,5.47042920531491506e-1,5.30695788864364637e-1
8.00000000000000000e0,6.21093749999999889e-1,2.21440611501254707e-2,9.97204798671955328e-1
7.78454376256559044e0,6.25000000000000111e-1,2.57643424024707954e-2,9.96652553429844157e-1
5.34239029040327296e0,9.96093749999999889e-1,9.79307511773484740e-1,4.83893997682451560e-1
1.25000000000000000e0,1.00000000000000003e-300,0.00000000000000000e0,1.00000000000000000e0
8.00000000000000000e0,9.12772092137856816e-1,4.81835534221006057e-1,9.21103544202944935e-1
3.32551892200717703e0,6.15813650920244982e-1,1.99438822945017413e-1,9.35298538247466560e-1
7.97924385441001505e0,5.46463365344607155e-1,8.05259097231816358e-3,9.98987235700935949e-1
1.25000000000000000e0,6.48437500000000000e-1,5.81882308859675179e-1,4.97781594872398980e-1
8.00000000000000000e0,6.52343749999999889e-1,3.27953331245776983e-2,9.95840530337792518e-1
5.87251477554673329e0,6.56250000000000111e-1,8.42823929729455412e-2,9.85118728539971178e-1
2.30459923070156947e0,9.96093749999999889e-1,9.91020588523891632e-1,1.29384933376724853e-1
1.25000000000000000e0,1.00000000000000003e-300,0.00000000000000000e0,1.00000000000000000e0
8.00000000000000000e0,2.89559788971018861e-1,4.94203721640958102e-5,9.99993822319908077e-1
6.79652134492062032e0,3.78511619378514297e-1,1.35645810363729390e-3,9.99800303225688247e-1
7.64956407702993602e0,8.09157576331926975e-1,1.97921668228086878e-1,9.71580085895526468e-1
1.25000000000000000e0,6.79687500000000000e-1,6.17144131678711960e-1,4.63904138184928150e-1
8.00000000000000000e0,6.83593749999999889e-1,4.76853162242630024e-2,9.93911144096599308e-1
5.40499806380830705e0,6.87500000000000111e-1,1.31965154968875620e-1,9.74156017368082439e-1
6.88738334516528994e0,9.96093749999999889e-1,9.73403559325114465e-1,5.90602617054841850e-1
1.25000000000000000e0,1.00000000000000003e-300,0.00000000000000000e0,1.00000000000000000e0
8.00000000000000000e0,8.14683754506404512e-1,1.94049464920320824e-1,9.73393739042540784e-1
6.42017749568913132e0,5.46763340043980861e-1,2.07312519867946382e-2,9.96742298831342466e-1
5.59545882634120062e0,2.81262465232430259e-1,8.27042145346069545e-4,9.99852143820442740e-1
1.25000000000000000e0,7.10937500000000000e-1,6.52813727600563665e-1,4.28992832351903663e-1
8.00000000000000000e0,7.14843749999999889e-1,6.81850236306890539e-2,9.91211223188684265e-1
6.90034585155081004e0,7.18750000000000111e-1,1.02408879731694630e-1,9.84464659411828147e-1
7.05729230871656910e0,9.96093749999999889e-1,9.72756454744241106e-1,6.00179168121213524e-1
1.25000000000000000e0,1.00000000000000003e-300,0.00000000000000000e0,1.00000000000000000e0
8.00000000000000000e0,6.92720777519753028e-1,5.30231729549188041e-2,9.93213054065003931e-1
2.86910499969962984e0,6.70596768054565473e-1,3.17760343146154978e-1,8.75226107741784443e-1
5.75040363316657022e0,5.34811279458153876e-1,2.73554272592754395e-2,9.95188204094058060e-1
1.25000000000000000e0,7.42187500000000000e-1,6.88877570459118904e-1,3.92957025046142272e-1
8.00000000000000000e0,7.46093749999999889e-1,9.60167972502279643e-2,9.87461211498064650e-1
1.74196155217941850e0,7.50000000000000111e-1,6.05844994998286812e-1,5.85984875989456588e-1
2.73342969111399725e0,9.96093749999999889e-1,9.89358655397265752e-1,1.89755730243717141e-1
1.25000000000000000e0,1.00000000000000003e-300,0.00000000000000000e0,1.00000000000000000e0
8.00000000000000000e0,6.17016968467396509e-1,2.10076203957107605e-2,9.97349591010022851e-1
4.86609266547020525e0,5.22998184169409797e-2,5.80902345518272306e-7,9.99999880622396753e-1
3.55724341509630904e0,1.50066763894756150e-1,1.17447431462587766e-3,9.99669696357060933e-1
1.25000000000000000e0,7.73437500000000000e-1,7.25323136990417838e-1,3.55678540330891524e-1
8.00000000000000000e0,7.77343749999999889e-1,1.33322942071833456e-1,9.82272900265793947e-1
2.16408552456414327e0,7.81250000000000111e-1,5.86122585362220283e-1,6.65212896378809537e-1
2.47038413130212575e0,9.96093749999999889e-1,9.90377758121245066e-1,1.52629899819386849e-1
1.25000000000000000e0,1.00000000000000003e-300,0.00000000000000000e0,1.00000000000000000e0
8.00000000000000000e0,9.69529135163611500e-1,7.80704919816682774e-1,8.27234447789192195e-1
5.67469498125137761e0,6.24252508714562282e-1,6.89814153197865904e-2,9.87483418369132226e-1
7.85829564137384295e0,4.93202813568132115e-1,3.86993777264340363e-3,9.99506701060158487e-1
1.25000000000000000e0,8.04687500000000000e-1,7.62138794695320532e-1,3.16999729908843453e-1
8.00000000000000000e0,8.08593749999999889e-1,1.82743963983906021e-1,9.75090144895468969e-1
1.31014565954683349e0,8.12500000000000111e-1,7.61825454008587588e-1,3.34503352328190617e-1
4.03114200418349355e0,9.96093749999999889e-1,9.84346328541266913e-1,3.56566765472961844e-1
1.25000000000000000e0,1.00000000000000003e-300,0.00000000000000000e0,1.00000000000000000e0
8.00000000000000000e0,1.69487256466709368e-1,6.80920481681468059e-7,9.99999914884914465e-1
3.15263841138221323e0,5.10086812828376424e-1,1.19758830726806348e-1,9.60346480129863678e-1
7.16267094278009608e0,7.46345766942795308e-1,1.23001826311161924e-1,9.81842646227365501e-1
1.25000000000000000e0,8.35937500000000000e-1,7.99313706136663193e-1,2.76703192707478507e-1
8.00000000000000000e0,8.39843749999999889e-1,2.47507268230872407e-1,9.65078829239821356e-1
2.13871541945263743e0,8.43750000000000111e-1,6.95332111178340262e-1,5.73657454669306732e-1
7.91946933767758310e0,9.96093749999999889e-1,9.69479445494460523e-1,6.43647131236172898e-1
1.25000000000000000e0,1.00000000000000003e-300,0.00000000000000000e0,1.00000000000000000e0
8.00000000000000000e0,2.79978144817505381e-1,3.77566150442765040e-5,9.99995280345157167e-1
2.46066098636947572e0,9.53133015900675673e-2,3.07640053036294667e-3,9.98748623171648031e-1
7.30493714928161353e0,6.75461915061532636e-1,5.69173986686392699e-2,9.92009927391655832e-1
1.25000000000000000e0,8.67187500000000000e-1,8.36837746733997578e-1,2.34474573962613259e-1
8.00000000000000000e0,8.71093749999999889e-1,3.31527212360872570e-1,9.50901355702313822e-1
5.72845352214062586e0,8.75000000000000111e-1,4.65367261060975146e-1,8.96452789860488375e-1
6.78225901594851166e0,9.96093749999999889e-1,9.73804144769653379e-1,5.84492142701140804e-1
1.25000000000000000e0,1.00000000000000003e-300,0.00000000000000000e0,1.00000000000000000e0
8.00000000000000000e0,7.19803092079018825e-1,7.20625562203768555e-2,9.90694695043182083e-1
7.70615039282711223e0,9.94456051562337962e-1,9.58063359794519287e-1,6.62611282125227907e-1
2.62120330514153466e0,1.12730256578288390e-1,3.27495557847531146e-3,9.98749323170765591e-1
1.25000000000000000e0,8.98437500000000000e-1,8.74701433731452038e-1,1.89826517895073821e-1
8.00000000000000000e0,9.02343749999999889e-1,4.39517444186773187e-1,9.30186993341227231e-1
6.09237295802449808e0,9.06250000000000111e-1,5.48957838352703065e-1,8.77492312456859769e-1
2.46321123279631138e0,9.96093749999999889e-1,9.90405562379280680e-1,1.51618488304793603e-1
1.25000000000000000e0,1.00000000000000003e-300,0.00000000000000000e0,1.00000000000000000e0
8.00000000000000000e0,9.18895516902011877e-1,5.08310477444002595e-1,9.15084858318367722e-1
5.15316724212607369e0,4.24975325995546882e-2,8.54532986021657675e-8,9.99999983417324212e-1
7.73652017064159736e0,7.46554046513665526e-1,1.04216343007696249e-1,9.85875142949639627e-1
1.25000000000000000e0,9.29687500000000000e-1,9.12895864481983010e-1,1.41915888284096764e-1
8.00000000000000000e0,9.33593749999999889e-1,5.77116491953553412e-1,8.98002598915248806e-1
5.09633436007425189e0,9.37500000000000111e-1,7.19707871867305449e-1,7.79131040053611335e-1
7.05531567049911246e0,9.96093749999999889e-1,9.72763980370374037e-1,6.00069832061135067e-1
1.25000000000000000e0,1.00000000000000003e-300,0.00000000000000000e0,1.00000000000000000e0
8.00000000000000000e0,9.04617266551213106e-1,4.48455116593578285e-1,9.28319787070009395e-1
6.82157122885109857e0,4.91284516051564424e-1,7.84163449923751255e-3,9.98846599915988009e-1
6.12408622395014390e0,3.16833882607170381e-1,8.77101385174079836e-4,9.99856725824961545e-1
1.25000000000000000e0,9.60937500000000000e-1,9.51412662552243105e-1,8.89648560841359431e-2
8.00000000000000000e0,9.64843749999999889e-1,7.51027610575934812e-1,8.40463579250791959e-1
7.28975835349410772e0,9.68750000000000111e-1,7.93390028730970309e-1,8.05477294263837518e-1
6.89534744870616123e0,9.96093749999999889e-1,9.73373218128211426e-1,5.91059675410172125e-1
1.25000000000000000e0,1.00000000000000003e-300,0.00000000000000000e0,1.00000000000000000e0
8.00000000000000000e0,4.77020014682238980e-1,2.68097529187881880e-3,9.99664484355171301e-1
7.06501007074257359e0,8.10719999426510185e-1,2.27076345587631540e-1,9.64198744500684324e-1
5.08301164611475542e0,9.19832191457317094e-1,6.53928723984305904e-1,8.11593025339983565e-1
1.25000000000000000e0,9.92187500000000000e-1,9.90243930433555075e-1,2.46274763531010646e-2
8.00000000000000000e0,9.96093749999999889e-1,9.69173924480954407e-1,6.47313671770413546e-1
6.18812686117598787e0,3.90625000000000087e-3,1.25171536269359140e-15,9.99999999999999778e-1
2.52914324228186160e0,9.96093749999999889e-1,9.90150019961645755e-1,1.60924724402761399e-1
1.25000000000000000e0,1.00000000000000003e-300,0.00000000000000000e0,1.00000000000000000e0
8.00000000000000000e0,5.51891481923121319e-1,8.60655856957143195e-3,9.98920107394127288e-1
6.66168246278539300e0,8.37782895459895371e-1,3.07557548682163284e-1,9.46323531025154541e-1
1.28840922261588275e0,3.17555092442489695e-1,2.28107261274607065e-1,8.17950887309756958e-1
1.25000000000000000e0,2.73437500000000000e-2,1.11191757147309569e-2,9.91094724280370709e-1
8.00000000000000000e0,3.12499999999999965e-2,9.09494701772927430e-13,9.99999999999886313e-1
7.68382410827325657e0,3.51562500000000069e-2,6.72572793000442238e-12,9.99999999999124700e-1
3.19967722817091271e0,9.96093749999999889e-1,9.87554874604333444e-1,2.53879258397653684e-1
1.25000000000000000e0,1.00000000000000003e-300,0.00000000000000000e0,1.00000000000000000e0
8.00000000000000000e0,4.56482813892762351e-1,1.88536504754235174e-3,9.99764134747421651e-1
7.06768019619630650e0,3.62737962100254663e-1,7.71514743459829778e-4,9.99890802872784312e-1
5.87730297754751518e0,2.06209546595346183e-1,9.33221802720783644e-5,9.99984120982966962e-1
1.25000000000000000e0,5.85937500000000000e-2,2.88279737001772042e-2,9.76870357848649506e-1
8.00000000000000000e0,6.24999999999999931e-2,2.32830643653869422e-10,9.99999999970896170e-1
4.89764348068274558e0,6.64062500000000139e-2,1.70450928798967421e-6,9.99999651973351944e-1
5.70810186729067937e0,9.96093749999999889e-1,9.77906774563150893e-1,5.12780430098891404e-1
1.25000000000000000e0,1.00000000000000003e-300,0.00000000000000000e0,1.00000000000000000e0
8.00000000000000000e0,3.03141739209422667e-1,7.13125397135714803e-5,9.99991085654411305e-1
4.13463470531860366e0,5.28189918363750621e-1,7.14230443738655268e-2,9.82237383354333193e-1
6.33425103558693081e0,6.76118069623043993e-2,3.88212111472542146e-8,9.99999993871223070e-1
1.25000000000000000e0,8.98437500000000000e-2,4.91880763390443038e-2,9.60452066908519253e-1
8.00000000000000000e0,9.37499999999999861e-2,5.96719473833217555e-9,9.99999999254100658e-1
3.93247733270982280e0,9.76562500000000139e-2,1.06418791142521418e-4,9.99972937411979124e-1
1.82090070797130466e0,9.96093749999999889e-1,9.92898513528341131e-1,6.60703556786504109e-2
1.25000000000000000e0,1.00000000000000003e-300,0.00000000000000000e0,1.00000000000000000e0
8.00000000000000000e0,4.78255775215075118e-1,2.73704403550744518e-3,9.99657459106861435e-1
4.98093610216164961e0,8.57348405775155697e-1,4.64580529561676947e-1,8.82127079700306016e-1
2.14172675804002210e0,4.86288005427013559e-1,2.13506722657743814e-1,8.93919990995458269e-1
1.25000000000000000e0,1.21093750000000000e-1,7.14335380028199018e-2,9.42432805001969909e-1
8.00000000000000000e0,1.24999999999999986e-1,5.96046447753905721e-8,9.99999992549419181e-1
6.48576019826577976e0,1.28906250000000028e-1,1.69609571470116145e-6,9.99999738489108503e-1
1.42587503773393109e0,9.96093749999999889e-1,9.94434812011076530e-1,2.62332145634026209e-2
1.25000000000000000e0,1.00000000000000003e-300,0.00000000000000000e0,1.00000000000000000e0
8.00000000000000000e0,7.52442540256197390e-1,1.02751158584819466e-1,9.86538670070564727e-1
4.15687191905453801e0,3.85206322057456418e-1,1.89574777263496787e-2,9.95406286141589547e-1
6.22929840598953888e0,1.96938714352654642e-1,4.01955371235213505e-5,9.99993547232340352e-1
1.25000000000000000e0,1.52343750000000000e-1,9.51767349395858941e-2,9.23104795260874522e-1
8.00000000000000000e0,1.56249999999999972e-1,3.55271367880049564e-7,9.99999955591072132e-1
6.34368589910445735e0,1.60156250000000028e-1,8.99241415494602311e-6,9.99998582456893881e-1
4.00768580188741907e0,9.96093749999999889e-1,9.84436700815107479e-1,3.53909481505033985e-1
1.25000000000000000e0,1.00000000000000003e-300,0.00000000000000000e0,1.00000000000000000e0
8.00000000000000000e0,6.86293253570511297e-1,4.92127730619239950e-2,9.93711732232619216e-1
5.85543454292928800e0,9.54144456268295471e-1,7.59682077036897940e-1,7.83880246863389973e-1
6.12490893655922264e0,5.49018487954526790e-1,2.54093702467444033e-2,9.95806670420159690e-1
1.25000000000000000e0,1.83593750000000000e-1,1.20177278748736932e-1,9.02643249699098926e-1
8.00000000000000000e0,1.87499999999999972e-1,1.52760185301303694e-6,9.99999809049640809e-1
2.10031268285820261e0,1.91406250000000028e-1,3.10372561807530957e-2,9.85100483276489025e-1
2.64716040540952235e0,9.96093749999999889e-1,9.89692768056754879e-1,1.77597979931222671e-1
1.25000000000000000e0,1.00000000000000003e-300,0.00000000000000000e0,1.00000000000000000e0
8.00000000000000000e0,7.18261189135773748e-1,7.08368436352733444e-2,9.90858176671471913e-1
2.71222197258612141e0,1.37253749385308765e-1,4.57903781934121575e-3,9.98309256100993303e-1
7.38660803437232971e0,3.68564725390569947e-1,6.28068643187999027e-4,9.99914948885840427e-1
1.25000000000000000e0,2.14843750000000000e-1,1.46269374846906747e-1,8.81163884155406807e-1
8.00000000000000000e0,2.18749999999999972e-1,5.24305596627527340e-6,9.99999344616500863e-1
6.85954834916628897e0,2.22656250000000028e-1,3.35019425165812237e-5,9.99995115943470347e-1
4.77119395061163232e0,9.96093749999999889e-1,9.81499305590283533e-1,4.33329201126374630e-1
1.25000000000000000e0,1.00000000000000003e-300,0.00000000000000000e0,1.00000000000000000e0
8.00000000000000000e0,8.18522152030709549e-2,2.01485361704220884e-9,9.99999999748143242e-1
6.16643385560018942e0,1.37875764689852076e-1,4.93979884199098455e-6,9.99999198919638177e-1
4.86456822411855683e0,8.58523529363992566e-1,4.76138246547460620e-1,8.75547901866084333e-1
1.25000000000000000e0,2.46093750000000000e-1,1.73330795485800021e-1,8.58747345290387987e-1
8.00000000000000000e0,2.49999999999999972e-1,1.52587890624999864e-5,9.99998092638634151e-1
1.78874992555938661e0,2.53906250000000056e-1,8.61211009428498875e-2,9.50899926457618005e-1
2.61649651394691318e0,9.96093749999999889e-1,9.89811553542234601e-1,1.73267804564501915e-1
1.25000000000000000e0,1.00000000000000003e-300,0.00000000000000000e0,1.00000000000000000e0
8.00000000000000000e0,5.75949516405671602e-1,1.21080817265138540e-2,9.98478411082247330e-1
1.75029808096587658e0,3.36887079961343261e-1,1.48921284778617713e-1,9.11988826604538616e-1
6.64936549705453217e0,8.38229774581122911e-2,6.93501864350708587e-8,9.99999989570405146e-1
1.25000000000000000e0,2.77343750000000000e-1,2.01267188165316468e-1,8.35451456408329518e-1
8.00000000000000000e0,2.81249999999999944e-1,3.91507646781973862e-5,9.99995106070589168e-1
7.32535961759276688e0,2.85156250000000056e-1,1.01926296105923729e-4,9.99986085218052656e-1
3.19107181474100798e0,9.96093749999999889e-1,9.87588136725451760e-1,2.52730372116958923e-1
1.25000000000000000e0,1.00000000000000003e-300,0.00000000000000000e0,1.00000000000000000e0
8.00000000000000000e0,2.40941008419213176e-1,1.13575796041789455e-5,9.99998580295495043e-1
7.31312268122565001e0,3.64772146440373035e-1,6.26629348816155939e-4,9.99914291209413220e-1
1.68772755621466786e0,9.61025948240603611e-1,9.35107577350898223e-1,1.97792518642835091e-1
1.25000000000000000e0,3.08593750000000000e-1,2.30003215432426938e-1,8.11318033417900653e-1
8.00000000000000000e0,3.12499999999999944e-1,9.09494701772926883e-5,9.99988630863837713e-1
1.91351310577010736e0,3.16406250000000056e-1,1.10589109330362770e-1,9.40591367429336800e-1
2.49565688794245943e0,9.96093749999999889e-1,9.90279799725342191e-1,1.56195778284687642e-1
1.25000000000000000e0,1.00000000000000003e-300,0.00000000000000000e0,1.00000000000000000e0
8.00000000000000000e0,5.66926404476362222e-1,1.06712053451318706e-2,9.98659829957705636e-1
3.87554545514285564e0,2.22100924497681262e-1,2.93444681076653578e-3,9.99242004293218189e-1
3.47957814566325396e0,6.57387425349043042e-1,2.32324653926195890e-1,9.26832075657910925e-1
1.25000000000000000e0,3.39843750000000000e-1,2.59477144011747651e-1,7.86376947840565776e-1
8.00000000000000000e0,3.43749999999999944e-1,1.94958266547473369e-4,9.99975628137826034e-1
2.51694780733669177e0,3.47656250000000056e-1,7.00000906840858306e-2,9.71578845760958432e-1
4.56166074262000620e0,9.96093749999999889e-1,9.82304555345790420e-1,4.12951440422266780e-1
1.25000000000000000e0,1.00000000000000003e-300,0.00000000000000000e0,1.00000000000000000e0
8.00000000000000000e0,7.05120401394196961e-1,6.11091500280788180e-2,9.92148975650942844e-1
1.98602813627803698e0,5.32314036481693620e-1,2.85865523448661174e-1,8.44064559443418627e-1
2.08756047947099432e0,9.50835491589714366e-1,9.00106017792657087e-1,3.31704441496648461e-1
1.25000000000000000e0,3.71093750000000000e-1,2.89637339773880620e-1,7.60648651999794145e-1
8.00000000000000000e0,3.74999999999999944e-1,3.91066074371337457e-4,9.99951108375153219e-1
6.09511006064713001e0,3.78906250000000056e-1,2.69839016144849796e-3,9.99556785928864322e-1
6.71431394625687972e0,9.96093749999999889e-1,9.74063143099972883e-1,5.80464837867949113e-1
1.25000000000000000e0,1.00000000000000003e-300,0.00000000000000000e0,1.00000000000000000e0
8.00000000000000000e0,3.04153789761585358e-1,7.32395820349194279e-5,9.99990844758886444e-1
5.30898816633271053e0,2.78557486308272928e-2,5.54716724597195833e-9,9.99999998955136582e-1
7.42449020605999976e0,4.61343966985623410e-1,3.20299128797508700e-3,9.99567992045768183e-1
1.25000000000000000e0,4.02343750000000000e-1,3.20439890192540877e-1,7.34145772473511760e-1
8.00000000000000000e0,4.06249999999999944e-1,7.41902768822909862e-4,9.99907232038853788e-1
3.35643209546105936e0,4.10156250000000056e-1,5.02216204169611963e-2,9.84765634162133363e-1
4.68481830798555166e0,9.96093749999999889e-1,9.81831172804815910e-1,4.25053737187109371e-1
1.25000000000000000e0,1.00000000000000003e-300,0.00000000000000000e0,1.00000000000000000e0
8.00000000000000000e0,8.55241930917145510e-1,2.86227846435908151e-1,9.58726981908852527e-1
3.58707573323044926e0,4.77104666133527644e-1,7.03336042177527682e-2,9.79874107864635358e-1
6.00808449572650716e0,8.79971016256604344e-1,4.63832592738999960e-1,9.01455122118043350e-1
1.25000000000000000e0,4.33593750000000000e-1,3.51846930688807236e-1,7.06874093892895905e-1
8.00000000000000000e0,4.37499999999999944e-1,1.34222232736646999e-3,9.99832123603494716e-1
6.24048393266275525e0,4.41406250000000056e-1,6.07603447744826941e-3,9.99023858775841656e-1
7.39873893914045766e0,9.96093749999999889e-1,9.71457343200669343e-1,6.18368633625116848e-1
1.25000000000000000e0,1.00000000000000003e-300,0.00000000000000000e0,1.00000000000000000e0
8.00000000000000000e0,1.73768877339171013e-1,8.31334803393684317e-7,9.99999896083111794e-1
2.53193374496186152e0,5.65952206934525748e-1,2.36621785057362227e-1,8.98850527686934297e-1
3.31109900330193341e0,9.01646802385585033e-1,7.09775858943868521e-1,6.88236533503017167e-1
1.25000000000000000e0,4.64843750000000000e-1,3.83825429971420107e-1,6.78833109594770390e-1
8.00000000000000000e0,4.68749999999999944e-1,2.33093544466100649e-3,9.99708335504410628e-1
2.61572762101422995e0,4.72656250000000056e-1,1.40831377259097029e-1,9.43621854378493552e-1
1.40997420175699517e0,9.96093749999999889e-1,9.94496701862608856e-1,2.49790360451045135e-2
1.25000000000000000e0,1.00000000000000003e-300,0.00000000000000000e0,1.00000000000000000e0
8.00000000000000000e0,6.15745153936586576e-1,2.06636967714130607e-2,9.97393380852694689e-1
5.50654351891716942e0,7.08360756607362418e-2,4.66526513857164983e-7,9.99999915277777873e-1
7.35893779149046168e0,2.63235826882919355e-1,5.42443980521924082e-5,9.99992628600630207e-1
1.25000000000000000e0,4.96093750000000000e-1,4.16346285664162596e-1,6.50016233661506071e-1
8.00000000000000000e0,4.99999999999999944e-1,3.90624999999999653e-3,9.99510882241967824e-1
4.37523393338778988e0,5.03906250000000111e-1,4.98552047259846545e-2,9.88379326447461848e-1
6.93702230532653630e0,9.96093749999999889e-1,9.73214463009054676e-1,5.93438116858825304e-1
1.25000000000000000e0,1.00000000000000003e-300,0.00000000000000000e0,1.00000000000000000e0
8.00000000000000000e0,3.35636430322665547e-1,1.61047040316988319e-4,9.99979867701434433e-1
6.28699825867079198e0,2.85909208846533147e-1,3.81335543421252232e-4,9.99939335643886595e-1
1.84897455992177129e0,7.92049751362355892e-2,9.20070948634237225e-3,9.95013326960826228e-1
1.25000000000000000e0,5.27343750000000000e-1,4.49383636151696519e-1,6.20410717087661601e-1
8.00000000000000000e0,5.31249999999999889e-1,6.34441443344256964e-3,9.99204738168183448e-1
6.22572771052364260e0,5.35156250000000111e-1,2.03983086539102354e-2,9.96695140840029081e-1
3.19241023756330833e0,9.96093749999999889e-1,9.87582963305778772e-1,2.52909163304717521e-1
1.25000000000000000e0,1.00000000000000003e-300,0.00000000000000000e0,1.00000000000000000e0
8.00000000000000000e0,4.37851219430740457e-3,1.35086673879854664e-19,1.00000000000000000e0
6.76771815738175064e0,5.53992251984709583e-1,1.83698356615092269e-2,9.97264176447868245e-1
7.05779514118330553e0,2.00093651847055298e-2,1.02436023858782816e-12,9.99999999999854894e-1
1.25000000000000000e0,5.58593750000000000e-1,4.82914327048154624e-1,5.89997272368472103e-1
8.00000000000000000e0,5.62499999999999889e-1,1.00225957576185309e-2,9.98741647376524044e-1
2.11678607878275216e0,5.66406250000000111e-1,3.00209800096672086e-1,8.44813021647249029e-1
5.06524942099349573e0,9.96093749999999889e-1,9.80370344385757986e-1,4.60236014529655291e-1
1.25000000000000000e0,1.00000000000000003e-300,0.00000000000000000e0,1.00000000000000000e0
8.00000000000000000e0,8.60608655648320564e-1,3.00916275472185302e-1,9.56238331955205467e-1
3.49502518173540011e0,8.85629568065269268e-1,6.54100962313111545e-1,7.38046527536844410e-1
6.56215958553366363e0,5.73483901675899688e-1,2.60242236853616485e-2,9.95989744336080229e-1
1.25000000000000000e0,5.89843750000000000e-1,5.16917490744259078e-1,5.58749375548330818e-1
8.00000000000000000e0,5.93749999999999889e-1,1.54464606030159986e-2,9.98056016980053862e-1
7.24818007054273039e0,5.97656250000000111e-1,2.39706586513173253e-2,9.96658186370071419e-1
7.46045812289230525e0,9.96093749999999889e-1,9.71222703710918789e-1,6.21514149798109705e-1
1.25000000000000000e0,1.00000000000000003e-300,0.00000000000000000e0,1.00000000000000000e0
8.00000000000000000e0,5.82019356716045877e-2,1.31673818074022108e-10,9.99999999983540722e-1
1.69030085339909419e0,2.08141438170059700e-1,7.04402481244104650e-2,9.57706685872232066e-1
2.31562485266476870e0,5.45074396541167516e-3,5.73430455671088119e-6,9.99997523642963460e-1
1.25000000000000000e0,6.21093750000000000e-1,5.51374210284276467e-1,5.26632174425683330e-1
8.00000000000000000e0,6.24999999999999889e-1,2.32830643653869282e-2,9.97059532040590724e-1
6.64293380919843912e0,6.28906250000000111e-1,4.59218670256129613e-2,9.92948331579895815e-1
6.72046072222292423e0,9.96093749999999889e-1,9.74039709504905704e-1,5.80831733165793618e-1
1.25000000000000000e0,1.00000000000000003e-300,0.00000000000000000e0,1.00000000000000000e0
8.00000000000000000e0,4.39168874568167666e-1,1.38373338928806039e-3,9.99826928524545466e-1
4.14568692829925567e0,7.32426650665729539e-1,2.75013780873560210e-1,9.25357403694194169e-1
1.54880832851631567e0,3.35032553107339481e-1,1.83844567369847889e-1,8.77072469719195613e-1
1.25000000000000000e0,6.52343750000000000e-1,5.86267247226363142e-1,4.93600876511862185e-1
8.00000000000000000e0,6.56249999999999889e-1,3.43996901947320535e-2,9.95633898212438195e-1
3.52215511089889333e0,6.60156250000000111e-1,2.31615618131743639e-1,9.27926953447727687e-1
2.84762372728437185e0,9.96093749999999889e-1,9.88916566323204238e-1,2.05754006199758532e-1
1.25000000000000000e0,1.00000000000000003e-300,0.00000000000000000e0,1.00000000000000000e0
8.00000000000000000e0,6.59585225653245288e-1,3.58234454184433795e-2,9.95450274845737670e-1
3.39128444803645834e0,5.28072846423128794e-1,1.14703302106311300e-1,9.64712489323736211e-1
3.11019540834240615e0,9.76300270008323423e-1,9.28116231173442219e-1,4.28923934690047526e-1
1.25000000000000000e0,6.83593750000000000e-1,6.21580818797580759e-1,4.59598405540625254e-1
8.00000000000000000e0,6.87499999999999889e-1,4.99093162361531825e-2,9.93620704364861940e-1
5.69603534496854991e0,6.91406250000000111e-1,1.22212384614640471e-1,9.77375417357466136e-1
4.70866720768390223e0,9.96093749999999889e-1,9.81739530807738348e-1,4.27355972139095874e-1
1.25000000000000000e0,1.00000000000000003e-300,0.00000000000000000e0,1.00000000000000000e0
8.00000000000000000e0,2.10440661535358231e-1,3.84624785367366432e-6,9.99999519218209287e-1
5.77581854793243110e0,4.98355377440020675e-1,1.79077492959524610e-2,9.96876322197572828e-1
4.63928886083886027e0,8.92023280462126422e-1,5.88546533643179881e-1,8.25784497271607076e-1
1.25000000000000000e0,7.14843750000000000e-1,6.57300413550238272e-1,4.24551973763815704e-1
8.00000000000000000e0,7.18749999999999889e-1,7.12234262036871846e-2,9.90806635906220756e-1
1.26771474059205502e0,7.22656250000000111e-1,6.62469238284484563e-1,4.24544946837308756e-1
1.75234163663117215e0,9.96093749999999889e-1,9.93164977014712402e-1,5.81248626753415945e-2
1.25000000000000000e0,1.00000000000000003e-300,0.00000000000000000e0,1.00000000000000000e0
8.00000000000000000e0,4.77321300199946563e-1,2.69455169282082144e-3,9.99662783303860158e-1
6.31085101352073252e0,4.11687084410914395e-1,3.69480302825871782e-3,9.99413619451251733e-1
7.28599747788393870e0,9.05367221157575841e-1,4.84646811452155546e-1,9.13033119319891617e-1
1.25000000000000000e0,7.46093750000000000e-1,6.93412637461939152e-1,3.88367965075247235e-1
8.00000000000000000e0,7.49999999999999889e-1,1.00112915039062389e-1,9.86900803059380327e-1
6.55741246219258755e0,7.53906250000000111e-1,1.56862531910501229e-1,9.74315396287992685e-1
6.68441183934919536e0,9.96093749999999889e-1,9.74177148117136626e-1,5.78672682180632170e-1
1.25000000000000000e0,1.00000000000000003e-300,0.00000000000000000e0,1.00000000000000000e0
8.00000000000000000e0,1.02502747276957962e-1,1.21866417393763748e-8,9.99999998476669760e-1
5.96184603229630738e0,2.00970401456288528e-1,7.00456025692728913e-5,9.99988250678734647e-1
4.83668545284308493e0,5.12957900405126566e-1,3.96055900097097013e-2,9.91679656706353052e-1
1.25000000000000000e0,7.77343750000000000e-1,7.29905084377545754e-1,3.50924045354857606e-1
8.00000000000000000e0,7.81249999999999889e-1,1.38777878078144401e-1,9.81497950584168777e-1
7.84106312476797029e0,7.85156250000000111e-1,1.50087349222852440e-1,9.79473838266453289e-1
4.21730152238160372e0,9.96093749999999889e-1,9.83629385562344472e-1,3.77156725360291378e-1
1.25000000000000000e0,1.00000000000000003e-300,0.00000000000000000e0,1.00000000000000000e0
8.00000000000000000e0,2.31339014808327192e-1,8.20334646024079734e-6,9.99998974578012234e-1
1.34268505318323150e0,2.68241061917251500e-1,1.70879280982658810e-1,8.69737994565144557e-1
3.07551155245164409e0,8.78923005866454332e-1,6.72388283639120177e-1,6.95696027992801058e-1
1.25000000000000000e0,8.08593750000000000e-1,7.66766226112211458e-1,3.12056441403199991e-1
8.00000000000000000e0,8.12499999999999889e-1,1.89927108818664925e-1,9.74014702210592831e-1
3.91816579358419403e0,8.16406250000000111e-1,4.51683638795822961e-1,8.57818015290264912e-1
1.99621627724263817e0,9.96093749999999889e-1,9.92217452537591860e-1,8.78136957160538523e-2
1.25000000000000000e0,1.00000000000000003e-300,0.00000000000000000e0,1.00000000000000000e0
8.00000000000000000e0,3.16969961645554577e-1,1.01893119460348957e-4,9.99987262792254361e-1
4.79099981783656403e0,3.28764365481220011e-1,4.84612788392614624e-3,9.98986548407804764e-1
4.43881485675228760e0,7.37680674706098216e-1,2.59114859077649473e-1,9.34666724104104563e-1
1.25000000000000000e0,8.39843750000000000e-1,8.03985318582136510e-1,2.71538166274589876e-1
8.00000000000000000e0,8.43749999999999889e-1,2.56868167053653174e-1,9.63569917989745894e-1
6.59123644011560827e0,8.47656250000000111e-1,3.36418230904779292e-1,9.39676639625582233e-1
1.80402311676880345e0,9.96093749999999889e-1,9.92964103783160579e-1,6.40816042283626486e-2
1.25000000000000000e0,1.00000000000000003e-300,0.00000000000000000e0,1.00000000000000000e0
8.00000000000000000e0,9.77640316204997362e-1,8.34512454507689072e-1,7.98630081233527189e-1
3.70993009477388114e0,4.10255196047728532e-1,3.66823984947006465e-2,9.89977031340270375e-1
6.98682564613409340e0,1.43725404450378846e-1,1.29967189450983456e-6,9.99999813982388575e-1
1.25000000000000000e0,8.71093750000000000e-1,8.41552321112263302e-1,2.29038613107511391e-1
8.00000000000000000e0,8.74999999999999889e-1,3.43608915805816317e-1,9.48735899240879754e-1
6.21794983453582972e0,8.78906250000000111e-1,4.48164658115551118e-1,9.08817306415142356e-1
6.43384805339155719e0,9.96093749999999889e-1,9.75132974161363353e-1,5.63164222850852991e-1
1.25000000000000000e0,1.00000000000000003e-300,0.00000000000000000e0,1.00000000000000000e0
8.00000000000000000e0,3.93177733499214810e-1,5.71098893346638661e-4,9.99928594795418624e-1
2.30945031112059951e0,4.45982177780024358e-2,7.59741568697652964e-4,9.99670958380329044e-1
4.04650962381856516e0,7.17160165049790521e-1,2.60465013572099502e-1,9.28145835831842514e-1
1.25000000000000000e0,9.02343750000000000e-1,8.79457826661926401e-1,1.84039571709140370e-1
8.00000000000000000e0,9.06249999999999889e-1,4.54971462168941354e-1,9.26941668579703837e-1
5.24229186086449772e0,9.10156250000000111e-1,6.10483467623561982e-1,8.35391881473066755e-1
3.72945720452116802e0,9.96093749999999889e-1,9.85509295642877703e-1,3.21308895731904576e-1
1.25000000000000000e0,1.00000000000000003e-300,0.00000000000000000e0,1.00000000000000000e0
8.00000000000000000e0,9.61166017714276677e-1,7.28429058638053517e-1,8.49640903741192943e-1
5.96676910802489147e0,4.85977226912837068e-1,1.34930317943831417e-2,9.97725831733958679e-1
7.49806089117191732e0,1.35499545358470641e-1,3.09896771784724332e-7,9.99999958669739009e-1
1.25000000000000000e0,9.33593750000000000e-1,9.17693001162039002e-1,1.35628017310374271e-1
8.00000000000000000e0,9.37499999999999889e-1,5.96719473833217662e-1,8.92690486310700249e-1
1.92259998724330217e0,9.41406250000000111e-1,8.90397248101766348e-1,3.16652776048593487e-1
6.26045077014714479e0,9.96093749999999889e-1,9.75794982040552483e-1,5.51895068222474250e-1
1.25000000000000000e0,1.00000000000000003e-300,0.00000000000000000e0,1.00000000000000000e0
8.00000000000000000e0,6.06064445128140505e-2,1.82033137414097483e-10,9.99999999977245868e-1
4.89205345901427791e0,8.18035738702747039e-1,3.74349553582063843e-1,9.08589127635640037e-1
7.00637098494917154e0,6.58122286527031974e-1,5.33320919821268086e-2,9.92208074450465105e-1
1.25000000000000000e0,9.64843750000000000e-1,9.56249530507097822e-1,8.18061914634310022e-2
8.00000000000000000e0,9.68749999999999889e-1,7.75699879742205001e-1,8.29571241919349389e-1
3.90083692333428189e0,9.72656250000000111e-1,8.97493913212081829e-1,5.57699797267841024e-1
6.24823699926491827e0,9.96093749999999889e-1,9.75841629541224997e-1,5.51084028586876329e-1
1.25000000000000000e0,1.00000000000000003e-300,0.00000000000000000e0,1.00000000000000000e0
8.00000000000000000e0,9.86377641675062478e-1,8.96077878481990497e-1,7.53509098135288546e-1
6.87337885086890310e0,6.19705748626984132e-1,3.72917171560467609e-2,9.94485978006423355e-1
7.20069195178803056e0,4.68423294887543307e-2,2.67717792262411106e-10,9.99999999962820518e-1
1.25000000000000000e0,9.96093750000000000e-1,9.95119574018085040e-1,1.41503174963419943e-2
8.00000000000000000e0,3.90624999999999957e-3,5.42101086242751736e-20,1.00000000000000000e0
4.11999129469040781e0,7.81250000000000173e-3,2.08119737267225151e-9,9.99999999494853964e-1
7.15421107743168250e0,9.96093749999999889e-1,9.72387528720274452e-1,6.05481809532309900e-1
1.25000000000000000e0,1.00000000000000003e-300,0.00000000000000000e0,1.00000000000000000e0
8.00000000000000000e0,7.51107864425648586e-1,1.01302105980021068e-1,9.86737686402641034e-1
7.01083167822798714e0,5.11113451684650499e-1,9.04615303672078042e-3,9.98704657097472137e-1
5.87197724357247353e0,4.89348115002030681e-1,1.50467771130082771e-2,9.97421384315534509e-1
1.25000000000000000e0,3.12500000000000000e-2,1.31390064883392908e-2,9.89474911017593883e-1
8.00000000000000000e0,3.51562499999999931e-2,2.33356742132886566e-12,9.99999999999708344e-1
3.13422784343129024e0,3.90625000000000069e-2,3.85704841653405694e-5,9.99987693622603091e-1
2.90697943436680362e0,9.96093749999999889e-1,9.88686855562439293e-1,2.14009615041451440e-1
1.25000000000000000e0,1.00000000000000003e-300,0.00000000000000000e0,1.00000000000000000e0
8.00000000000000000e0,1.97614126254848088e-1,2.32564751496949232e-6,9.99999709293764805e-1
4.57484560465672985e0,1.81771070979266369e-1,4.09675630338787213e-4,9.99910436054979979e-1
5.02338964754017070e0,6.77096648619226471e-1,1.41023763251638318e-1,9.70192043317096631e-1
1.25000000000000000e0,6.25000000000000000e-2,3.12500000000000000e-2,9.74920881309620624e-1
8.00000000000000000e0,6.64062499999999861e-2,3.78156568613205531e-10,9.99999999952730367e-1
6.56399042892735451e0,7.03125000000000139e-2,2.70353892180487156e-8,9.99999995881256987e-1
5.75612899847328663e0,9.96093749999999889e-1,9.77722971420340259e-1,5.16388747276456672e-1
1.25000000000000000e0,1.00000000000000003e-300,0.00000000000000000e0,1.00000000000000000e0
8.00000000000000000e0,1.29405647171552118e-1,7.86368000292122146e-8,9.99999990170399644e-1
5.12714828655589372e0,6.01871533399389591e-2,5.52503476620228666e-7,9.99999892239590404e-1
4.92234335362445563e0,2.78691757057458744e-1,1.85656610773977980e-3,9.99622549505272517e-1
1.25000000000000000e0,9.37500000000000000e-2,5.18757149859525729e-2,9.58279541706075433e-1
8.00000000000000000e0,9.76562499999999861e-2,8.27180612553026682e-9,9.99999998966024206e-1
4.76306485506938770e0,1.01562500000000014e-1,1.85783304451472862e-5,9.99996099472218680e-1
2.84516460419399664e0,9.96093749999999889e-1,9.88926084453811693e-1,2.05410989118695653e-1
1.25000000000000000e0,1.00000000000000003e-300,0.00000000000000000e0,1.00000000000000000e0
8.00000000000000000e0,6.87070410904198070e-1,4.96603717562780350e-2,9.93653244421659254e-1
2.13110388076165691e0,4.73458719561676844e-1,2.03232174602008098e-1,8.98878288548581317e-1
3.58009371266234666e0,9.58683668250159826e-1,8.59797069304252259e-1,5.77657253231117052e-1
1.25000000000000000e0,1.25000000000000000e-1,7.43254446876700642e-2,9.40083999439220497e-1
8.00000000000000000e0,1.28906249999999972e-1,7.62415639649612996e-8,9.99999990469804145e-1
3.57797274121548980e0,1.32812500000000028e-1,7.29411940969349002e-4,9.99796084614043790e-1
4.30313761037541553e0,9.96093749999999889e-1,9.83298987028482063e-1,3.86354292850464687e-1
1.25000000000000000e0,1.00000000000000003e-300,0.00000000000000000e0,1.00000000000000000e0
8.00000000000000000e0,8.11541132952697808e-1,1.88141367105412488e-1,9.74282836030983868e-1
6.87080204585799947e0,1.65931822689344699e-1,4.36808695478683818e-6,9.99999364252517009e-1
1.36140061658807099e0,2.12519586943926697e-1,1.21428473008917084e-1,9.09289511255624849e-1
1.25000000000000000e0,1.56250000000000000e-1,9.82369866939793307e-2,9.20606283200720688e-1
8.00000000000000000e0,1.60156249999999972e-1,4.32863664027364540e-7,9.99999945892031783e-1
4.95659591187722981e0,1.64062500000000028e-1,1.28563719876332612e-4,9.99974060762739425e-1
5.47648588736774400e0,9.96093749999999889e-1,9.78793670137349192e-1,4.94782732620689780e-1
1.25000000000000000e0,1.00000000000000003e-300,0.00000000000000000e0,1.00000000000000000e0
8.00000000000000000e0,5.35835433743159228e-1,6.79596970319084042e-3,9.99147967252976499e-1
5.34421695646597072e0,5.17050620110239834e-1,2.94481854585414773e-2,9.94422559078422807e-1
4.21495559741742909e0,4.64362665647968242e-1,3.94292297523904378e-2,9.90501380003901422e-1
1.25000000000000000e0,1.87500000000000000e-1,1.23381938714296174e-1,9.00012065233527281e-1
8.00000000000000000e0,1.91406249999999972e-1,1.80156077608106471e-6,9.99999774804725461e-1
5.00130033772438765e0,1.95312500000000028e-1,2.83614156452176151e-4,9.99943285481842303e-1
3.92864075594116002e0,9.96093749999999889e-1,9.84741307397483001e-1,3.44850413409360290e-1
1.25000000000000000e0,1.00000000000000003e-300,0.00000000000000000e0,1.00000000000000000e0
8.00000000000000000e0,2.36119986266203341e-1,9.66188789863863205e-6,9.99998792258907421e-1
4.30553190154023468e0,8.39353673977711878e-1,4.70481718689925665e-1,8.62717829424273774e-1
5.33902074018260464e0,9.28113307386411179e-1,6.71461421153150551e-1,8.11813931091981189e-1
1.25000000000000000e0,2.18750000000000000e-1,1.49601199985494732e-1,8.78411698429618637e-1
8.00000000000000000e0,2.22656249999999972e-1,6.04058671095299814e-6,9.99999244924665631e-1
5.96491186006460339e0,2.26562500000000028e-1,1.42479841130437182e-4,9.99976112255503313e-1
1.45171436964301392e0,9.96093749999999889e-1,9.94334247374340396e-1,2.83368981761650644e-2
1.25000000000000000e0,1.00000000000000003e-300,0.00000000000000000e0,1.00000000000000000e0
8.00000000000000000e0,2.08738893488771282e-1,3.60435049210039346e-6,9.99999549455477976e-1
7.50892593577736989e0,2.96785715622718271e-1,1.09298327922293197e-4,9.99985443523240258e-1
4.30676645686617121e0,2.58002305831723788e-1,2.92415373871826936e-3,9.99320269146012352e-1
1.25000000000000000e0,2.50000000000000000e-1,1.76776695296636865e-1,8.55882457754387982e-1
8.00000000000000000e0,2.53906249999999944e-1,1.72737699193626042e-5,9.99997840762442025e-1
4.75413800403475761e0,2.57812500000000056e-1,1.58949011739245431e-3,9.99665451741469147e-1
3.32976425642846152e0,9.96093749999999889e-1,9.87052191458423711e-1,2.71051513217641926e-1
1.25000000000000000e0,1.00000000000000003e-300,0.00000000000000000e0,1.00000000000000000e0
8.00000000000000000e0,2.93417951743322192e-1,5.49406064250800187e-5,9.99993132259118567e-1
7.08823378995293751e0,6.40188140187092358e-2,3.45803486890608371e-9,9.99999999512144355e-1
1.32696557120652869e0,5.01797828510461841e-1,4.00508740474743441e-1,6.80044558714081981e-1
1.25000000000000000e0,2.81250000000000000e-1,2.04816841189027071e-1,8.32479866389307155e-1
8.00000000000000000e0,2.85156249999999944e-1,4.37182891827210405e-5,9.99994535109325677e-1
4.15113695751642808e0,2.89062500000000056e-1,5.78765921492823722e-3,9.98602692126025926e-1
7.35735146183287725e0,9.96093749999999889e-1,9.71614718843248015e-1,6.16235601304141456e-1
1.25000000000000000e0,1.00000000000000003e-300,0.00000000000000000e0,1.00000000000000000e0
8.00000000000000000e0,5.63359336142639222e-1,1.01457455832609476e-2,9.98726116522796747e-1
1.67728744423948228e0,8.79237522949551931e-1,8.05842289141500911e-1,3.76354642772396497e-1
7.76192176446784288e0,9.49665572775302280e-1,6.69738837050104507e-1,8.66986734439489259e-1
1.25000000000000000e0,3.12500000000000000e-1,2.33648247065815717e-1,8.08244064758564473e-1
8.00000000000000000e0,3.16406249999999944e-1,1.00452425720633150e-4,9.99987442894915701e-1
2.21581547305686399e0,3.20312500000000056e-1,8.02496170602646913e-2,9.62951070173657220e-1
1.75880453031277284e0,9.96093749999999889e-1,9.93139855109945180e-1,5.88583811921774627e-2
1.25000000000000000e0,1.00000000000000003e-300,0.00000000000000000e0,1.00000000000000000e0
8.00000000000000000e0,8.77694548762519844e-3,3.52165824566857504e-17,1.00000000000000000e0
2.86629753466695547e0,7.22307518117304426e-3,7.28551967148746222e-7,9.99999745821174790e-1
4.82460633252048865e0,3.92068542773813533e-1,1.09177142423047251e-2,9.97727219723476111e-1
1.25000000000000000e0,3.43750000000000000e-1,2.63210605075755055e-1,7.83203632262817862e-1
8.00000000000000000e0,3.47656249999999944e-1,2.13402906766215405e-4,9.99973322145809473e-1
6.19558734801830724e0,3.51562500000000056e-1,1.53893085209801063e-3,9.99751448130958398e-1
4.80612881726119667e0,9.96093749999999889e-1,9.81365112842458864e-1,4.36627343368584275e-1
1.25000000000000000e0,1.00000000000000003e-300,0.00000000000000000e0,1.00000000000000000e0
8.00000000000000000e0,1.42076027391340176e-1,1.66022306028184440e-7,9.99999979247210291e-1
4.51251356967259198e0,3.50064932181339827e-1,8.76928945062802750e-3,9.98050005772910920e-1
4.68704485526541248e0,3.18107222483376972e-2,9.58285608906140855e-8,9.99999979554587748e-1
1.25000000000000000e0,3.75000000000000000e-1,2.93453358763741345e-1,7.57377970690611857e-1
8.00000000000000000e0,3.78906249999999944e-1,4.24868126486718355e-4,9.99946881609766414e-1
7.43273188365856186e0,3.82812500000000056e-1,7.95147259907618385e-4,9.99892984032626275e-1
2.16685424005845562e0,9.96093749999999889e-1,9.91555011614867809e-1,1.10440549044239902e-1
1.25000000000000000e0,1.00000000000000003e-300,0.00000000000000000e0,1.00000000000000000e0
8.00000000000000000e0,6.85440219290285313e-1,4.87255410305945727e-2,9.93775371559280307e-1
5.96742740855552256e0,3.53360605458874488e-1,2.01383780095447298e-3,9.99662245100448987e-1
5.07047832198441029e0,9.93068898469573469e-2,8.20740175623635649e-6,9.99998381330463593e-1
1.25000000000000000e0,4.06250000000000000e-1,3.24333431863059574e-1,7.30778807734985048e-1
8.00000000000000000e0,4.10156249999999944e-1,8.00930200953317399e-4,9.99899848625869669e-1
3.14822405693121254e0,4.14062500000000056e-1,6.22927715412343735e-2,9.79777501192304334e-1
7.52993531909305602e0,9.96093749999999889e-1,9.70958638181425915e-1,6.25005206940031477e-1
1.25000000000000000e0,1.00000000000000003e-300,0.00000000000000000e0,1.00000000000000000e0
8.00000000000000000e0,5.03907253405486699e-1,4.15723790271801258e-3,9.99479397655393842e-1
4.13787852856330574e0,9.35893034375112620e-2,5.53425344463181741e-5,9.99986625103804427e-1
7.33955060504376888e0,3.87302881358664308e-1,9.47278043457853709e-4,9.99870882311415632e-1
1.25000000000000000e0,4.37500000000000000e-1,3.55813622871390622e-1,7.03411119102827165e-1
8.00000000000000000e0,4.41406249999999944e-1,1.44114548469031220e-3,9.99819743131518224e-1
7.87719670939259231e0,4.45312500000000056e-1,1.70790691258572696e-3,9.99783021592981602e-1
4.28423722129082307e0,9.96093749999999889e-1,9.83371728494545017e-1,3.84344968292119171e-1
1.25000000000000000e0,1.00000000000000003e-300,0.00000000000000000e0,1.00000000000000000e0
8.00000000000000000e0,7.00191957307652046e-1,5.77745995265658771e-2,9.92588755423904900e-1
1.31764017167733982e0,5.43368086550799489e-1,4.47661123950138518e-1,6.37311053103992609e-1
3.94805347942747176e0,9.06189899278615485e-1,6.77796280232385917e-1,7.50610601800546950e-1
1.25000000000000000e0,4.68750000000000000e-1,3.87861435896117934e-1,6.75273632934104806e-1
8.00000000000000000e0,4.72656249999999944e-1,2.49093984716034769e-3,9.99688292665906530e-1
6.02572717500152066e0,4.76562500000000056e-1,1.14931248803744005e-2,9.98083451163933932e-1
3.24332664848770946e0,9.96093749999999889e-1,9.87386175696621349e-1,2.59682578579172985e-1
1.25000000000000000e0,1.00000000000000003e-300,0.00000000000000000e0,1.00000000000000000e0
8.00000000000000000e0,9.52668654331318976e-1,6.78476807761467016e-1,8.67763818336317994e-1
4.57492297800490633e0,6.99282252166995022e-1,1.94669171216858200e-1,9.53778643666144066e-1
3.67652020696550608e0,4.03279978941100126e-1,3.54817410828712834e-2,9.90221840450733470e-1
1.25000000000000000e0,5.00000000000000000e-1,4.20448207626857307e-1,6.46359003387838027e-1
8.00000000000000000e0,5.03906249999999889e-1,4.15717167836864715e-3,9.99479405963667245e-1
6.05531188176246360e0,5.07812500000000111e-1,1.65174203982916788e-2,9.97253243152126601e-1
6.44940382894128561e0,9.96093749999999889e-1,9.75073606226808720e-1,5.64153246538573794e-1
1.25000000000000000e0,1.00000000000000003e-300,0.00000000000000000e0,1.00000000000000000e0
8.00000000000000000e0,7.85170310268767935e-1,1.44447807304821318e-1,9.80687892545070383e-1
3.09455098002217710e0,8.61120654981277767e-1,6.29581934091579587e-1,7.25476668085923926e-1
4.88165013206889853e0,3.57162472155323485e-1,6.56519111098804314e-3,9.98651604526839098e-1
1.25000000000000000e0,5.31250000000000000e-1,4.53548441374382105e-1,6.16653690845822000e-1
8.00000000000000000e0,5.35156249999999889e-1,6.72736226359563812e-3,9.99156594245792284e-1
3.08943730453029275e0,5.39062500000000111e-1,1.48223099172211381e-1,9.49396502019013711e-1
3.44872916449094191e0,9.96093749999999889e-1,9.86592710480356905e-1,2.86417973695153649e-1
1.25000000000000000e0,1.00000000000000003e-300,0.00000000000000000e0,1.00000000000000000e0
8.00000000000000000e0,5.53108940630409052e-1,8.75962327373761528e-3,9.98900827745244801e-1
6.42606723378412426e0,6.36994933615824266e-1,5.51270340252455887e-2,9.91214636635885493e-1
5.40815275494242087e0,9.56374236411647871e-1,7.85656218222711700e-1,7.52174103072603684e-1
1.25000000000000000e0,5.62500000000000000e-1,4.87139289628746752e-1,5.86137548621282645e-1
8.00000000000000000e0,5.66406249999999889e-1,1.05931298380936741e-2,9.98669681103891538e-1
1.55081907688872889e0,5.70312500000000111e-1,4.18576862102760572e-1,7.04919953265341515e-1
1.82306639320449904e0,9.96093749999999889e-1,9.92890097484190437e-1,6.63270303096147873e-2
1.25000000000000000e0,1.00000000000000003e-300,0.00000000000000000e0,1.00000000000000000e0
8.00000000000000000e0,1.65695023310945544e-1,5.68166620851754474e-7,9.99999928979154684e-1
6.70607169345021248e0,9.46126524922874523e-3,2.67036327256117434e-14,9.99999999999996003e-1
7.65098217874765396e0,3.13364956346049439e-1,1.39408997053328915e-4,9.99981777836900565e-1
1.25000000000000000e0,5.93750000000000000e-1,5.21200145513764590e-1,5.54783080617820890e-1
8.00000000000000000e0,5.97656249999999889e-1,1.62784003034100178e-2,9.97950559339919496e-1
5.21580726176034659e0,6.01562500000000111e-1,7.05945154846095158e-2,9.86061839230837678e-1
6.25760628120042384e0,9.96093749999999889e-1,9.75805845668868188e-1,5.51706390003987801e-1
1.25000000000000000e0,1.00000000000000003e-300,0.00000000000000000e0,1.00000000000000000e0
8.00000000000000000e0,2.68066521075525088e-1,2.66649408968408686e-5,9.99996666843503412e-1
4.79281638789689168e0,4.81874446700203407e-1,3.02245876249078935e-2,9.93616965309025768e-1
7.07499955745879561e0,3.94420582470047520e-1,1.38488635844248695e-3,9.99804139849319928e-1
1.25000000000000000e0,6.25000000000000000e-1,5.55712315637163390e-1,5.22554292791055919e-1
8.00000000000000000e0,6.28906249999999889e-1,2.44730042578245391e-2,9.96907610622218443e-1
6.33844711427809671e0,6.32812500000000111e-1,5.50037639049393914e-2,9.91114131979279667e-1
5.96819284080993384e0,9.96093749999999889e-1,9.76911801428875015e-1,5.31836293249060121e-1
1.25000000000000000e0,1.00000000000000003e-300,0.00000000000000000e0,1.00000000000000000e0
8.00000000000000000e0,2.49051916721327871e-1,1.48019559536680461e-5,9.99998149743523745e-1
2.15257749316515401e0,5.73714088750421070e-2,2.12811897219690026e-3,9.99010798553189749e-1
6.56651459925342351e0,6.67393360895403021e-1,7.02750340413164504e-2,9.88964666941868797e-1
1.25000000000000000e0,6.56250000000000000e-1,5.90658754822255272e-1,4.89405003434716157e-1
8.00000000000000000e0,6.60156249999999889e-1,3.60723066642170270e-2,9.95418154564847946e-1
7.50942149327602237e0,6.64062500000000111e-1,4.62266171832575110e-2,9.93717180015415424e-1
2.18709881033282727e0,9.96093749999999889e-1,9.91476448657958476e-1,1.13194271971080590e-1
1.25000000000000000e0,1.00000000000000003e-300,0.00000000000000000e0,1.00000000000000000e0
8.00000000000000000e0,9.58482987343813875e-1,7.12320215906247833e-1,8.55783025566595912e-1
3.56631637370446697e0,6.19547834676268394e-1,1.81331439706596736e-1,9.45443097680450206e-1
2.92608438694151118e0,6.25726517205293931e-1,2.53631996379963365e-1,9.04859664645633388e-1
1.25000000000000000e0,6.87500000000000000e-1,6.26023848600518518e-1,4.55276387257092574e-1
8.00000000000000000e0,6.91406249999999889e-1,5.22235521495053104e-2,9.93317848153097427e-1
4.65023610362550244e0,6.95312500000000111e-1,1.84543991688408404e-1,9.57077969279094609e-1
3.25871868303511292e0,9.96093749999999889e-1,9.87326694507754898e-1,2.61719193043133513e-1
1.25000000000000000e0,1.00000000000000003e-300,0.00000000000000000e0,1.00000000000000000e0
8.00000000000000000e0,3.39039045688878105e-1,1.74581304984919062e-4,9.99978175669894775e-1
4.90419460122939199e0,3.13177113434903731e-1,3.36710083861137960e-3,9.99312502249462997e-1
7.20310202345717698e0,4.63864221874246141e-1,3.95347909656959019e-3,9.99450205524404334e-1
1.25000000000000000e0,7.18750000000000000e-1,6.61793233067654585e-1,4.20093376574507404e-1
8.00000000000000000e0,7.22656249999999889e-1,7.43796456006219076e-2,9.90385132172570071e-1
1.74462289235088974e0,7.26562500000000111e-1,5.72761296143628140e-1,6.14192004567112426e-1
4.52310008154017851e0,9.96093749999999889e-1,9.82452818437307362e-1,4.09087813288368296e-1
1.25000000000000000e0,1.00000000000000003e-300,0.00000000000000000e0,1.00000000000000000e0
8.00000000000000000e0,9.55082561313247425e-2,6.92352593597534951e-9,9.99999999134559281e-1
6.56270062376279384e0,3.25282760786649305e-1,6.29673289357462660e-4,9.99904027102992310e-1
3.52904112829128280e0,7.20148084064931027e-1,3.13932083285944241e-1,8.98736704611436066e-1
1.25000000000000000e0,7.50000000000000000e-1,6.97953644326574696e-1,3.83759270689762455e-1
8.00000000000000000e0,7.53906249999999889e-1,1.04361124392823038e-1,9.86317223452427450e-1
4.31893375690560788e0,7.57812500000000111e-1,3.01880624391231922e-1,9.20160729988622528e-1
6.77428831794532016e0,9.96093749999999889e-1,9.73834524533779278e-1,5.84022898042767968e-1
1.25000000000000000e0,1.00000000000000003e-300,0.00000000000000000e0,1.00000000000000000e0
8.00000000000000000e0,5.98509238684528100e-1,1.64651946424140792e-2,9.97926870345607675e-1
6.52390829054638743e0,3.04978511107947270e-1,4.31936414006576640e-4,9.99933779660682753e-1
7.88116602407535538e0,2.82943389365755138e-1,4.77257910188922551e-5,9.99993944197435702e-1
1.25000000000000000e0,7.81250000000000000e-1,7.34492791618436280e-1,3.46147383494430416e-1
8.00000000000000000e0,7.85156249999999889e-1,1.44427115256950539e-1,9.80690857330018151e-1
1.39104975451482460e0,7.89062500000000111e-1,7.19244987589361617e-1,4.01247955865042971e-1
5.24876347539247945e0,9.96093749999999889e-1,9.79666440783171333e-1,4.76078992825975156e-1
1.25000000000000000e0,1.00000000000000003e-300,0.00000000000000000e0,1.00000000000000000e0
8.00000000000000000e0,1.50928793700586539e-1,2.69263079035284073e-7,9.99999966342111191e-1
2.04801766312448308e0,1.12236564405066019e-1,1.13411841058965006e-2,9.94446198747163335e-1
5.70176802610512823e0,5.02752644865722687e-1,1.98240261314865523e-2,9.96494413456452732e-1
1.25000000000000000e0,8.12500000000000000e-1,7.71399249609601378e-1,3.07087487610373744e-1
8.00000000000000000e0,8.16406249999999889e-1,1.97356105463093290e-1,9.72893637715531945e-1
3.34276930778287351e0,8.20312500000000111e-1,5.15766039306780777e-1,8.04976646957536901e-1
5.98304369411198422e0,9.96093749999999889e-1,9.76855020330073764e-1,5.32889213205929080e-1
1.25000000000000000e0,1.00000000000000003e-300,0.00000000000000000e0,1.00000000000000000e0
8.00000000000000000e0,7.18786815923522227e-3,7.12526171752794439e-18,1.00000000000000000e0
4.59213702665874735e0,4.34392092302005040e-1,2.17322210711772927e-2,9.95226761859842157e-1
6.96592551778303459e0,6.91944414747922565e-1,7.69038261774595000e-2,9.88578118202743772e-1
1.25000000000000000e0,8.43750000000000000e-1,8.08662366311688641e-1,2.66342406184980895e-1
8.00000000000000000e0,8.47656249999999889e-1,2.66537394668921346e-1,9.61993742533708174e-1
3.78233377222204581e0,8.51562500000000111e-1,5.44572389411059010e-1,8.12251472757365534e-1
6.95561162155354396e0,9.96093749999999889e-1,9.73143657700310305e-1,5.94491895338387644e-1
1.25000000000000000e0,1.00000000000000003e-300,0.00000000000000000e0,1.00000000000000000e0
8.00000000000000000e0,1.00198000477575988e-1,1.01595024571029708e-8,9.99999998730062178e-1
7.84024993452476338e0,9.89801250543678179e-1,9.22773667710333978e-1,7.21336428981372957e-1
7.15665494179120287e0,3.11229921790072694e-1,2.35590672881982432e-4,9.99967077558991946e-1
1.25000000000000000e0,8.75000000000000000e-1,8.46272183867105343e-1,2.23564048745042765e-1
8.00000000000000000e0,8.78906249999999889e-1,3.56074130451792426e-1,9.46464837913302715e-1
2.04523443855578080e0,8.82812500000000111e-1,7.74976152210348102e-1,4.82256013844771125e-1
3.26241399120772257e0,9.96093749999999889e-1,9.87312414841701180e-1,2.62207370068822943e-1
1.25000000000000000e0,1.00000000000000003e-300,0.00000000000000000e0,1.00000000000000000e0
8.00000000000000000e0,6.80133705463958904e-2,4.57882855010666675e-10,9.99999999942764672e-1
6.73550931824138388e0,8.38982598979782779e-1,3.06504818973922843e-1,9.47109554610798154e-1
7.13743772148154676e0,3.37888097560608003e-1,4.33157536781271328e-4,9.99939300594368863e-1
1.25000000000000000e0,9.06250000000000000e-1,8.84219370004389993e-1,1.78200421393898578e-1
8.00000000000000000e0,9.10156249999999889e-1,4.70898867214556038e-1,9.23511560749541327e-1
7.41235550114652142e0,9.14062500000000111e-1,5.13735336598752812e-1,9.07310704237877852e-1
7.81529953802237287e0,9.96093749999999889e-1,9.69874792652075324e-1,6.38811592420362118e-1
1.25000000000000000e0,1.00000000000000003e-300,0.00000000000000000e0,1.00000000000000000e0
8.00000000000000000e0,3.67567752728064079e-1,3.33195574605790680e-4,9.99958344480542105e-1
2.02321815345203504e0,7.25133518135407940e-1,5.21909405585967545e-1,6.94374952805581813e-1
4.54264373244950548e0,6.55999800064819283e-1,1.47319003397563097e-1,9.65525229791762696e-1
1.25000000000000000e0,9.37500000000000000e-1,9.22495158405670534e-1,1.29259677010167801e-1
8.00000000000000000e0,9.41406249999999889e-1,6.16902624825808377e-1,8.86979631890901565e-1
1.29460506100440398e0,9.45312500000000111e-1,9.29779122277764269e-1,1.28519376656392598e-1
3.15386536327423528e0,9.96093749999999889e-1,9.87731962058282509e-1,2.47745374780451832e-1
1.25000000000000000e0,1.00000000000000003e-300,0.00000000000000000e0,1.00000000000000000e0
8.00000000000000000e0,8.43792768382627401e-1,2.56972347535962986e-1,9.63553031461025444e-1
6.09414757718332112e0,6.75190441152153653e-1,9.13058511838681919e-2,9.84411522155309027e-1
3.05430973373586312e0,6.38538370949390810e-1,2.54086012485051249e-1,9.08484465307350497e-1
1.25000000000000000e0,9.68750000000000000e-1,9.61091296567379794e-1,7.44796122736767624e-2
8.00000000000000000e0,9.72656249999999889e-1,8.01078460026175887e-1,8.17212924612359171e-1
1.30759061657590792e0,9.76562500000000111e-1,9.69464416742447987e-1,6.93796801299760013e-2
6.77192241785814986e0,9.96093749999999889e-1,9.73843542180726662e-1,5.83883451729960479e-1
1.25000000000000000e0,1.00000000000000003e-300,0.00000000000000000e0,1.00000000000000000e0
8.00000000000000000e0,6.63444502342827036e-1,3.75350325781884236e-2,9.95229215148223378e-1
7.39793370279949158e0,1.77490309606582741e-1,2.78896982782708852e-6,9.99999623006463279e-1
7.33132390485843644e0,1.33803854573670833e-1,3.94328844338209774e-7,9.99999946213137370e-1
1.25000000000000000e0,3.90625000000000000e-3,9.76562500000000000e-4,9.99218673676236402e-1
8.00000000000000000e0,7.81249999999999913e-3,1.38777878078144444e-17,1.00000000000000000e0
5.25803746294695884e0,1.17187500000000017e-2,7.01625677046723288e-11,9.99999999986656118e-1
7.30620341020403430e0,9.96093749999999889e-1,9.71809244236125580e-1,6.13572829172664869e-1
1.25000000000000000e0,1.00000000000000003e-300,0.00000000000000000e0,1.00000000000000000e0
8.00000000000000000e0,3.31825292578287190e-1,1.46985971756857195e-4,9.99981625571905175e-1
4.33993373101111501e0,7.11754905460111331e-1,2.28625159481073703e-1,9.41941442919510430e-1
4.69016630534315482e0,4.68674136627669213e-1,2.85976402066924554e-2,9.93832850004350510e-1
1.25000000000000000e0,3.51562500000000000e-2,1.52231028008983360e-2,9.87802864485006871e-1
8.00000000000000000e0,3.90624999999999931e-2,5.42101086242751409e-12,9.99999999999322320e-1
3.29218896769452840e0,4.29687500000000069e-2,3.16286360431063427e-5,9.99990392719064980e-1
5.14152260508853942e0,9.96093749999999889e-1,9.80077722456046407e-1,4.66906673486438550e-1
1.25000000000000000e0,1.00000000000000003e-300,0.00000000000000000e0,1.00000000000000000e0
8.00000000000000000e0,6.98905385402213142e-1,5.69307749428521470e-2,9.92699827945398794e-1
3.29702588164946064e0,3.03343066943853046e-1,1.95849844708021123e-2,9.94018821357675386e-1
3.51109659048961475e0,5.60068503523325489e-1,1.30632235865446006e-1,9.60913906991832323e-1
1.25000000000000000e0,6.64062500000000000e-2,3.37101895925506073e-2,9.72939689105993155e-1
8.00000000000000000e0,7.03124999999999861e-2,5.97393259860189609e-10,9.99999999925325844e-1
5.23500073823379353e0,7.42187500000000139e-2,1.22218809414137396e-6,9.99999766535143109e-1
7.74036673654336482e0,9.96093749999999889e-1,9.70159278703864647e-1,6.35266971717602047e-1
1.25000000000000000e0,1.00000000000000003e-300,0.00000000000000000e0,1.00000000000000000e0
8.00000000000000000e0,4.86927599658883992e-1,3.16020410399620423e-3,9.99604427247766658e-1
6.65839790820609778e0,3.04909878914259025e-1,3.67627985674722163e-4,9.99944778694504377e-1
7.22360733273671940e0,3.29644855978585838e-1,3.30031764162662454e-4,9.99954305559560996e-1
1.25000000000000000e0,9.76562500000000000e-2,5.45915033569284586e-2,9.56083010485366813e-1
8.00000000000000000e0,1.01562499999999986e-1,1.13205378543534830e-8,9.99999998584932714e-1
4.37004199344664812e0,1.05468750000000014e-1,5.38282150209311414e-5,9.99987682193361094e-1
5.71162565972190350e0,9.96093749999999889e-1,9.77893287592008664e-1,5.13046587740600191e-1
1.25000000000000000e0,1.00000000000000003e-300,0.00000000000000000e0,1.00000000000000000e0
8.00000000000000000e0,4.69206234479315754e-1,2.34914699259083969e-3,9.99706054389570831e-1
3.35614727629581466e0,9.29735192512453068e-1,7.83085263172625168e-1,6.34220420980507349e-1
7.31941240426385775e0,7.40749400383720058e-1,1.11191236432100965e-1,9.84024792847007390e-1
1.25000000000000000e0,1.28906250000000000e-1,7.72400361217169956e-2,9.37715283952770595e-1
8.00000000000000000e0,1.32812499999999972e-1,9.68080815649806158e-8,9.99999987898989251e-1
4.72357819537864998e0,1.36718750000000028e-1,8.27973347570196036e-5,9.99982470907962662e-1
3.31467492907540873e0,9.96093749999999889e-1,9.87110486614814819e-1,2.69078932472794907e-1
1.25000000000000000e0,1.00000000000000003e-300,0.00000000000000000e0,1.00000000000000000e0
8.00000000000000000e0,9.01910656989457493e-1,4.37832654129943932e-1,9.30536048063304144e-1
4.95400105853332207e0,2.51480699589592405e-1,1.07176470336980316e-3,9.99783564155385052e-1
3.27715721772983670e0,8.02042115810763789e-2,2.56378651889259130e-4,9.99921761003620402e-1
1.25000000000000000e0,1.60156250000000000e-1,1.01316426671723595e-1,9.18090392718665660e-1
8.00000000000000000e0,1.64062499999999972e-1,5.24897616496765953e-7,9.99999934387782896e-1
5.58108508458826691e0,1.67968750000000028e-1,4.74170228949489747e-5,9.99991503812437621e-1
7.96947395574534312e0,9.96093749999999889e-1,9.69289724290340216e-1,6.45931079238983075e-1
1.25000000000000000e0,1.00000000000000003e-300,0.00000000000000000e0,1.00000000000000000e0
8.00000000000000000e0,3.63763091381770209e-1,3.06583696303327200e-4,9.99961671896703930e-1
1.42070665303617716e0,3.10043311378649378e-1,1.89435065619070059e-1,8.62577279232833227e-1
7.41375808324664831e0,3.83887190509994980e-1,8.26772900945512020e-4,9.99888441365349268e-1
1.25000000000000000e0,1.91406250000000000e-1,1.26603334220864200e-1,8.97365200467358903e-1
8.00000000000000000e0,1.95312499999999972e-1,2.11758236813574831e-6,9.99999735301958736e-1
3.48691044910810888e0,1.99218750000000028e-1,3.60435194323924886e-3,9.98964987957916217e-1
5.68064623360987753e0,9.96093749999999889e-1,9.78011864688726362e-1,5.10698948675237352e-1
1.25000000000000000e0,1.00000000000000003e-300,0.00000000000000000e0,1.00000000000000000e0
8.00000000000000000e0,6.19154157107004721e-1,2.15968467009017874e-2,9.97274536874290796e-1
3.61705647391499951e0,1.97733644963591360e-1,2.84369933326878094e-3,9.99212998301456379e-1
6.93024323577992618e0,4.64136977379894233e-1,4.89527249868614272e-3,9.99292152322492133e-1
1.25000000000000000e0,2.22656250000000000e-1,1.52947933289164978e-1,8.75645026163489826e-1
8.00000000000000000e0,2.26562499999999972e-1,6.94231357069307486e-6,9.99999132208167940e-1
2.50544893369078636e0,2.30468750000000028e-1,2.52963016321963198e-2,9.89825699865622299e-1
5.54197619046317413e0,9.96093749999999889e-1,9.78542815494220952e-1,4.99973784718951875e-1
1.25000000000000000e0,1.00000000000000003e-300,0.00000000000000000e0,1.00000000000000000e0
8.00000000000000000e0,7.72720426066371147e-1,1.27109830672708063e-1,9.83150377483561932e-1
2.85155001765815541e0,7.58147245069267228e-1,4.54057930381468799e-1,8.08762221526931890e-1
4.64174504502443597e0,5.80956893463735469e-2,1.83430316134866363e-6,9.99999604824378885e-1
1.25000000000000000e0,2.53906250000000000e-1,1.80236082459168973e-1,8.53003943427088962e-1
8.00000000000000000e0,2.57812499999999944e-1,1.95178403750300927e-5,9.99997560249119899e-1
5.80893043393734843e0,2.61718750000000056e-1,4.15186352361259100e-4,9.99928513910173566e-1
7.61072273168247193e0,9.96093749999999889e-1,9.70651675613053655e-1,6.28999509101256349e-1
1.25000000000000000e0,1.00000000000000003e-300,0.00000000000000000e0,1.00000000000000000e0
8.00000000000000000e0,5.03530184173541784e-1,4.13241639605324649e-3,9.99482511640220062e-1
2.98873602075036615e0,2.25017588290938875e-1,1.15863332930197828e-2,9.96108292566600162e-1
1.58277507906313986e0,8.24345690225527505e-1,7.36580138616420577e-1,4.30491660619817806e-1
1.25000000000000000e0,2.85156250000000000e-1,2.08378841167479345e-1,8.29495272046510856e-1
8.00000000000000000e0,2.89062499999999944e-1,4.87454445408235602e-5,9.99993906689484513e-1
5.24880193889839575e0,2.92968750000000056e-1,1.59019577623893639e-3,9.99696841250036217e-1
2.32662404648726806e0,9.96093749999999889e-1,9.90935163345755488e-1,1.32451965967734980e-1
1.25000000000000000e0,1.00000000000000003e-300,0.00000000000000000e0,1.00000000000000000e0
8.00000000000000000e0,5.29964739716888289e-1,6.22265616083112101e-3,9.99220042127998420e-1
1.26365766581147909e0,1.39690396931655414e-1,8.31348580713358182e-2,9.33620314109862348e-1
5.50940612849080935e0,1.39730578894159407e-2,6.04863521867457719e-11,9.99999999989021227e-1
1.25000000000000000e0,3.16406250000000000e-1,2.37304687500000000e-1,8.05157535361904153e-1
8.00000000000000000e0,3.20312499999999944e-1,1.10813097991005322e-4,9.99986147691167115e-1
3.72059400199213997e0,3.24218750000000056e-1,1.51365628863265201e-2,9.95908967810756107e-1
5.89304654282750562e0,9.96093749999999889e-1,9.77199168144346153e-1,5.26451253431711286e-1
1.25000000000000000e0,1.00000000000000003e-300,0.00000000000000000e0,1.00000000000000000e0
8.00000000000000000e0,3.08301394534282736e-2,8.16213762560217541e-13,9.99999999999897971e-1
5.21897947945399210e0,7.90089270171847602e-1,2.92397731601559185e-1,9.35876109417588808e-1
1.72774196148384362e0,4.30471262811806810e-1,2.33104132321818897e-1,8.57603538440627755e-1
1.25000000000000000e0,3.47656250000000000e-1,2.66954687843774630e-1,7.80018057221357641e-1
8.00000000000000000e0,3.51562499999999944e-1,2.33356742132886631e-4,9.99970827428770970e-1
1.80720117298187688e0,3.55468750000000056e-1,1.54243834052641221e-1,9.11468597963153493e-1
1.94219478924060240e0,9.96093749999999889e-1,9.92427263882406652e-1,8.09220161038510244e-2
1.25000000000000000e0,1.00000000000000003e-300,0.00000000000000000e0,1.00000000000000000e0
8.00000000000000000e0,5.33614129853958730e-1,6.57383149593214304e-3,9.99175897972231275e-1
5.38238859456032515e0,5.42857333330175607e-1,3.73229004185973295e-2,9.92957932820557332e-1
2.89111234236042947e0,7.27953180444274039e-1,3.99324150111400322e-1,8.38367382388455873e-1
1.25000000000000000e0,3.78906250000000000e-1,2.97279328411479138e-1,7.54095212007456772e-1
8.00000000000000000e0,3.82812499999999944e-1,4.61199558676752565e-4,9.99942338419504750e-1
6.00853554217610508e0,3.86718750000000056e-1,3.31779516786008012e-3,9.99447054554054581e-1
2.10776987404096872e0,9.96093749999999889e-1,9.91784335483733459e-1,1.02478629828053253e-1
1.25000000000000000e0,1.00000000000000003e-300,0.00000000000000000e0,1.00000000000000000e0
8.00000000000000000e0,2.04847916656945017e-1,3.10064761244041513e-6,9.99999612418522643e-1
5.49947509297635406e0,4.46101601401096559e-1,1.18051039904022489e-2,9.97842971376532217e-1
3.20766179717611521e0,2.65794910937984241e-1,1.42606824663410858e-2,9.95532187066474950e-1
1.25000000000000000e0,4.10156250000000000e-1,3.28236344393639023e-1,7.27399842735470537e-1
8.00000000000000000e0,4.14062499999999944e-1,8.64026772509087458e-4,9.99891955804845578e-1
5.35938612144673243e0,4.17968750000000056e-1,9.32316576511852887e-3,9.98253770574759391e-1
1.75414417538559064e0,9.96093749999999889e-1,9.93157970305002191e-1,5.83291084645257280e-2
1.25000000000000000e0,1.00000000000000003e-300,0.00000000000000000e0,1.00000000000000000e0
8.00000000000000000e0,1.13217523839921341e-1,2.69966091022316403e-8,9.99999996625423826e-1
1.63490167126292363e0,4.90756475196576503e-1,3.12317536052133082e-1,7.95311215490117518e-1
6.49057270988123491e0,1.98673297386449121e-1,2.78306526827906530e-5,9.99995712091746314e-1
1.25000000000000000e0,4.41406250000000000e-1,3.59789179270068482e-1,6.99936123962543011e-1
8.00000000000000000e0,4.45312499999999944e-1,1.54639019800396752e-3,9.99806570323258037e-1
1.74102593847783282e0,4.49218750000000056e-1,2.48267657049931562e-1,8.48816762394617341e-1
3.34785046358592808e0,9.96093749999999889e-1,9.86982322881664764e-1,2.73409000452305317e-1
1.25000000000000000e0,1.00000000000000003e-300,0.00000000000000000e0,1.00000000000000000e0
8.00000000000000000e0,6.21779248472194013e-1,2.23403405423646777e-2,9.97179776077284141e-1
4.29384745727293193e0,6.55430826054725912e-1,1.63002527234753364e-1,9.59407526052677762e-1
2.69571470067603514e0,3.96082306779135251e-1,8.23653038579014174e-2,9.68616874841900177e-1
1.25000000000000000e0,4.72656250000000000e-1,3.91905859016604852e-1,6.71702021297934992e-1
8.00000000000000000e0,4.76562499999999944e-1,2.66047341098253360e-3,9.99667053094130842e-1
7.69971286016516387e0,4.80468750000000056e-1,3.53926459617738640e-3,9.99539628752482701e-1
3.15219004766549915e0,9.96093749999999889e-1,9.87738438654411022e-1,2.47520246642365299e-1
1.25000000000000000e0,1.00000000000000003e-300,0.00000000000000000e0,1.00000000000000000e0
8.00000000000000000e0,5.29572569867013954e-1,6.18591368518934398e-3,9.99224660016557187e-1
7.90541162877343595e0,1.49161670969988336e-2,3.64761258858153782e-15,9.99999999999999556e-1
6.69643470714800060e0,7.87678078290809935e-1,2.02258243583992331e-1,9.66818133332967844e-1
1.25000000000000000e0,5.03906250000000000e-1,4.24558149056228296e-1,6.42689427105970101e-1
8.00000000000000000e0,5.07812499999999889e-1,4.42208509935682666e-3,9.99446166992400742e-1
3.91923054936341941e0,5.11718750000000111e-1,7.23813536681941205e-2,9.81011844410988432e-1
2.66561483533587307e0,9.96093749999999889e-1,9.89621286336340278e-1,1.80202274544546792e-1
1.25000000000000000e0,1.00000000000000003e-300,0.00000000000000000e0,1.00000000000000000e0
8.00000000000000000e0,6.81755877940304345e-2,4.66692829397169547e-10,9.99999999941663442e-1
3.28668491449207067e0,2.15247669389100338e-1,6.42064845838862842e-3,9.98042087456868732e-1
5.49626736011123285e0,6.07716758077003760e-2,2.06488882305382468e-7,9.99999962431067035e-1
1.25000000000000000e0,5.35156250000000000e-1,4.57720909590476011e-1,6.12884004742573207e-1
8.00000000000000000e0,5.39062499999999889e-1,7.13038481632066908e-3,9.99105909000011838e-1
3.08264239632990211e0,5.42968750000000111e-1,1.52196849170404658e-1,9.47848921733343119e-1
3.58232637663604692e0,9.96093749999999889e-1,9.86076969775490197e-1,3.03268009814263495e-1
1.25000000000000000e0,1.00000000000000003e-300,0.00000000000000000e0,1.00000000000000000e0
8.00000000000000000e0,9.91853418281607446e-1,9.36655645693206917e-1,7.08293879829452244e-1
6.57859698066022247e0,5.53293315856535628e-1,2.03707644203319251e-2,9.96876393310340725e-1
5.17676475073676556e0,2.41628303961078927e-1,6.40768720301760622e-4,9.99876190159122769e-1
1.25000000000000000e0,5.66406250000000000e-1,4.91371593636373338e-1,5.82264736836148100e-1
8.00000000000000000e0,5.70312499999999889e-1,1.11918820307765864e-2,9.98594116382587549e-1
6.99494933849200606e0,5.74218750000000111e-1,2.06423151733827574e-2,9.97022526280183286e-1
6.96685689600417390e0,9.96093749999999889e-1,9.73100827795569612e-1,5.95127236353341305e-1
1.25000000000000000e0,1.00000000000000003e-300,0.00000000000000000e0,1.00000000000000000e0
8.00000000000000000e0,1.91774732538760873e-1,1.82949440556569005e-6,9.99999771313016317e-1
7.22486472822492942e0,9.80309050955838757e-1,8.66161613681740272e-1,7.57023307678258650e-1
4.94290040177293122e0,2.90416739471766050e-1,2.21701930400413283e-3,9.99551076873094857e-1
1.25000000000000000e0,5.97656250000000000e-1,5.25489849963695188e-1,5.50803137371440932e-1
8.00000000000000000e0,6.01562499999999889e-1,1.71492860405142340e-2,9.97840081218743569e-1
5.66493350954260677e0,6.05468750000000111e-1,5.82859870486825277e-2,9.89455047418207445e-1
2.95983838592655957e0,9.96093749999999889e-1,9.88482332620395310e-1,2.21319573055945990e-1
1.25000000000000000e0,1.00000000000000003e-300,0.00000000000000000e0,1.00000000000000000e0
8.00000000000000000e0,3.01394520183748682e-1,6.80899186434591724e-5,9.99991488506614568e-1
5.62396616046316922e0,6.56829017666495929e-1,9.40498455645163156e-2,9.82590806804738204e-1
3.13205626467242837e0,8.35437706714401429e-1,5.69417070528994151e-1,7.64120760701607615e-1
1.25000000000000000e0,6.28906250000000000e-1,5.60057204616636328e-1,5.18462044338134032e-1
8.00000000000000000e0,6.32812499999999889e-1,2.57158209844820865e-2,9.96748765123909752e-1
5.27895847480976954e0,6.36718750000000111e-1,9.22672821021660455e-2,9.81829161407672069e-1
3.53997846523998305e0,9.96093749999999889e-1,9.86240421103366183e-1,2.97974462479432378e-1
1.25000000000000000e0,1.00000000000000003e-300,0.00000000000000000e0,1.00000000000000000e0
8.00000000000000000e0,6.53563759456119442e-1,3.32892260463848177e-2,9.95776951692004419e-1
6.09587554476456717e0,9.30823976495958050e-1,6.45982167454516421e-1,8.43372962225937051e-1
5.32220845553092659e0,5.90088518515585747e-1,6.03633586538886088e-2,9.88369628974146264e-1
1.25000000000000000e0,6.60156250000000000e-1,5.95056802298256082e-1,4.85193848902445157e-1
8.00000000000000000e0,6.64062499999999889e-1,3.78156568613205665e-2,9.95192938358031687e-1
3.48003275023074821e0,6.67968750000000111e-1,2.45553226834101274e-1,9.22223398912551340e-1
3.19500727544073015e0,9.96093749999999889e-1,9.87572925025536286e-1,2.53255977787147091e-1
1.25000000000000000e0,1.00000000000000003e-300,0.00000000000000000e0,1.00000000000000000e0
8.00000000000000000e0,5.25145807405351661e-1,5.78414565252993642e-3,9.99275145507838913e-1
5.92131314921425655e0,1.83488044240220916e-2,5.22730530342778434e-11,9.99999999991172062e-1
1.79917486681370065e0,7.53897176837199368e-1,6.01537967985636524e-1,5.99640463254725753e-1
1.25000000000000000e0,6.91406250000000000e-1,6.30473194039544271e-1,4.50937921309250811e-1
8.00000000000000000e0,6.95312499999999889e-1,5.46311441321511437e-2,9.93002087228680108e-1
2.99183257028926164e0,6.99218750000000111e-1,3.42853280197072008e-1,8.69070202660448543e-1
5.05966926744440570e0,9.96093749999999889e-1,9.80391756063958564e-1,4.59743114897740446e-1
1.25000000000000000e0,1.00000000000000003e-300,0.00000000000000000e0,1.00000000000000000e0
8.00000000000000000e0,1.75433851791240158e-1,8.97237032094129223e-7,9.99999887845327007e-1
6.32618940441170707e0,7.46050667225972575e-1,1.56714186923615190e-1,9.73416291622995367e-1
7.75943031813949347e0,7.93151358961949882e-1,1.65600048250326426e-1,9.76938161401741501e-1
1.25000000000000000e0,7.22656250000000000e-1,6.66292161134617866e-1,4.15616831127386233e-1
8.00000000000000000e0,7.26562499999999889e-1,7.76575761564423372e-2,9.89946040890467338e-1
2.43491353216813877e0,7.30468750000000111e-1,4.65459384033629020e-1,7.73185674253276778e-1
3.88195136236026883e0,9.96093749999999889e-1,9.84921273089421567e-1,3.39423855871869518e-1
1.25000000000000000e0,1.00000000000000003e-300,0.00000000000000000e0,1.00000000000000000e0
8.00000000000000000e0,3.96875952314985625e-1,6.15514485289506120e-4,9.99923039962563487e-1
6.72738529741764069e0,4.94514331608115754e-1,8.76240879085912229e-3,9.98692616872831507e-1
6.68056381813948974e0,6.91729267064147280e-1,8.52478122289869189e-2,9.86751040956489023e-1
1.25000000000000000e0,7.53906250000000000e-1,7.02500567835117273e-1,3.79130665240171694e-1
8.00000000000000000e0,7.57812499999999889e-1,1.08766240380599899e-1,9.85709525979017509e-1
6.85397742252098396e0,7.61718750000000111e-1,1.54818613164117325e-1,9.75757602913618127e-1
1.40562679304275662e0,9.96093749999999889e-1,9.94513623686209991e-1,2.46415545522891029e-2
1.25000000000000000e0,1.00000000000000003e-300,0.00000000000000000e0,1.00000000000000000e0
8.00000000000000000e0,2.10708374379464658e-2,3.88556673287683927e-14,9.99999999999995115e-1
4.79946713731624186e0,2.08349568383709993e-1,5.37733996895479126e-4,9.99887935790943150e-1
2.71467161731561646e0,7.71135812524335051e-1,4.93852644700371712e-1,7.78152825157938599e-1
1.25000000000000000e0,7.85156250000000000e-1,7.39086237099951804e-1,3.41348179188165568e-1
8.00000000000000000e0,7.89062499999999889e-1,1.50276555869754802e-1,9.79850232686360290e-1
2.85108656337251887e0,7.92968750000000111e-1,5.16143357127762159e-1,7.75204782703758366e-1
4.27143309201346710e0,9.96093749999999889e-1,9.83421010491871694e-1,3.82978653703620830e-1
1.25000000000000000e0,1.00000000000000003e-300,0.00000000000000000e0,1.00000000000000000e0
8.00000000000000000e0,4.85669154222705401e-1,3.09545269737014021e-3,9.99612543390609010e-1
5.33866012870566919e0,5.46364665965484164e-1,3.96742615070415153e-2,9.92445737638735115e-1
1.97502258216263726e0,2.98479640559889958e-1,9.18215671387774546e-2,9.52403746026345810e-1
1.25000000000000000e0,8.16406250000000000e-1,7.76037845011459892e-1,3.02092337848336834e-1
8.00000000000000000e0,8.20312499999999889e-1,2.05038131444049254e-1,9.71724800959147705e-1
1.86608979379525408e0,8.24218750000000111e-1,6.97152433151131290e-1,5.27227943243192776e-1
6.22237892437260598e0,9.96093749999999889e-1,9.75940395471087574e-1,5.49359306997173835e-1
1.25000000000000000e0,1.00000000000000003e-300,0.00000000000000000e0,1.00000000000000000e0
8.00000000000000000e0,2.86657458600529935e-1,4.55938189197910713e-5,9.99994300658947566e-1
4.78409642947372049e0,1.37142350931753754e-1,7.44981836718395417e-5,9.99984427492252137e-1
7.22444968414492905e0,5.53722439094599395e-1,1.39774150334329213e-2,9.98053510543898681e-1
1.25000000000000000e0,8.47656250000000000e-1,8.13344830441744326e-1,2.61115118467370066e-1
8.00000000000000000e0,8.51562499999999889e-1,2.76523615351546848e-1,9.60346692461414353e-1
7.75595755735412240e0,8.55468750000000111e-1,2.97973924677575108e-1,9.55410127275959531e-1
5.83541273378068581e0,9.96093749999999889e-1,9.77419622683442735e-1,5.22255540915966265e-1
1.25000000000000000e0,1.00000000000000003e-300,0.00000000000000000e0,1.00000000000000000e0
8.00000000000000000e0,9.71822652572882362e-1,7.95602508567009759e-1,8.19991678705805138e-1
5.72470451216213405e0,3.75291498821752612e-1,3.65920490814089332e-3,9.99359837236869830e-1
1.77257008221931756e0,5.77024604053804069e-1,3.77311651743935994e-1,7.65486093021557457e-1
1.25000000000000000e0,8.78906250000000000e-1,8.50997317281903087e-1,2.18049587883688278e-1
8.00000000000000000e0,8.82812499999999889e-1,3.68933244080719924e-1,9.44081337895699479e-1
5.21057554602157325e0,8.86718750000000111e-1,5.34483675250624346e-1,8.63517094486647707e-1
2.51114275684813038e0,9.96093749999999889e-1,9.90219780555068096e-1,1.58382221596158279e-1
1.25000000000000000e0,1.00000000000000003e-300,0.00000000000000000e0,1.00000000000000000e0
8.00000000000000000e0,4.64136401751602534e-2,2.15360002842910603e-11,9.99999999997308042e-1
6.85012821631971747e0,5.66846293113485444e-1,2.04741447798631702e-2,9.96984663548992400e-1
6.06204291200265288e0,5.40326883187844942e-1,2.39526015510113967e-2,9.96008653435379143e-1
1.25000000000000000e0,9.10156250000000000e-1,8.88986047099726506e-1,1.72306655808069475e-1
8.00000000000000000e0,9.14062499999999889e-1,4.87312034586293130e-1,9.19880982478902931e-1
2.54947818623622879e0,9.17968750000000111e-1,8.03952766785625439e-1,5.27761372682137631e-1
2.39414646080695093e0,9.96093749999999889e-1,9.90673317633623207e-1,1.41900755122826461e-1
1.25000000000000000e0,1.00000000000000003e-300,0.00000000000000000e0,1.00000000000000000e0
8.00000000000000000e0,2.94476966328147682e-1,5.65471398494904264e-5,9.99992931432645005e-1
2.11943727423204109e0,6.99536475085551501e-1,4.68905472732545348e-1,7.41873143830929838e-1
5.74445823032874614e0,3.83064422867391841e-1,4.03759142415089246e-3,9.99295957951119806e-1
1.25000000000000000e0,9.41406250000000000e-1,9.27302320515350775e-1,1.22805110067637446e-1
8.00000000000000000e0,9.45312499999999889e-1,6.37680600873049008e-1,8.80818542185654918e-1
2.51912964397342876e0,9.49218750000000111e-1,8.76966081115768792e-1,4.35285292040880234e-1
7.72758856863947585e0,9.96093749999999889e-1,9.70207799971912754e-1,6.34656880079960684e-1
1.25000000000000000e0,1.00000000000000003e-300,0.00000000000000000e0,1.00000000000000000e0
8.00000000000000000e0,4.19360092419083230e-1,9.56526033297588289e-4,9.99880384180010795e-1
6.98279895051382482e0,5.48415608000141219e-1,1.50749621308219322e-2,9.97827055414306607e-1
2.75433806097134948e0,9.03569872375555860e-1,7.56316803510874602e-1,5.98933582184727142e-1
1.25000000000000000e0,9.72656250000000000e-1,9.65937945912721085e-1,6.69601884707623080e-2
8.00000000000000000e0,9.76562499999999889e-1,8.27180612553026884e-1,8.02969515411484869e-1
6.82443874498130754e0,9.80468750000000111e-1,8.74057882396725772e-1,7.38152472460454345e-1
3.38384178635897115e0,9.96093749999999889e-1,9.86843300013444114e-1,2.78077839354906098e-1
1.25000000000000000e0,1.00000000000000003e-300,0.00000000000000000e0,1.00000000000000000e0
8.00000000000000000e0,8.88293220727973676e-1,3.87659812528729830e-1,9.40533124159283695e-1
4.89648804161697626e0,8.27970162754354533e-1,3.96789246007327012e-1,9.01915055424374001e-1
1.56166226358618587e0,6.73062647638289491e-1,5.38865955555848597e-1,6.09163655441323337e-1
1.25000000000000000e0,7.81250000000000000e-3,2.32267014648968951e-3,9.98141431897595854e-1
8.00000000000000000e0,1.17187499999999983e-2,3.55672522683869335e-16,1.00000000000000000e0
2.31440075166756287e0,1.56250000000000035e-2,6.60352323936449234e-5,9.99971467140837400e-1
2.53758934349752963e0,9.96093749999999889e-1,9.90117288925492334e-1,1.62117989766601522e-1
1.25000000000000000e0,1.00000000000000003e-300,0.00000000000000000e0,1.00000000000000000e0
8.00000000000000000e0,2.97673622262664139e-1,6.16485431346511898e-5,9.99992293724258019e-1
3.39049892121693119e0,4.79713662170979660e-1,8.28648046909524344e-2,9.74810112774202708e-1
5.90900344273541123e0,4.99272744559675630e-1,1.64997501160947767e-2,9.97188360593189271e-1
1.25000000000000000e0,3.90625000000000000e-2,1.73660098636613559e-2,9.86082896635689043e-1
8.00000000000000000e0,4.29687499999999931e-2,1.16204182235880714e-11,9.99999999998547495e-1
6.01630581315839663e0,4.68750000000000069e-2,1.00919781430313416e-8,9.99999998322562256e-1
3.55547409539576620e0,9.96093749999999889e-1,9.86180609076356074e-1,2.99916612049677789e-1
1.25000000000000000e0,1.00000000000000003e-300,0.00000000000000000e0,1.00000000000000000e0
8.00000000000000000e0,4.63955107134097489e-1,2.14687954307363812e-3,9.99731387658673087e-1
3.64670699485577643e0,6.16125605042725510e-1,1.70995787102522556e-1,9.49875373758813368e-1
7.00210909522138536e0,5.78169948271352041e-1,2.15718183024275929e-2,9.96890370310790308e-1
1.25000000000000000e0,7.03125000000000000e-2,3.62068443264923073e-2,9.70928099852173210e-1
8.00000000000000000e0,7.42187499999999861e-2,9.20680797279834667e-10,9.99999999884914947e-1
1.55351009999867529e0,7.81250000000000139e-2,1.90518928064678621e-2,9.87694241971574183e-1
7.21122649061726406e0,9.96093749999999889e-1,9.72170562136939087e-1,6.08548622166934616e-1
1.25000000000000000e0,1.00000000000000003e-300,0.00000000000000000e0,1.00000000000000000e0
8.00000000000000000e0,8.79228121098094562e-1,3.57118674001243863e-1,9.46272788230910322e-1
5.47497727524023503e0,6.84706094230023155e-1,1.25715606981176675e-1,9.75759794586740448e-1
1.77457667212001979e0,5.78471532503499475e-1,3.78574334497825016e-1,7.64842080111492684e-1
1.25000000000000000e0,1.01562500000000000e-1,5.73345922589686210e-2,9.53863117147048301e-1
8.00000000000000000e0,1.05468749999999986e-1,1.53105358513386949e-8,9.99999998086183006e-1
4.17431634326931089e0,1.09375000000000014e-1,9.73060796781206752e-5,9.99976688474954023e-1
1.61934902949724346e0,9.96093749999999889e-1,9.93682073493318829e-1,4.38312851451901214e-2
1.25000000000000000e0,1.00000000000000003e-300,0.00000000000000000e0,1.00000000000000000e0
8.00000000000000000e0,3.41970832364495436e-1,1.87030538244227539e-4,9.99976619269503986e-1
1.78232370846671984e0,4.31414518593555840e-1,2.23493176656731657e-1,8.67689467259925795e-1
6.10563567746430635e0,9.27749260063137626e-1,6.32620427046674649e-1,8.48737093229342432e-1
1.25000000000000000e0,1.32812500000000000e-1,8.01767946231037310e-2,9.35327039130241955e-1
8.00000000000000000e0,1.36718749999999972e-1,1.22074409534113261e-7,9.99999984740697956e-1
7.34956477227387950e0,1.40625000000000028e-1,5.47810588537330751e-7,9.99999925463515793e-1
4.14574522862676531e0,9.96093749999999889e-1,9.83904903449549617e-1,3.69346924003729926e-1
1.25000000000000000e0,1.00000000000000003e-300,0.00000000000000000e0,1.00000000000000000e0
8.00000000000000000e0,8.00337595555902226e-1,1.68339388611632612e-1,9.77222069871664933e-1
1.70385425881249830e0,6.80871524332360423e-1,5.19478264829712266e-1,6.50423012905858355e-1
6.73626460263039917e0,8.84003880823911459e-1,4.35813954001813331e-1,9.18541093336082359e-1
1.25000000000000000e0,1.64062500000000000e-1,1.04414702725504766e-1,9.15557372572979755e-1
8.00000000000000000e0,1.67968749999999972e-1,6.33618606671033163e-7,9.99999920797652209e-1
4.14291692880215123e0,1.71875000000000028e-1,6.78499909692131028e-4,9.99836184357118185e-1
7.88465485768392682e0,9.96093749999999889e-1,9.69611556122552787e-1,6.42042811393272572e-1
1.25000000000000000e0,1.00000000000000003e-300,0.00000000000000000e0,1.00000000000000000e0
8.00000000000000000e0,8.63916639996205049e-1,3.10294953625636194e-1,9.54625267818206669e-1
1.59410424431553110e0,9.05351911578691215e-1,8.53419320456535457e-1,2.99826699224063464e-1
6.12151662161340937e0,1.76225889417764847e-1,2.42551075806868218e-5,9.99996037688830053e-1
1.25000000000000000e0,1.95312500000000000e-1,1.29841208421508508e-1,8.94702827688348523e-1
8.00000000000000000e0,1.99218749999999972e-1,2.48108524667124302e-6,9.99999689864007557e-1
3.27064625488128513e0,2.03125000000000028e-1,5.44426035493799417e-3,9.98332262049770658e-1
2.96675636037252843e0,9.96093749999999889e-1,9.88455568582548794e-1,2.22273095176500762e-1
1.25000000000000000e0,1.00000000000000003e-300,0.00000000000000000e0,1.00000000000000000e0
8.00000000000000000e0,1.59893822833510058e-1,4.27221881193791640e-7,9.99999946597254885e-1
3.93084805889520794e0,4.52990795474761399e-2,5.21544702059254355e-6,9.99998673197975863e-1
5.78371997422073036e0,3.63430092734233767e-1,2.86812114816126749e-3,9.99503515206371707e-1
1.25000000000000000e0,2.26562500000000000e-1,1.56309378146650274e-1,8.72863990600695416e-1
8.00000000000000000e0,2.30468749999999972e-1,7.95969397188009819e-6,9.99999005034788668e-1
2.82952142844442278e0,2.34375000000000028e-1,1.64873356451660721e-2,9.94141758172763401e-1
3.07358847459545359e0,9.96093749999999889e-1,9.88042351913125283e-1,2.36895632220102348e-1
1.25000000000000000e0,1.00000000000000003e-300,0.00000000000000000e0,1.00000000000000000e0
8.00000000000000000e0,8.58056233528259327e-1,2.93850210023646696e-1,9.57441183363208825e-1
5.64459334785351530e0,5.82158501983940369e-1,4.71795040229474952e-2,9.91474594920267793e-1
5.05066055769566447e0,3.24822619718361238e-1,3.41578911823281744e-3,9.99322766309248323e-1
1.25000000000000000e0,2.57812500000000000e-1,1.83708801038026059e-1,8.50111891617657101e-1
8.00000000000000000e0,2.61718749999999944e-1,2.20129729091526369e-5,9.99997248351885970e-1
2.33916390064405277e0,2.65625000000000056e-1,4.50060299925361812e-2,9.80505886956965167e-1
1.67680437315721065e0,9.96093749999999889e-1,9.93458644925525380e-1,4.98108921762836290e-2
1.25000000000000000e0,1.00000000000000003e-300,0.00000000000000000e0,1.00000000000000000e0
8.00000000000000000e0,6.81089301074280229e-1,4.63054880139096292e-2,9.94091042361055166e-1
6.79256104811793193e0,6.37976420671293454e-1,4.72197319308515912e-2,9.92904127115751822e-1
6.76715803041588515e0,6.11847997333825333e-1,3.59901069952067443e-2,9.94598229428071967e-1
1.25000000000000000e0,2.89062500000000000e-1,2.11953061022920275e-1,8.26497737695926382e-1
8.00000000000000000e0,2.92968749999999944e-1,5.42713199896040644e-5,9.99993215923920542e-1
6.94783307763282210e0,2.96875000000000056e-1,2.16535745470725419e-4,9.99968831171484052e-1
3.70619923999765888e0,9.96093749999999889e-1,9.85599009978561869e-1,3.18493623982895713e-1
1.25000000000000000e0,1.00000000000000003e-300,0.00000000000000000e0,1.00000000000000000e0
8.00000000000000000e0,2.81361426218609267e-1,3.92750235384624856e-5,9.99995090537698639e-1
5.42963617102941498e0,1.23502545411611209e-1,1.16985128979648446e-5,9.99997845423090115e-1
1.31553046079352498e0,3.90043997772409057e-1,2.89799401767868059e-1,7.70952013520535440e-1
1.25000000000000000e0,3.20312500000000000e-1,2.40972430929330295e-1,8.02058490090157283e-1
8.00000000000000000e0,3.24218749999999944e-1,1.22097006557868554e-4,9.99984737058854378e-1
1.75928855221718550e0,3.28125000000000056e-1,1.40790553812421643e-1,9.17362815467625770e-1
4.60409374081064016e0,9.96093749999999889e-1,9.82141429241822017e-1,4.17161846566052708e-1
1.25000000000000000e0,1.00000000000000003e-300,0.00000000000000000e0,1.00000000000000000e0
8.00000000000000000e0,9.70793434985353088e-1,7.88886721211552233e-1,8.23311997024702258e-1
5.97445930878166109e0,8.81289261633355636e-1,4.70015934957205284e-1,8.99181452701979134e-1
6.49592669348930940e0,3.09734307988946966e-1,4.93746342121751487e-4,9.99923975511884944e-1
1.25000000000000000e0,3.51562500000000000e-1,2.70709302677433650e-1,7.76820251631265446e-1
8.00000000000000000e0,3.55468749999999944e-1,2.54924406028573462e-4,9.99968130894733465e-1
6.29434573126491159e0,3.59375000000000056e-1,1.59391288944950760e-3,9.99746600763555926e-1
1.30314561107661575e0,9.96093749999999889e-1,9.94912604133939005e-1,1.73789850177061486e-2
1.25000000000000000e0,1.00000000000000003e-300,0.00000000000000000e0,1.00000000000000000e0
8.00000000000000000e0,5.16070972885245283e-1,5.03124490805534775e-3,9.99369705689684307e-1
4.44997651857556775e0,2.26428073578972544e-1,1.34727067214447075e-3,9.99697082704156470e-1
4.73980050510726869e0,1.65886386785132345e-1,2.00474245750134671e-4,9.99957700729646848e-1
1.25000000000000000e0,3.82812500000000000e-1,3.01115171677038385e-1,7.50800391116293153e-1
8.00000000000000000e0,3.86718749999999944e-1,5.00220901174111359e-4,9.99937458699115322e-1
7.86468995799077675e0,3.90625000000000056e-1,6.15629247668081814e-4,9.99921701336067614e-1
6.33758546982426196e0,9.96093749999999889e-1,9.75500436488530354e-1,5.56964134894652463e-1
1.25000000000000000e0,1.00000000000000003e-300,0.00000000000000000e0,1.00000000000000000e0
8.00000000000000000e0,6.41849226713020471e-1,2.88047545235578344e-2,9.96353196523231510e-1
5.76524112152401358e0,1.43859355844142556e-1,1.39736600194807129e-5,9.99997576208796368e-1
7.86406847235048190e0,6.00082884907351399e-1,1.80234533837727688e-2,9.97689893187109655e-1
1.25000000000000000e0,4.14062500000000000e-1,3.32148560767778767e-1,7.24008880179354497e-1
8.00000000000000000e0,4.17968749999999944e-1,9.31430594454167658e-4,9.99883523703205990e-1
1.27189674240071326e0,4.21875000000000056e-1,3.33635675791117303e-1,7.26770594941813508e-1
5.76777967676753178e0,9.96093749999999889e-1,9.77678388678147048e-1,5.17257843330849676e-1
1.25000000000000000e0,1.00000000000000003e-300,0.00000000000000000e0,1.00000000000000000e0
8.00000000000000000e0,6.07276605828701577e-1,1.84966214590208192e-2,9.97668993144606664e-1
6.09145211585564539e0,1.49717494123251527e-1,9.46699672751329841e-6,9.99998445849363482e-1
3.94546470034401864e0,5.93741833222338755e-1,1.27860829110271995e-1,9.65919955002109254e-1
1.25000000000000000e0,4.45312500000000000e-1,3.63773540984873023e-1,6.96449099309609299e-1
8.00000000000000000e0,4.49218749999999944e-1,1.65829961662383751e-3,9.99792562003560703e-1
3.76452680502552539e0,4.53125000000000056e-1,5.07953007377009227e-2,9.86247537719245004e-1
7.72786017216276377e0,9.96093749999999889e-1,9.70206768613583459e-1,6.34669864961302399e-1
1.25000000000000000e0,1.00000000000000003e-300,0.00000000000000000e0,1.00000000000000000e0
8.00000000000000000e0,4.69916947331512347e-1,2.37776463513876589e-3,9.99702469770077595e-1
6.91462761501315981e0,8.14130070129976957e-1,2.41257517373911101e-1,9.60857841302536486e-1
6.85576960752950981e0,7.39253882829871145e-2,1.75674870033763833e-8,9.99999997437561627e-1
1.25000000000000000e0,4.76562500000000000e-1,3.95958647105049966e-1,6.68118253666166617e-1
8.00000000000000000e0,4.80468749999999944e-1,2.84001849968353991e-3,9.99644555809745761e-1
7.54065793682821095e0,4.84375000000000056e-1,4.22729968373816885e-3,9.99438368602362792e-1
4.73549389530671760e0,9.96093749999999889e-1,9.81636456558251380e-1,4.29929832795631794e-1
1.25000000000000000e0,1.00000000000000003e-300,0.00000000000000000e0,1.00000000000000000e0
8.00000000000000000e0,7.79007538690166257e-1,1.35622980365679990e-1,9.81946669639616188e-1
3.47480356163578108e0,4.92044587522286747e-1,8.50699146264990991e-2,9.74738182578675061e-1
4.33356845297385007e0,2.82066884433334053e-1,4.15014439338557382e-3,9.99040793907734925e-1
1.25000000000000000e0,5.07812500000000000e-1,4.28676063281321795e-1,6.39007471390763082e-1
8.00000000000000000e0,5.11718749999999889e-1,4.70165375106031212e-3,9.99411080819528008e-1
3.23110921418992803e0,5.15625000000000111e-1,1.17630414289688234e-1,9.62009398808136074e-1
5.35532234847778454e0,9.96093749999999889e-1,9.79257945600167878e-1,4.84959558948885650e-1
1.25000000000000000e0,1.00000000000000003e-300,0.00000000000000000e0,1.00000000000000000e0
8.00000000000000000e0,5.37291192590600986e-1,6.94508831251340435e-3,9.99129214642940577e-1
2.46411487687146291e0,3.25303209274352412e-2,2.15827900155860772e-4,9.99912405974819118e-1
6.46259148843819275e0,5.13618801464872377e-1,1.34893315060671034e-2,9.97900706130241733e-1
1.25000000000000000e0,5.39062500000000000e-1,4.61900998810235774e-1,6.09101611805744181e-1
8.00000000000000000e0,5.42968749999999889e-1,7.55437743673646050e-3,9.99052567064380947e-1
2.57842516637174413e0,5.46875000000000111e-1,2.10942458932772775e-1,9.12210955032706217e-1
4.25680237368214875e0,9.96093749999999889e-1,9.83477325897495258e-1,3.81412381638979947e-1
1.25000000000000000e0,1.00000000000000003e-300,0.00000000000000000e0,1.00000000000000000e0
8.00000000000000000e0,4.19651324386904889e-1,9.61853178344914718e-4,9.99879717727498840e-1
7.09701536793727428e0,7.96971081499577849e-1,1.99772799496606701e-1,9.69086043145025777e-1
1.80269429960753769e0,5.39937007501976041e-1,3.29227742057984218e-1,8.01303111822919023e-1
1.25000000000000000e0,5.70312500000000000e-1,4.95611201064776685e-1,5.78378774647323901e-1
8.00000000000000000e0,5.74218749999999889e-1,1.18200402518678603e-2,9.98514797465699266e-1
2.09485748619772494e0,5.78125000000000111e-1,3.17299568581482005e-1,8.33428236010424595e-1
7.56923407589783892e0,9.96093749999999889e-1,9.70809305180565962e-1,6.26956870633081809e-1
1.25000000000000000e0,1.00000000000000003e-300,0.00000000000000000e0,1.00000000000000000e0
8.00000000000000000e0,1.14601471782407316e-1,2.97523696494541603e-8,9.99999996280953707e-1
2.69498407322680578e0,1.53508021267043659e-1,6.40672681231252514e-3,9.97617915535378263e-1
7.37574423605110496e0,8.84409588607013575e-1,4.04137765420525374e-1,9.32211335554177900e-1
1.25000000000000000e0,6.01562500000000000e-1,5.29786569508050920e-1,5.46809465295564179e-1
8.00000000000000000e0,6.05468749999999889e-1,1.80606702282606751e-2,9.97724373816306742e-1
5.64294003002578393e0,6.09375000000000111e-1,6.11106474149975126e-2,9.88887596139548686e-1
7.42257505853194743e0,9.96093749999999889e-1,9.71366718062971479e-1,6.19588429047874256e-1
1.25000000000000000e0,1.00000000000000003e-300,0.00000000000000000e0,1.00000000000000000e0
8.00000000000000000e0,7.69470364953122044e-1,1.22895275101754492e-1,9.83742493145510877e-1
4.83908161107683554e0,9.74739024609334592e-1,8.83547367479495915e-1,6.41237665861179362e-1
2.14003477868391201e0,9.26414578202638950e-1,8.49106880223815086e-1,4.13244335449293509e-1
1.25000000000000000e0,6.32812500000000000e-1,5.64408845596994557e-1,5.14355326401782942e-1
8.00000000000000000e0,6.36718749999999889e-1,2.70135158989015245e-2,9.96582716269473257e-1
6.57139621756505221e0,6.40625000000000111e-1,5.35941622282419261e-2,9.91652675660679384e-1
2.96253028284991160e0,9.96093749999999889e-1,9.88471918209712586e-1,2.21690694473434063e-1
1.25000000000000000e0,1.00000000000000003e-300,0.00000000000000000e0,1.00000000000000000e0
8.00000000000000000e0,8.14058776409183338e-1,1.92861749698638035e-1,9.73572932710030092e-1
3.75449572416255251e0,5.93964688109736016e-1,1.41444231154264632e-1,9.60194951260740615e-1
6.67301594838500023e0,2.32135672072217858e-1,5.85578969791681757e-5,9.99991224454569561e-1
1.25000000000000000e0,6.64062500000000000e-1,5.99461360609411242e-1,4.80967282279577801e-1
8.00000000000000000e0,6.67968749999999889e-1,3.96322894105626058e-2,9.94957874904389139e-1
6.86603794916300103e0,6.71875000000000111e-1,6.51862743880805701e-2,9.90230438292291404e-1
6.71137369773350656e0,9.96093749999999889e-1,9.74074352524056719e-1,5.80289156052842925e-1
1.25000000000000000e0,1.00000000000000003e-300,0.00000000000000000e0,1.00000000000000000e0
8.00000000000000000e0,4.05611851701905834e-1,7.32630661374218911e-4,9.99908391800491292e-1
3.66571703494992107e0,2.85267209128505783e-1,1.00718080147577833e-2,9.97242311000609005e-1
2.74214807164389640e0,5.68191136135283159e-1,2.12220552819805647e-1,9.16687045732260231e-1
1.25000000000000000e0,6.95312500000000000e-1,6.34928828334294426e-1,4.46582840502517175e-1
8.00000000000000000e0,6.99218749999999889e-1,5.71353017463295948e-2,9.92672914095370063e-1
7.55014687619404867e0,7.03125000000000111e-1,6.99959976903264253e-2,9.90434785179976074e-1
5.21614386222790927e0,9.96093749999999889e-1,9.79791522666314307e-1,4.73314274342084784e-1
1.25000000000000000e0,1.00000000000000003e-300,0.00000000000000000e0,1.00000000000000000e0
8.00000000000000000e0,7.49032626563348458e-1,9.90845364191658973e-2,9.87041709713465165e-1
7.06987636274425313e0,2.69325922954521957e-2,7.98473752832261160e-12,9.99999999998870570e-1
6.23322593793272972e0,6.24848863103579788e-1,5.33358637786856271e-2,9.91245202849881712e-1
1.25000000000000000e0,7.26562500000000000e-1,6.70797172969755495e-1,4.11122120639158317e-1
8.00000000000000000e0,7.30468749999999889e-1,8.10612188907264969e-2,9.89488662620216952e-1
4.02963229350280017e0,7.34375000000000111e-1,2.88202919022917170e-1,9.19095159646343696e-1
1.72909189946949482e0,9.96093749999999889e-1,9.93255356289792446e-1,5.55141805705839791e-2
1.25000000000000000e0,1.00000000000000003e-300,0.00000000000000000e0,1.00000000000000000e0
8.00000000000000000e0,6.96906521261553280e-1,5.56411666440789002e-2,9.92869411028923565e-1
6.58633632870623842e0,3.65684088460511703e-1,1.32577430171816222e-3,9.99798595114184341e-1
3.70701192575506866e0,8.92697424451398547e-1,6.56538478959165284e-1,7.49547079102500957e-1
1.25000000000000000e0,7.57812500000000000e-1,7.07053384980323107e-1,3.74481861806583050e-1
8.00000000000000000e0,7.61718749999999889e-1,1.13333204440938112e-1,9.85076719955592206e-1
6.79643372783903033e0,7.65625000000000111e-1,1.62825773979474897e-1,9.74189475951940054e-1
4.06958678283262998e0,9.96093749999999889e-1,9.84198226083086158e-1,3.60891492897782662e-1
1.25000000000000000e0,1.00000000000000003e-300,0.00000000000000000e0,1.00000000000000000e0
8.00000000000000000e0,2.60548783348895086e-1,2.12379403315962937e-5,9.99997345232791379e-1
7.04249442013679072e0,9.34920512463577325e-3,5.11908176250745121e-15,9.99999999999999223e-1
6.55270756164100021e0,2.50527332045749063e-1,1.15046485569112895e-4,9.99982442052725462e-1
1.25000000000000000e0,7.89062500000000000e-1,7.43685399397248648e-1,3.36526041257555975e-1
8.00000000000000000e0,7.92968749999999889e-1,1.56332250838457032e-1,9.78974615788005376e-1
2.30078844871604815e0,7.96875000000000111e-1,5.93088790824773726e-1,6.76511872815006687e-1
7.16699294646969065e0,9.96093749999999889e-1,9.72338884356178546e-1,6.06172690549274695e-1
1.25000000000000000e0,1.00000000000000003e-300,0.00000000000000000e0,1.00000000000000000e0
8.00000000000000000e0,1.42946295964065939e-1,1.74334464042156347e-7,9.99999978208190310e-1
6.62689711566781625e0,3.69101331325509818e-1,1.35368776133428371e-3,9.99795610771882837e-1
6.62131763633806258e0,5.79628618888818892e-1,2.70233837614251363e-2,9.95871118649883202e-1
1.25000000000000000e0,8.20312500000000000e-1,7.80681992310798045e-1,2.97070436008594119e-1
8.00000000000000000e0,8.24218749999999889e-1,2.12980538066308511e-1,9.70505909074868112e-1
5.68571520160185173e0,8.28125000000000111e-1,3.42228826931206986e-1,9.28973054372643103e-1
4.33539120102068409e0,9.96093749999999889e-1,9.83174865847371793e-1,3.89762580438369144e-1
1.25000000000000000e0,1.00000000000000003e-300,0.00000000000000000e0,1.00000000000000000e0
8.00000000000000000e0,6.96577363460164634e-1,5.54312736253142688e-2,9.92896992718371174e-1
5.35826600424479693e0,1.23045132895640563e-1,1.33144496914615837e-5,9.99997515143560167e-1
7.66903241339605302e0,1.86975663114026247e-1,2.60193348962467733e-6,9.99999660721680006e-1
1.25000000000000000e0,8.51562500000000000e-1,8.18032692241104642e-1,2.55855463770926828e-1
8.00000000000000000e0,8.55468749999999889e-1,2.86835695327832874e-1,9.58624887289310390e-1
2.03807378129567951e0,8.59375000000000111e-1,7.34276312299879663e-1,5.21904833088915887e-1
4.36269923410145566e0,9.96093749999999889e-1,9.83069788856045346e-1,3.92627997198315815e-1
1.25000000000000000e0,1.00000000000000003e-300,0.00000000000000000e0,1.00000000000000000e0
8.00000000000000000e0,7.76616308030497748e-3,1.32328091165446273e-17,1.00000000000000000e0
7.18185695254942402e0,1.02171899929999199e-1,7.67644823133097181e-8,9.99999989311331938e-1
3.41488733311416581e0,9.52353772436254076e-1,8.46444729709013299e-1,5.77709463098664999e-1
1.25000000000000000e0,8.82812500000000000e-1,8.55727703777909965e-1,2.12493845114175683e-1
8.00000000000000000e0,8.86718749999999889e-1,3.82196877893831777e-1,9.41577912602358680e-1
3.63202309806365520e0,8.90625000000000111e-1,6.56584533599333886e-1,7.45071425947312238e-1
4.54412476444849744e0,9.96093749999999889e-1,9.82371977202455171e-1,4.11198841995898901e-1
1.25000000000000000e0,1.00000000000000003e-300,0.00000000000000000e0,1.00000000000000000e0
8.00000000000000000e0,8.72062254602496978e-1,3.34487517222754271e-1,9.50373954485436045e-1
4.83405444939853624e0,5.08764173937379383e-1,3.81315874457632889e-2,9.91989807720633721e-1
1.33599925535963848e0,6.51303893109798082e-1,5.63916922303802637e-1,5.37299383459158841e-1
1.25000000000000000e0,9.14062500000000000e-1,8.93757841414010157e-1,1.66355632067869658e-1
8.00000000000000000e0,9.17968749999999889e-1,5.04223607975710308e-1,9.16032179418988290e-1
7.58184399700257927e0,9.21875000000000111e-1,5.39695629085223283e-1,9.02729548857637676e-1
6.66377811407437548e0,9.96093749999999889e-1,9.74255824207092003e-1,5.77428891949076428e-1
1.25000000000000000e0,1.00000000000000003e-300,0.00000000000000000e0,1.00000000000000000e0
8.00000000000000000e0,8.99329095136636170e-2,4.27906764135826864e-9,9.99999999465116529e-1
5.83120383234927431e0,6.91353561064715905e-1,1.16214205170171753e-1,9.79036733473803267e-1
7.55761192541103810e0,5.73929144593421370e-3,1.15430507180458243e-17,1.00000000000000000e0
1.25000000000000000e0,9.45312500000000000e-1,9.32114471907599662e-1,1.16257709063166029e-1
8.00000000000000000e0,9.49218749999999889e-1,6.59068365153074431e-1,8.74144868818993337e-1
7.95669490617001429e0,9.53125000000000111e-1,6.82498663784863790e-1,8.65723526428573531e-1
5.55854359205113724e0,9.96093749999999889e-1,9.78479365760813180e-1,5.01274053298749744e-1
1.25000000000000000e0,1.00000000000000003e-300,0.00000000000000000e0,1.00000000000000000e0
8.00000000000000000e0,4.86451154533824592e-1,3.13555128015611173e-3,9.99607517363817366e-1
3.90692846360616386e0,4.18611840577796102e-1,3.33000294306521338e-2,9.91368990885947765e-1
4.09906390996184200e0,2.39158389413205441e-1,2.83917817829147960e-3,9.99306614750073652e-1
1.25000000000000000e0,9.76562500000000000e-1,9.70789463826966181e-1,5.92149849150451005e-2
8.00000000000000000e0,9.80468749999999889e-1,8.54023948555068357e-1,7.86203913912597696e-1
7.63102323072962463e0,9.84375000000000111e-1,8.86764283404049003e-1,7.51675129696862232e-1
6.45784794993232936e0,9.96093749999999889e-1,9.75041381123248785e-1,5.64688632049913708e-1
1.25000000000000000e0,1.00000000000000003e-300,0.00000000000000000e0,1.00000000000000000e0
8.00000000000000000e0,8.26752683406084543e-1,2.18275456655723343e-1,9.69687323985072513e-1
3.14803203486371785e0,2.23764733777898073e-1,8.97683528887980274e-3,9.97139651955957551e-1
5.05096649139886722e0,5.53599468935317418e-1,5.04533384317493797e-2,9.89802704941930345e-1
1.25000000000000000e0,1.17187500000000000e-2,3.85568558482175545e-3,9.96914260389102580e-1
8.00000000000000000e0,1.56249999999999983e-2,3.55271367880049777e-15,9.99999999999999556e-1
4.78606387536274269e0,1.95312500000000035e-2,6.59667041911689033e-9,9.99999998621691977e-1
6.81082681921543553e0,9.96093749999999889e-1,9.73695268348791720e-1,5.86167036679975051e-1
1.25000000000000000e0,1.00000000000000003e-300,0.00000000000000000e0,1.00000000000000000e0
8.00000000000000000e0,3.47931271990091773e-1,2.14757192774702767e-4,9.99973152828341427e-1
2.71776768751442432e0,4.84690056418912718e-1,1.39689744147607431e-1,9.46142186352124548e-1
5.26162153435871005e0,3.56960184731178742e-1,4.42644006612500588e-3,9.99157218727079188e-1
1.25000000000000000e0,4.29687500000000000e-2,1.95632452687662037e-2,9.84318543936863688e-1
8.00000000000000000e0,4.68749999999999931e-2,2.33093544466100607e-11,9.99999999997086331e-1
5.51563022437039763e0,5.07812500000000069e-2,7.26337525298187520e-8,9.99999986831286436e-1
1.84222098026657477e0,9.96093749999999889e-1,9.92815664172199130e-1,6.86115551063899848e-2
1.25000000000000000e0,1.00000000000000003e-300,0.00000000000000000e0,1.00000000000000000e0
8.00000000000000000e0,7.43352333770417317e-1,9.32304271342618562e-2,9.87841158987692425e-1
3.96475649811327457e0,3.33210661501652794e-1,1.28143509160137132e-2,9.96752333029049087e-1
5.05805452784989029e0,4.32394923273022869e-1,1.43967396434578412e-2,9.97137118559128788e-1
1.25000000000000000e0,7.42187500000000000e-2,3.87384325865888987e-2,9.68887299722155260e-1
8.00000000000000000e0,7.81249999999999861e-2,1.38777878078144361e-9,9.99999999826527652e-1
6.14928020536899567e0,8.20312500000000139e-2,2.09775414450334123e-7,9.99999965886180786e-1
6.64428510505240411e0,9.96093749999999889e-1,9.74330156599604202e-1,5.76248481396348766e-1
1.25000000000000000e0,1.00000000000000003e-300,0.00000000000000000e0,1.00000000000000000e0
8.00000000000000000e0,8.04078066694273730e-1,1.74737342400400980e-1,9.76279172269337914e-1
3.25255872757406905e0,9.85394864442241669e-1,9.53272594541740514e-1,3.89905601174673155e-1
3.97167563083348796e0,9.88638528938281524e-1,9.55632003151855702e-1,4.56410176159350145e-1
1.25000000000000000e0,1.05468750000000000e-1,6.01041899782998046e-2,9.51620459945685560e-1
8.00000000000000000e0,1.09374999999999986e-1,2.04806873682627867e-8,9.99999997439914079e-1
2.50659167574485764e0,1.13281250000000014e-1,4.25755628359084613e-3,9.98299277737769275e-1
2.13525506650330499e0,9.96093749999999889e-1,9.91677650740146910e-1,1.06167766541402517e-1
1.25000000000000000e0,1.00000000000000003e-300,0.00000000000000000e0,1.00000000000000000e0
8.00000000000000000e0,4.54982488149653364e-1,1.83635842207726242e-3,9.99770270567442054e-1
3.27079243632033467e0,7.18918517218298803e-1,3.39804361073421157e-1,8.80779873966112903e-1
5.25253301998600364e0,6.76951996151728963e-1,1.28824846599602055e-1,9.74085372632349289e-1
1.25000000000000000e0,1.36718750000000000e-1,8.31352292660376552e-2,9.32919624286440929e-1
8.00000000000000000e0,1.40624999999999972e-1,1.52932674524208540e-7,9.99999980883414352e-1
7.61224096833029762e0,1.44531250000000028e-1,4.03112703978492645e-7,9.99999947044138970e-1
6.46772875689202920e0,9.96093749999999889e-1,9.75003674580484980e-1,5.65313785895184773e-1
1.25000000000000000e0,1.00000000000000003e-300,0.00000000000000000e0,1.00000000000000000e0
8.00000000000000000e0,8.57598311713445582e-1,2.92597990463479340e-1,9.57653248400847090e-1
7.10972488019615412e0,5.96266778252356744e-1,2.53188827424784130e-2,9.96399477360811914e-1
5.27982611180050299e0,7.82994303826853866e-1,2.74829846980872816e-1,9.40951624347532434e-1
1.25000000000000000e0,1.67968750000000000e-1,1.07531477429036751e-1,9.13007459755849515e-1
8.00000000000000000e0,1.71874999999999972e-1,7.61555728701067849e-7,9.99999904805502160e-1
4.59929728001588956e0,1.75781250000000028e-1,3.36824982438347796e-4,9.99926756336277478e-1
7.03222574217943475e0,9.96093749999999889e-1,9.72851894633405045e-1,5.98789068175844097e-1
1.25000000000000000e0,1.00000000000000003e-300,0.00000000000000000e0,1.00000000000000000e0
8.00000000000000000e0,1.51016081631496490e-1,2.70511405310935597e-7,9.99999966186070344e-1
1.38510867045260966e0,1.41674085311933595e-1,6.67490360773696084e-2,9.51349136890588976e-1
5.98431660607457161e0,6.11893985906135640e-1,5.28935540774290031e-2,9.90960073025793919e-1
1.25000000000000000e0,1.99218750000000000e-1,1.33095313483372280e-1,8.92025111897662315e-1
8.00000000000000000e0,2.03124999999999972e-1,2.89805769071449165e-6,9.99999637742329361e-1
1.77864695625612512e0,2.07031250000000028e-1,6.07392385273542029e-2,9.65383132835444524e-1
1.49184974149102345e0,9.96093749999999889e-1,9.94178063846449689e-1,3.17617959647746792e-2
1.25000000000000000e0,1.00000000000000003e-300,0.00000000000000000e0,1.00000000000000000e0
8.00000000000000000e0,3.08683614503024728e-2,8.24344254826682712e-13,9.99999999999896971e-1
4.44569388049421832e0,3.56031858641472354e-1,1.01404394510976326e-2,9.97710024618376989e-1
1.64666846301406622e0,3.35494527048467717e-1,1.65562193749226677e-1,8.95908378703917485e-1
1.25000000000000000e0,2.30468750000000000e-1,1.59685343892662229e-1,8.70068710082355756e-1
8.00000000000000000e0,2.34374999999999972e-1,9.10521658070705661e-6,9.99998861843393483e-1
7.16928223386639729e0,2.38281250000000028e-1,3.42122368157761603e-5,9.99995227870891679e-1
1.99584638542728499e0,9.96093749999999889e-1,9.92218888991012293e-1,8.77659984729136089e-2
1.25000000000000000e0,1.00000000000000003e-300,0.00000000000000000e0,1.00000000000000000e0
8.00000000000000000e0,7.60180987367675698e-1,1.11515703187386017e-1,9.85328896793218889e-1
2.90521844418253750e0,1.14603873325904715e-1,1.84828288633675153e-3,9.99363419926102003e-1
3.10207513737259433e0,2.43353201040008571e-2,9.86247956533225408e-6,9.99996820672586884e-1
1.25000000000000000e0,2.61718750000000000e-1,1.87194699240832485e-1,8.47206388110529840e-1
8.00000000000000000e0,2.65624999999999944e-1,2.47828688806350377e-5,9.99996902107800900e-1
5.82189887942513451e0,2.69531250000000056e-1,4.84243617592936134e-4,9.99916807082456893e-1
3.88888820866122842e0,9.96093749999999889e-1,9.84894532723612381e-1,3.40233658143795414e-1
1.25000000000000000e0,1.00000000000000003e-300,0.00000000000000000e0,1.00000000000000000e0
8.00000000000000000e0,7.66491486688209989e-1,1.19140298690566332e-1,9.84267947737710647e-1
7.55741905310424045e0,8.30421920427397708e-1,2.45531517720165127e-1,9.63406191806876477e-1
1.34765989606967196e0,4.54137872839055490e-1,3.45148221811770073e-1,7.30420837313518700e-1
1.25000000000000000e0,2.92968750000000000e-1,2.15539376688186901e-1,8.23487324970179846e-1
8.00000000000000000e0,2.96874999999999944e-1,6.03377367305312447e-5,9.99992457583803507e-1
5.61961260205134749e0,3.00781250000000056e-1,1.16942236396258060e-3,9.99791803288894054e-1
5.44224548392230645e0,9.96093749999999889e-1,9.78924850484608422e-1,4.92035845386354032e-1
1.25000000000000000e0,1.00000000000000003e-300,0.00000000000000000e0,1.00000000000000000e0
8.00000000000000000e0,7.10720343945467903e-1,6.51013472632535756e-2,9.91620660474606286e-1
6.14829167723655701e0,6.05248917599965353e-1,4.56317115905755313e-2,9.92432258247381793e-1
5.27430431515676901e0,5.99151166275078140e-1,6.70902364010731722e-2,9.86919299316269871e-1
1.25000000000000000e0,3.24218750000000000e-1,2.44651373809827793e-1,7.98946971652454874e-1
8.00000000000000000e0,3.28124999999999944e-1,1.34373789823172084e-4,9.99983202288734385e-1
6.79029665968846530e0,3.32031250000000056e-1,5.60612909483509817e-4,9.99917419372809868e-1
6.84001277945935726e0,9.96093749999999889e-1,9.73584048604726915e-1,5.87867056709815872e-1
1.25000000000000000e0,1.00000000000000003e-300,0.00000000000000000e0,1.00000000000000000e0
8.00000000000000000e0,1.77748386358871358e-1,9.96426649712038451e-7,9.99999875446614506e-1
5.46677792101399973e0,1.95246882040009950e-1,1.32367345783405911e-4,9.99975785644429238e-1
4.16546195588307455e0,3.31068847426649882e-1,1.00054819598355167e-2,9.97588804053384348e-1
1.25000000000000000e0,3.55468750000000000e-1,2.74474361683864410e-1,7.73610242590344388e-1
8.00000000000000000e0,3.59374999999999944e-1,2.78216508608153065e-4,9.99965218702633218e-1
1.73795056948438287e0,3.63281250000000056e-1,1.72077481949030858e-1,8.97040520525794416e-1
5.16337419050978497e0,9.96093749999999889e-1,9.79993904985893338e-1,4.68795075846356601e-1
1.25000000000000000e0,1.00000000000000003e-300,0.00000000000000000e0,1.00000000000000000e0
8.00000000000000000e0,8.13644270001532277e-1,1.92077530090111137e-1,9.73691123527479774e-1
6.21201919537270442e0,9.50132665216187888e-1,7.27771978387579344e-1,8.11029167834390941e-1
6.59294642065651715e0,6.78503124918279354e-1,7.75229671641171902e-2,9.87835332911799702e-1
1.25000000000000000e0,3.86718750000000000e-1,3.04960812897910660e-1,7.47493521570730124e-1
8.00000000000000000e0,3.90624999999999944e-1,5.42101086242751566e-4,9.99932221287560541e-1
7.24200590618420392e0,3.94531250000000056e-1,1.18800747848063926e-3,9.99835871969606882e-1
6.14223287196364254e0,9.96093749999999889e-1,9.76246579968331973e-1,5.43946832700855754e-1
1.25000000000000000e0,1.00000000000000003e-300,0.00000000000000000e0,1.00000000000000000e0
8.00000000000000000e0,7.42979434016888263e-2,9.28569339969627155e-10,9.99999999883928847e-1
7.06414919794769958e0,4.29121577044497826e-1,2.53800684991494071e-3,9.99640328092522568e-1
6.69883305463008583e0,7.06844779201674100e-1,9.78694159380290862e-2,9.84742380273861628e-1
1.25000000000000000e0,4.17968750000000000e-1,3.36070015076740558e-1,7.20605921267824079e-1
8.00000000000000000e0,4.21874999999999944e-1,1.00339127755333271e-3,9.99874520996702376e-1
7.57040937221609056e0,4.25781250000000056e-1,1.55879947649891350e-3,9.99793953686190395e-1
4.34595279506174847e0,9.96093749999999889e-1,9.83134225172447751e-1,3.90873001871994918e-1
1.25000000000000000e0,1.00000000000000003e-300,0.00000000000000000e0,1.00000000000000000e0
8.00000000000000000e0,9.62159263867761183e-1,7.34472814354597103e-1,8.47253992522779997e-1
5.16141570120817050e0,8.51719855054398067e-1,4.36749746993671806e-1,8.94745594461536897e-1
3.26391943497583270e0,1.05928313328149670e-1,6.57230795178022462e-4,9.99798591641355983e-1
1.25000000000000000e0,4.49218750000000000e-1,3.67766650021031316e-1,6.92950034510295021e-1
8.00000000000000000e0,4.53124999999999944e-1,1.77723227409742716e-3,9.99777673040172954e-1
7.46338356373598799e0,4.57031250000000056e-1,2.89764910409706384e-3,9.99611263265968497e-1
6.66961511061526835e0,9.96093749999999889e-1,9.74233567180955773e-1,5.77781335898339576e-1
1.25000000000000000e0,1.00000000000000003e-300,0.00000000000000000e0,1.00000000000000000e0
8.00000000000000000e0,6.35720100631260721e-1,2.66764200794392878e-2,9.96625868584994801e-1
7.80019132466986775e0,3.03929110350509291e-1,9.23687299967318259e-5,9.99988157668773914e-1
3.03773060953244567e0,3.32936316408449784e-2,3.24587130763525294e-5,9.99989314698824461e-1
1.25000000000000000e0,4.80468750000000000e-1,4.00019748683586640e-1,6.64522307509566978e-1
8.00000000000000000e0,4.84374999999999944e-1,3.03007765524298828e-3,9.99620737233926304e-1
6.26817478402517736e0,4.88281250000000056e-1,1.11822563331389156e-2,9.98207585605931813e-1
1.56141116796061397e0,9.96093749999999889e-1,9.93907429328770853e-1,3.81314861847542041e-2
1.25000000000000000e0,1.00000000000000003e-300,0.00000000000000000e0,1.00000000000000000e0
8.00000000000000000e0,1.01801874375269108e-1,1.15357595319095453e-8,9.99999998558030012e-1
6.54877284588292241e0,7.51544878085042001e-1,1.54048312116260966e-1,9.74777824492515044e-1
1.89311055286088958e0,8.95066744128598657e-1,8.10694058542386742e-1,4.15121879635770019e-1
1.25000000000000000e0,5.11718750000000000e-1,4.32801904260070591e-1,6.35313101199220798e-1
8.00000000000000000e0,5.15624999999999889e-1,4.99656713600770373e-3,9.99374059518163604e-1
3.62625421024858952e0,5.19531250000000111e-1,9.30541275172777210e-2,9.73424686271680328e-1
1.59423934592632577e0,9.96093749999999889e-1,9.93779734160177841e-1,4.13188436462279263e-2
1.25000000000000000e0,1.00000000000000003e-300,0.00000000000000000e0,1.00000000000000000e0
8.00000000000000000e0,5.59146289947420883e-1,9.55440355470987129e-3,9.98800677300826889e-1
7.97433084010845050e0,6.87984131991470349e-2,5.37608043548991869e-10,9.99999999932582706e-1
3.01913250802317634e0,6.04352110522086150e-1,2.18617870316337948e-1,9.21539883909044732e-1
1.25000000000000000e0,5.42968750000000000e-1,4.66088667576894877e-1,6.05306463256161997e-1
8.00000000000000000e0,5.46874999999999889e-1,8.00026850322764667e-3,9.98996448599123621e-1
6.48772854154231027e0,5.50781250000000111e-1,2.08709886243074252e-2,9.96754238692179384e-1
4.58195605379296467e0,9.96093749999999889e-1,9.82226530256617547e-1,4.14970606726238533e-1
1.25000000000000000e0,1.00000000000000003e-300,0.00000000000000000e0,1.00000000000000000e0
8.00000000000000000e0,9.28260158002558455e-1,5.51261526617790154e-1,9.04688694717517561e-1
5.73123713803943247e0,7.25523932110263559e-1,1.58987174895753897e-1,9.70240458636064562e-1
4.23639277840266004e0,6.60823053299282037e-1,1.72906045445137213e-1,9.56178185880485754e-1
1.25000000000000000e0,5.74218750000000000e-1,4.99858074363655092e-1,5.74479597592842728e-1
8.00000000000000000e0,5.78124999999999889e-1,1.24788338024508314e-2,9.98431562746281975e-1
2.83524987724376842e0,5.82031250000000111e-1,2.15557945039135390e-1,9.17933763455342944e-1
6.31081768759759143e0,9.96093749999999889e-1,9.75602641515763369e-1,5.55215333212998652e-1
1.25000000000000000e0,1.00000000000000003e-300,0.00000000000000000e0,1.00000000000000000e0
8.00000000000000000e0,3.56328936181853351e-1,2.59901466554270089e-4,9.99967508622007006e-1
5.41233538853703067e0,1.40554901104223973e-1,2.44262454244907476e-5,9.99995486885627560e-1
6.77489063784014434e0,2.10541210717565264e-1,2.60425173597982405e-5,9.99996155981282997e-1
1.25000000000000000e0,6.05468750000000000e-1,5.34090269954182406e-1,5.42801981357186825e-1
8.00000000000000000e0,6.09374999999999889e-1,1.90141565087777742e-2,9.97603220596890883e-1
3.00945745740318671e0,6.13281250000000111e-1,2.29599459750184531e-1,9.16975066507749847e-1
3.32337739237118512e0,9.96093749999999889e-1,9.87076865646318025e-1,2.70217211705961247e-1
1.25000000000000000e0,1.00000000000000003e-300,0.00000000000000000e0,1.00000000000000000e0
8.00000000000000000e0,3.08340291653621534e-1,8.17037953113785355e-5,9.99989786660500424e-1
4.36848514084704220e0,4.90040054069140751e-1,4.43385265111938126e-2,9.89672177448486790e-1
6.33364675275515765e0,3.80603449807495053e-1,2.20222864885198091e-3,9.99651974045091984e-1
1.25000000000000000e0,6.36718750000000000e-1,5.68767207294443744e-1,5.10234033184334024e-1
8.00000000000000000e0,6.40624999999999889e-1,2.83681530856973625e-2,9.96409174415853194e-1
6.99445229425327852e0,6.44531250000000111e-1,4.63197397468016331e-2,9.93242302678793654e-1
4.66860337380785495e0,9.96093749999999889e-1,9.81893485342412387e-1,4.23480840053330421e-1
1.25000000000000000e0,1.00000000000000003e-300,0.00000000000000000e0,1.00000000000000000e0
8.00000000000000000e0,4.75300263701683434e-1,2.60462042540618314e-3,9.99674050839139738e-1
4.34950224554631859e0,6.28349307216922170e-1,1.32518163270622963e-1,9.67843999959197343e-1
6.58096634928369895e0,9.91477402203599922e-2,2.48068154371026951e-7,9.99999962305204493e-1
1.25000000000000000e0,6.67968750000000000e-1,6.03872401009984405e-1,4.76725168901523000e-1
8.00000000000000000e0,6.71874999999999889e-1,4.15248290067928294e-2,9.94712575292542756e-1
4.55584979074774310e0,6.75781250000000111e-1,1.67734473022725677e-1,9.60500613171448414e-1
6.63169557554647326e0,9.96093749999999889e-1,9.74378167073679413e-1,5.75483321722273344e-1
1.25000000000000000e0,1.00000000000000003e-300,0.00000000000000000e0,1.00000000000000000e0
8.00000000000000000e0,3.19666249788497225e-1,1.09037099096226511e-4,9.99986369712384082e-1
4.29706576233729720e0,3.85970140678182361e-1,1.67260771212942201e-2,9.96082332418093186e-1
4.76936471025692299e0,9.20508048648116528e-1,6.73650223410135474e-1,7.90739142062235612e-1
1.25000000000000000e0,6.99218750000000000e-1,6.39390724967884405e-1,4.42210972272928160e-1
8.00000000000000000e0,7.03124999999999889e-1,5.97393259860189776e-2,9.92329801091215824e-1
2.47981659811921418e0,7.07031250000000111e-1,4.23287423319472389e-1,8.00950250831203414e-1
4.03077777329599485e0,9.96093749999999889e-1,9.84347731789995239e-1,3.56525610942363347e-1
1.25000000000000000e0,1.00000000000000003e-300,0.00000000000000000e0,1.00000000000000000e0
8.00000000000000000e0,1.26487509751314064e-1,6.55210938482557334e-8,9.99999991809862987e-1
4.29590661899419501e0,3.00329588826571126e-1,5.69915295003778008e-3,9.98670442530132596e-1
1.64771911833668128e0,1.89208163924377004e-1,6.43576240247592385e-2,9.60431954263210041e-1
1.25000000000000000e0,7.30468750000000000e-1,6.75308244025013549e-1,4.06609020885959349e-1
8.00000000000000000e0,7.34374999999999889e-1,8.45946838330781103e-2,9.89012268074128342e-1
5.39804270712193102e0,7.38281250000000111e-1,1.94381915868820698e-1,9.60749609444900177e-1
5.61190019291825593e0,9.96093749999999889e-1,9.78275048936547487e-1,5.05426600624248157e-1
1.25000000000000000e0,1.00000000000000003e-300,0.00000000000000000e0,1.00000000000000000e0
8.00000000000000000e0,3.09260116441691935e-1,8.36741521694201704e-5,9.99989540348071748e-1
3.90291638078633696e0,4.73911965846127714e-1,5.42344376041745332e-2,9.85814677377380377e-1
3.43852605239953846e0,7.27093960131242056e-1,3.34253109172680751e-1,8.88411890559427708e-1
1.25000000000000000e0,7.61718750000000000e-1,7.11612072962624520e-1,3.69812562680657431e-1
8.00000000000000000e0,7.65624999999999889e-1,1.18067087021248657e-1,9.84417768023092665e-1
3.42453231732361019e0,7.69531250000000111e-1,4.07735150681922176e-1,8.58167831580149199e-1
3.76828887348528951e0,9.96093749999999889e-1,9.85359526125835772e-1,3.25978454336909973e-1
1.25000000000000000e0,1.00000000000000003e-300,0.00000000000000000e0,1.00000000000000000e0
8.00000000000000000e0,1.37797439583664527e-1,1.29995759017904682e-7,9.99999983750529231e-1
3.29789293557405472e0,8.01990533996104205e-1,4.83014781063666965e-1,8.18690434906420128e-1
5.76539340708404779e0,4.23030706588178873e-2,1.20363155933397343e-8,9.99999997912316640e-1
1.25000000000000000e0,7.92968750000000000e-1,7.48290257271211123e-1,3.31680561994058543e-1
8.00000000000000000e0,7.96874999999999889e-1,1.62600402725846582e-1,9.78062467497596622e-1
2.56719912053085864e0,8.00781250000000111e-1,5.65328601323195512e-1,7.22858064902426545e-1
3.65601193835027516e0,9.96093749999999889e-1,9.85792628281491057e-1,3.12371721638015021e-1
1.25000000000000000e0,1.00000000000000003e-300,0.00000000000000000e0,1.00000000000000000e0
8.00000000000000000e0,1.55104180307716888e-1,3.34956201790015361e-7,9.99999958130468602e-1
6.05022037692833692e0,5.21703755007365544e-1,1.95142875651568813e-2,9.96748028516432294e-1
7.07513893541181460e0,9.69558009346656036e-1,8.03540475851501457e-1,7.94531704902074254e-1
1.25000000000000000e0,8.24218750000000000e-1,7.85331671667452991e-1,2.92021198800538229e-1
8.00000000000000000e0,8.28124999999999889e-1,2.21190853762326389e-1,9.69234535486305115e-1
4.73547509574564174e0,8.32031250000000111e-1,4.18623153774693280e-1,8.91784778987750437e-1
6.09515133575769141e0,9.96093749999999889e-1,9.76426491837271149e-1,5.40719519396342441e-1
1.25000000000000000e0,1.00000000000000003e-300,0.00000000000000000e0,1.00000000000000000e0
8.00000000000000000e0,7.06415562267466157e-1,6.20129033922657003e-2,9.92029548056061028e-1
2.72285710368305445e0,4.79050958620064193e-2,2.55192540025059994e-4,9.99906270091979077e-1
7.16650728223612532e0,3.73950367234101577e-1,8.68096814406014148e-4,9.99878822252802224e-1
1.25000000000000000e0,8.55468750000000000e-1,8.22725933129023645e-1,2.50562553556451018e-1
8.00000000000000000e0,8.59374999999999889e-1,2.97482706523854668e-1,9.56824148173442190e-1
1.84625157661503181e0,8.63281250000000111e-1,7.62291537761541460e-1,4.59242499478065780e-1
3.97822559153428301e0,9.96093749999999889e-1,9.84550217141467288e-1,3.50551966906991641e-1
1.25000000000000000e0,1.00000000000000003e-300,0.00000000000000000e0,1.00000000000000000e0
8.00000000000000000e0,9.39228818647279695e-1,6.05579656919727038e-1,8.90215011284006152e-1
3.35750296793412417e0,5.89939887672699115e-1,1.70014662585670717e-1,9.46010381178621462e-1
6.75309117947472259e0,6.86313770706874493e-1,7.87087427017987146e-2,9.87933900798618758e-1
1.25000000000000000e0,8.86718750000000000e-1,8.60463325912574573e-1,2.06895332752845940e-1
8.00000000000000000e0,8.90624999999999889e-1,3.95875890689015686e-1,9.38946334752429834e-1
1.70403511147014797e0,8.94531250000000111e-1,8.27021997878356840e-1,3.57125417953274571e-1
1.97692459262907505e0,9.96093749999999889e-1,9.92292373450565313e-1,8.53351593181132240e-2
1.25000000000000000e0,1.00000000000000003e-300,0.00000000000000000e0,1.00000000000000000e0
8.00000000000000000e0,5.26474860075722972e-1,5.90229759180120259e-3,9.99260300588250550e-1
3.92379314877325669e0,5.17685311760942568e-1,7.55185275571775838e-2,9.80187080739701955e-1
7.59993135457625613e0,3.34051454983637086e-1,2.40444187278571344e-4,9.99968359017604946e-1
1.25000000000000000e0,9.17968750000000000e-1,8.98534736537033307e-1,1.60344441735066956e-1
8.00000000000000000e0,9.21874999999999889e-1,5.21646504141134115e-1,9.11944942231428746e-1
3.87189277680590749e0,9.25781250000000111e-1,7.41863563218633226e-1,7.04851083625000596e-1
1.39238112710881978e0,9.96093749999999889e-1,9.94565182799740155e-1,2.36277866943823828e-2
1.25000000000000000e0,1.00000000000000003e-300,0.00000000000000000e0,1.00000000000000000e0
8.00000000000000000e0,9.79358473191496159e-1,8.46317810887045829e-1,7.91275906758662995e-1
4.21175374864833429e0,4.02021452796361700e-1,2.15374957764563439e-2,9.94843803078816369e-1
4.92273068556096405e0,6.22938031360718014e-1,9.72987668450047416e-2,9.79420629103100571e-1
1.25000000000000000e0,9.49218750000000000e-1,9.36931597111686498e-1,1.09609820522388726e-1
8.00000000000000000e0,9.53124999999999889e-1,6.81081193211528602e-1,8.66882061867334075e-1
6.62045473459875211e0,9.57031250000000111e-1,7.47691140355132733e-1,8.12201304608102914e-1
4.85984000092139468e0,9.96093749999999889e-1,9.81158831789229913e-1,4.41643893772898311e-1
1.25000000000000000e0,1.00000000000000003e-300,0.00000000000000000e0,1.00000000000000000e0
8.00000000000000000e0,9.73898574602571898e-1,8.09300561309227895e-1,8.12912266351349277e-1
6.38391227170359343e0,8.68235885668582341e-1,4.05759469748503410e-1,9.21706395098484177e-1
7.21809457283234224e0,5.94034724585981166e-1,2.32998119858416203e-2,9.96739155358192686e-1
1.25000000000000000e0,9.80468750000000000e-1,9.75645835697024788e-1,5.11986589133527348e-2
8.00000000000000000e0,9.84374999999999889e-1,8.81626435029832511e-1,7.65873144018787477e-1
5.70541391981532797e0,9.88281250000000111e-1,9.34956600980945907e-1,6.19423406729586179e-1
4.46546514879446477e0,9.96093749999999889e-1,9.82674462513190239e-1,4.03245964876671303e-1
1.25000000000000000e0,1.00000000000000003e-300,0.00000000000000000e0,1.00000000000000000e0
8.00000000000000000e0,7.74966448807390407e-1,1.30095778849727423e-1,9.82729356744205584e-1
4.53209700109437108e0,8.88396386908425484e-1,5.84899106774542599e-1,8.23656658653329266e-1
5.92356972361449152e0,1.83649676350796653e-1,4.36711309356160101e-5,9.99992627431498748e-1
1.25000000000000000e0,1.56250000000000000e-2,5.52427172801990204e-3,9.95578135800088027e-1
8.00000000000000000e0,1.95312499999999965e-2,2.11758236813574769e-14,9.99999999999997335e-1
3.26025716983713210e0,2.34375000000000035e-2,4.84720714529348836e-6,9.99998513241429410e-1
4.32058328401762992e0,9.96093749999999889e-1,9.83231849065750785e-1,3.88201029813965814e-1
1.25000000000000000e0,1.00000000000000003e-300,0.00000000000000000e0,1.00000000000000000e0
8.00000000000000000e0,5.23862916784310073e-1,5.67206571127395684e-3,9.99289226099053352e-1
5.67928809655131772e0,8.01753823907347396e-1,2.85115888962706676e-1,9.42614344609905008e-1
1.44804892828688025e0,3.01702491060495959e-2,6.28573184724173176e-3,9.95654938775566989e-1
1.25000000000000000e0,4.68750000000000000e-2,2.18110513852054592e-2,9.82512765063412563e-1
8.00000000000000000e0,5.07812499999999931e-2,4.42208509935682930e-11,9.99999999994472422e-1
6.47759163653245196e0,5.46875000000000069e-2,6.67658404431622835e-9,9.99999998969279824e-1
4.25580457778414711e0,9.96093749999999889e-1,9.83481166652134808e-1,3.81305367726697153e-1
1.25000000000000000e0,1.00000000000000003e-300,0.00000000000000000e0,1.00000000000000000e0
8.00000000000000000e0,3.35444034567444760e-1,1.60309988654188165e-4,9.99979959845847310e-1
1.73419827170437202e0,1.56307616366575530e-1,4.00130588046455557e-2,9.76727824720323268e-1
6.92780909495195374e0,5.89937501204076398e-1,2.58337678299537417e-2,9.96229119385547035e-1
1.25000000000000000e0,7.81250000000000000e-2,4.13035649781470365e-2,9.66818361818216454e-1
8.00000000000000000e0,8.20312499999999861e-2,2.05038131444049201e-9,9.99999999743702350e-1
1.51477424247423187e0,8.59375000000000139e-2,2.42955888941056020e-2,9.83893975363943518e-1
6.73063526093028486e0,9.96093749999999889e-1,9.74000921950879506e-1,5.81437918118895114e-1
1.25000000000000000e0,1.00000000000000003e-300,0.00000000000000000e0,1.00000000000000000e0
8.00000000000000000e0,5.52140288091322873e-1,8.63764796748718415e-3,9.98916191661798902e-1
2.40465018828399479e0,3.24168363895296352e-1,6.66153786984015062e-2,9.71738458481153367e-1
7.67052116198465228e0,4.78167349479008408e-1,3.48506578600300994e-3,9.99544964632610999e-1
1.25000000000000000e0,1.09375000000000000e-1,6.28995563927282897e-2,9.49355596166257643e-1
8.00000000000000000e0,1.13281249999999986e-1,2.71184123855198237e-8,9.99999996610198449e-1
5.41027054388541728e0,1.17187500000000014e-1,9.17056022302439216e-6,9.99998304965634133e-1
3.92924747947836295e0,9.96093749999999889e-1,9.84738968979547380e-1,3.44920560988594693e-1
1.25000000000000000e0,1.00000000000000003e-300,0.00000000000000000e0,1.00000000000000000e0
8.00000000000000000e0,3.77162777804187499e-1,4.09478030020770279e-4,9.99948806074323460e-1
2.52931661566253752e0,7.56470016831372050e-1,4.93657661192936748e-1,7.64096094026149864e-1
3.29301100451266393e0,9.09805660849087872e-1,7.32516484248335376e-1,6.70016215232920431e-1
1.25000000000000000e0,1.40625000000000000e-1,8.61148737697211009e-2,9.30493379133953469e-1
8.00000000000000000e0,1.44531249999999972e-1,1.90411892737592032e-7,9.99999976198511442e-1
7.20002680533798411e0,1.48437500000000028e-1,1.08415640114860183e-6,9.99999849423212406e-1
7.71545280917780474e0,9.96093749999999889e-1,9.70253884132969313e-1,6.34075926193149231e-1
1.25000000000000000e0,1.00000000000000003e-300,0.00000000000000000e0,1.00000000000000000e0
8.00000000000000000e0,1.60710095524336793e-1,4.44984899860050403e-7,9.99999944376876670e-1
5.97133670357288793e0,2.52716174627494183e-1,2.70969706161315214e-4,9.99954616480550507e-1
4.25100163568276912e0,9.02453963126390590e-1,6.46415620009591740e-1,7.83047500289622000e-1
1.25000000000000000e0,1.71875000000000000e-1,1.10666427132481787e-1,9.10440880236913719e-1
8.00000000000000000e0,1.75781249999999972e-1,9.11549773956588404e-7,9.99999886056232801e-1
2.08088355965446681e0,1.79687500000000028e-1,2.81020811862437506e-2,9.86395125791644900e-1
5.28862781892530620e0,9.96093749999999889e-1,9.79513600223994585e-1,4.79428163046000777e-1
1.25000000000000000e0,1.00000000000000003e-300,0.00000000000000000e0,1.00000000000000000e0
8.00000000000000000e0,7.71410325528449903e-1,1.25395970702269072e-1,9.83391464006819094e-1
7.96431844250764698e0,8.04633170660054020e-1,1.77072806430837143e-1,9.75826880631802118e-1
4.92855832475470379e0,7.47406836580921663e-1,2.38132474732034749e-1,9.46310045462765426e-1
1.25000000000000000e0,2.03125000000000000e-1,1.36365410100290824e-1,8.89332211190383637e-1
8.00000000000000000e0,2.07031249999999972e-1,3.37510458011362288e-6,9.99999578111304466e-1
4.89491939882282168e0,2.10937500000000028e-1,4.91798611358744333e-4,9.99899509097750827e-1
4.27463036112021655e0,9.96093749999999889e-1,9.83408704245467336e-1,3.83320216483718501e-1
1.25000000000000000e0,1.00000000000000003e-300,0.00000000000000000e0,1.00000000000000000e0
8.00000000000000000e0,9.31315864322641573e-1,5.65947319612761901e-1,9.00933644032685610e-1
1.60172168753342703e0,9.73722010712663177e-1,9.58243910852630054e-1,1.37681789191838932e-1
4.05189032474299893e0,9.17559085428365506e-2,6.26191117435978052e-5,9.99984545339708597e-1
1.25000000000000000e0,2.34375000000000000e-1,1.63075645530101981e-1,8.67259298261020328e-1
8.00000000000000000e0,2.38281249999999972e-1,1.03924742616505219e-5,9.99998700934810802e-1
2.16795544768683612e0,2.42187500000000028e-1,4.62240905761456475e-2,9.78406521376381511e-1
4.06573466130066663e0,9.96093749999999889e-1,9.84213064770359414e-1,3.60459870073041366e-1
1.25000000000000000e0,1.00000000000000003e-300,0.00000000000000000e0,1.00000000000000000e0
8.00000000000000000e0,7.57354798565756937e-1,1.08241811394845455e-1,9.85782009995070818e-1
6.89203959191218019e0,5.24453485204503522e-1,1.17006336048542450e-2,9.98293744442768416e-1
6.83765951194800436e0,1.90794620311862673e-2,1.75023598995242000e-12,9.99999999999743983e-1
1.25000000000000000e0,2.65625000000000000e-1,1.90693629247813717e-1,8.44287515293758339e-1
8.00000000000000000e0,2.69531249999999944e-1,2.78530656887526136e-5,9.99996518324361983e-1
5.81441641994751990e0,2.73437500000000056e-1,5.31689817080183689e-4,9.99908536497237321e-1
7.04940725071355700e0,9.96093749999999889e-1,9.72786475758793623e-1,5.99742726434012385e-1
1.25000000000000000e0,1.00000000000000003e-300,0.00000000000000000e0,1.00000000000000000e0
8.00000000000000000e0,4.78823531871057639e-1,2.76314633731647354e-3,9.99654188447484549e-1
4.01146887801587582e0,2.71865511717805930e-1,5.38181972373227326e-3,9.98655673020416024e-1
2.89649463060777634e0,1.30501918729351019e-1,2.74403148916348323e-3,9.99051784783026808e-1
1.25000000000000000e0,2.96875000000000000e-1,2.19137666996119529e-1,8.20464092898713582e-1
8.00000000000000000e0,3.00781249999999944e-1,6.69893985957587267e-5,9.99991626079750784e-1
4.53435375151457265e0,3.04687500000000056e-1,4.56682467233521672e-3,9.98991041460206897e-1
1.50909225665964186e0,9.96093749999999889e-1,9.94110973537960851e-1,3.32904223715726338e-2
1.25000000000000000e0,1.00000000000000003e-300,0.00000000000000000e0,1.00000000000000000e0
8.00000000000000000e0,9.60550972104101675e-2,7.24708452827165851e-9,9.99999999094114411e-1
7.85821683786343783e0,8.50903694845328573e-1,2.81180405635769792e-1,9.58857608119598970e-1
5.99125435447786003e0,2.59044142480888695e-1,3.05754659188627986e-4,9.99948960002452925e-1
1.25000000000000000e0,3.28125000000000000e-1,2.48341414784128550e-1,7.95823020655757829e-1
8.00000000000000000e0,3.32031249999999944e-1,1.47717409614533463e-4,9.99981534130383043e-1
6.44702470063930377e0,3.35937500000000056e-1,8.82626082374607206e-4,9.99863044520718502e-1
3.78609047207282856e0,9.96093749999999889e-1,9.85290874908294367e-1,3.28106194004617435e-1
1.25000000000000000e0,1.00000000000000003e-300,0.00000000000000000e0,1.00000000000000000e0
8.00000000000000000e0,6.89250803902723419e-1,5.09352275303227714e-2,9.93486526568920780e-1
5.15597769949818030e0,3.22646494996661204e-1,2.93094128299749681e-3,9.99430872333087583e-1
5.32948019553441554e0,7.66100559008009441e-1,2.41714860875351267e-1,9.49406743808109965e-1
1.25000000000000000e0,3.59375000000000000e-1,2.78249778662878366e-1,7.70388055410965444e-1
8.00000000000000000e0,3.63281249999999944e-1,3.03349906861102880e-4,9.99962076228280483e-1
2.29772454302292317e0,3.67187500000000056e-1,1.00053485378930510e-1,9.55156431274078788e-1
3.83083141106180847e0,9.96093749999999889e-1,9.85118354220590686e-1,3.33417904621867378e-1
1.25000000000000000e0,1.00000000000000003e-300,0.00000000000000000e0,1.00000000000000000e0
8.00000000000000000e0,8.06572499250250985e-1,1.79121320557864533e-1,9.75629384171040726e-1
4.54683101800037548e0,8.87204520468003466e-1,5.80326972090090543e-1,8.26162631564037131e-1
5.84031283576041460e0,7.12130447491290397e-1,1.37689769997910161e-1,9.74953881632484864e-1
1.25000000000000000e0,3.90625000000000000e-1,3.08816177750818266e-1,7.44174615330396083e-1
8.00000000000000000e0,3.94531249999999944e-1,5.87017796366229696e-4,9.99926603923777635e-1
7.49093583237845451e0,3.98437500000000056e-1,1.01466796818997212e-3,9.99864487651682787e-1
6.79233813297469169e0,9.96093749999999889e-1,9.73765730269177787e-1,5.85084303056334742e-1
1.25000000000000000e0,1.00000000000000003e-300,0.00000000000000000e0,1.00000000000000000e0
8.00000000000000000e0,8.69753901197327650e-1,3.27469670848644479e-1,9.51620927699965202e-1
5.20855861023301259e0,3.35878840337500151e-1,3.40482297066073544e-3,9.99345401212391460e-1
3.08330782409757376e0,3.80276026080537122e-1,5.07359500899485297e-2,9.83254639555006582e-1
1.25000000000000000e0,4.21875000000000000e-1,3.40000642491042560e-1,7.17190965706835715e-1
8.00000000000000000e0,4.25781249999999944e-1,1.08017037246697987e-3,9.99864914852704345e-1
4.53115580976009369e0,4.29687500000000056e-1,2.17649570881081229e-2,9.95155328754417923e-1
7.88656815700232983e0,9.96093749999999889e-1,9.69604295251509596e-1,6.42131284566818561e-1
1.25000000000000000e0,1.00000000000000003e-300,0.00000000000000000e0,1.00000000000000000e0
8.00000000000000000e0,4.43844912606436992e-1,1.50608669027857628e-3,9.99811614999323472e-1
6.36128291062777862e0,5.25637384225774440e-2,7.27651243094038111e-9,9.99999998856125005e-1
7.51382971688872203e0,6.42670303186605452e-1,3.60791480453556274e-2,9.95121477790271047e-1
1.25000000000000000e0,4.53125000000000000e-1,3.71768449267294687e-1,6.89438917458601086e-1
8.00000000000000000e0,4.57031249999999944e-1,1.90356263510270754e-3,9.99761856271600191e-1
3.78806084586540237e0,4.60937500000000056e-1,5.31931352880912478e-2,9.85674021231126574e-1
3.61970233847387135e0,9.96093749999999889e-1,9.85932731315041111e-1,3.07902825921944956e-1
1.25000000000000000e0,1.00000000000000003e-300,0.00000000000000000e0,1.00000000000000000e0
8.00000000000000000e0,7.71456775623846625e-1,1.25456388690539322e-1,9.83382972116819354e-1
2.98820719547802582e0,9.19242340369237354e-1,7.77537460763705779e-1,6.04728297139459858e-1
7.08307303383480757e0,9.56777507167316799e-1,7.31278165884704290e-1,8.30669079095036289e-1
1.25000000000000000e0,4.84375000000000000e-1,4.04089113007527145e-1,6.60914158780162464e-1
8.00000000000000000e0,4.88281249999999944e-1,3.23117426778526126e-3,9.99595531096648449e-1
5.78966516174841672e0,4.92187500000000056e-1,1.65020973019324238e-2,9.97130078455460755e-1
2.65483143413439393e0,9.96093749999999889e-1,9.89663054329256053e-1,1.78680701786047891e-1
1.25000000000000000e0,1.00000000000000003e-300,0.00000000000000000e0,1.00000000000000000e0
8.00000000000000000e0,5.97350107682359521e-2,1.62118124379548549e-10,9.99999999979735210e-1
2.75631452159723267e0,9.02658604782118346e-1,7.54065116014785097e-1,6.01156483609950554e-1
4.30882485950132832e0,1.52506678978170385e-1,3.02645871308188455e-4,9.99929753225995421e-1
1.25000000000000000e0,5.15625000000000000e-1,4.36935626566079705e-1,6.31606279851538499e-1
8.00000000000000000e0,5.19531249999999889e-1,5.30754158083958719e-3,9.99335011625751668e-1
2.08786995714763179e0,5.23437500000000111e-1,2.58836984182391039e-1,8.66351777507994303e-1
2.78543097124202177e0,9.96093749999999889e-1,9.89157313921450676e-1,1.97057414688502630e-1
1.25000000000000000e0,1.00000000000000003e-300,0.00000000000000000e0,1.00000000000000000e0
8.00000000000000000e0,5.58800747380701068e-1,9.50726997029729265e-3,9.98806618575655003e-1
1.61238299845717847e0,4.13139387865157914e-1,2.40436660634559984e-1,8.43190655749142093e-1
5.48498768475838006e0,5.23215004932353622e-2,9.37511543256703837e-8,9.99999982907681217e-1
1.25000000000000000e0,5.46875000000000000e-1,4.70283874956108405e-1,6.01498508477506300e-1
8.00000000000000000e0,5.50781249999999889e-1,8.46902039533730007e-3,9.98937429138432864e-1
2.17732241464545950e0,5.54687500000000111e-1,2.77147393606692716e-1,8.61518109836629575e-1
5.43556125299073756e0,9.96093749999999889e-1,9.78950460870952166e-1,4.91496956430490517e-1
1.25000000000000000e0,1.00000000000000003e-300,0.00000000000000000e0,1.00000000000000000e0
8.00000000000000000e0,5.23908989775918599e-1,5.67605774024171686e-3,9.99288724604726508e-1
6.04294252966064960e0,1.92303393782822241e-1,4.71166365915322288e-5,9.99992202877539871e-1
4.29021011153236032e0,4.61557655189608340e-1,3.62625893116101106e-2,9.91427489565802955e-1
1.25000000000000000e0,5.78125000000000000e-1,5.04112176430125403e-1,5.70567139069837692e-1
8.00000000000000000e0,5.82031249999999889e-1,1.31695345139721115e-2,9.98344244553811655e-1
6.92923553875880316e0,5.85937500000000111e-1,2.46256064356064897e-2,9.96408105720867687e-1
3.62276749673765153e0,9.96093749999999889e-1,9.85920903426236950e-1,3.08281364103700328e-1
1.25000000000000000e0,1.00000000000000003e-300,0.00000000000000000e0,1.00000000000000000e0
8.00000000000000000e0,2.80474522637632617e-1,3.82954643816092825e-5,9.99995212986748871e-1
6.63074367528315634e0,6.69744701117451768e-1,7.00888768860717937e-2,9.89100839430329559e-1
7.55648225126788020e0,8.05256002327041642e-1,1.94621904997814510e-1,9.71762922433782150e-1
1.25000000000000000e0,6.09375000000000000e-1,5.38400917495806319e-1,5.38780599939147065e-1
8.00000000000000000e0,6.13281249999999889e-1,2.00114010959524594e-2,9.97476397008866256e-1
6.49829325836617500e0,6.17187500000000111e-1,4.34579258430018017e-2,9.93186063497065619e-1
2.22307283600093797e0,9.96093749999999889e-1,9.91336859875581844e-1,1.18116073287373710e-1
1.25000000000000000e0,1.00000000000000003e-300,0.00000000000000000e0,1.00000000000000000e0
8.00000000000000000e0,5.10413488609628985e-1,4.60656435888762063e-3,9.99423015610309995e-1
5.33045850193593651e0,1.43348328028878313e-1,3.18556104622590028e-5,9.99994023774378626e-1
5.40398929966613650e0,5.18330685235923738e-1,2.86905483529858521e-2,9.94627690495181183e-1
1.25000000000000000e0,6.40625000000000000e-1,5.73132258761322788e-1,5.06098055661491464e-1
8.00000000000000000e0,6.44531249999999889e-1,2.97818609238130194e-2,9.96227839150846228e-1
1.69448440009728074e0,6.48437500000000111e-1,4.79969310019356277e-1,6.79852179411122970e-1
2.57525151694426313e0,9.96093749999999889e-1,9.89971350497232394e-1,1.67440027882814174e-1
1.25000000000000000e0,1.00000000000000003e-300,0.00000000000000000e0,1.00000000000000000e0
8.00000000000000000e0,4.78455140664664214e-1,2.74618506584348426e-3,9.99656313729938906e-1
4.01447287248447537e0,2.00650877195585053e-2,1.53177753811963772e-7,9.99999961843617502e-1
4.10938903846545145e0,6.14351706967681821e-1,1.35058967041781469e-1,9.65308141044329493e-1
1.25000000000000000e0,6.71875000000000000e-1,6.08289895048640505e-1,4.72467369935627157e-1
8.00000000000000000e0,6.75781249999999889e-1,4.34959782208731022e-2,9.94456635782532294e-1
6.80623186356388032e0,6.79687500000000111e-1,7.22201021770954438e-2,9.89046880229974668e-1
3.82161475415341556e0,9.96093749999999889e-1,9.85153891102157342e-1,3.32327901094823464e-1
1.25000000000000000e0,1.00000000000000003e-300,0.00000000000000000e0,1.00000000000000000e0
8.00000000000000000e0,6.24795723706483841e-2,2.32222548827813249e-10,9.99999999970972220e-1
5.27071358799003065e0,4.55422430509315745e-1,1.58343494332121859e-2,9.96976327951072716e-1
4.43717975227627903e0,7.73130584648242802e-1,3.19269790100589645e-1,9.16975753546566685e-1
1.25000000000000000e0,7.03125000000000000e-1,6.43858857682858554e-1,4.37822138476145040e-1
8.00000000000000000e0,7.07031249999999889e-1,6.24466113488964455e-2,9.91972199430043888e-1
5.39353053586091846e0,7.10937500000000111e-1,1.58799179351428010e-1,9.68446988380041618e-1
6.85299345833482221e0,9.96093749999999889e-1,9.73534586855218875e-1,5.88619568625984635e-1
1.25000000000000000e0,1.00000000000000003e-300,0.00000000000000000e0,1.00000000000000000e0
8.00000000000000000e0,4.02576054652854509e-1,6.89895821908716156e-4,9.99913736982175450e-1
4.89497799932723865e0,1.75396338777318306e-1,1.99295317701155038e-4,9.99959282529595317e-1
6.69749528088141233e0,4.15598939480332774e-1,2.79301841341228312e-3,9.99582479401288748e-1
1.25000000000000000e0,7.34375000000000000e-1,6.79825349982222882e-1,4.02077299870197524e-1
8.00000000000000000e0,7.38281249999999889e-1,8.82621923863331492e-2,9.88516096504077679e-1
2.44540821976261213e0,7.42187500000000111e-1,4.82339668147879541e-1,7.63949176344163483e-1
5.15826483693672344e0,9.96093749999999889e-1,9.80013502605530773e-1,4.68354426079960584e-1
1.25000000000000000e0,1.00000000000000003e-300,0.00000000000000000e0,1.00000000000000000e0
8.00000000000000000e0,1.42195203552546445e-1,1.67139684537919938e-7,9.99999979107537906e-1
3.36707540834322572e0,4.80044668152004306e-1,8.44989442330147666e-2,9.74121035914797484e-1
1.80477647593943402e0,6.65239598010884947e-1,4.79198031703048144e-1,6.96646532866636248e-1
1.25000000000000000e0,7.65625000000000000e-1,7.16176609187199720e-1,3.65122458811706352e-1
8.00000000000000000e0,7.69531249999999889e-1,1.22973090258350931e-1,9.83731583238549701e-1
1.86651686538243666e0,7.73437500000000111e-1,6.19075761616666109e-1,5.96253899622414485e-1
2.37027413316536695e0,9.96093749999999889e-1,9.90765884416757614e-1,1.38553115069627697e-1
1.25000000000000000e0,1.00000000000000003e-300,0.00000000000000000e0,1.00000000000000000e0
8.00000000000000000e0,5.46038295160542475e-1,7.90286960504174227e-3,9.99008708805819712e-1
7.18071546306600794e0,2.25780554137600120e-2,1.50761844418832222e-12,9.99999999999790057e-1
7.94185197062324733e0,1.77857207472698065e-1,1.10707901791853943e-6,9.99999860601839763e-1
1.25000000000000000e0,7.96875000000000000e-1,7.52900789665934989e-1,3.26811316173616306e-1
8.00000000000000000e0,8.00781249999999889e-1,1.69087368760689305e-1,9.77112164690371321e-1
3.30327472562203184e0,8.04687500000000111e-1,4.87821454583194147e-1,8.16644735178244874e-1
4.39401342975907028e0,9.96093749999999889e-1,9.82949310607004079e-1,3.95891007157951391e-1
1.25000000000000000e0,1.00000000000000003e-300,0.00000000000000000e0,1.00000000000000000e0
8.00000000000000000e0,8.32623411292843230e-1,2.30987747597966420e-1,9.67702041856534745e-1
5.64969254098832607e0,9.87356273085424618e-1,9.30634559584783472e-1,6.23564568952261422e-1
3.00667600875021890e0,6.93977760461166326e-1,3.33409124214129882e-1,8.73809621084457255e-1
1.25000000000000000e0,8.28125000000000000e-1,7.89986863405912398e-1,2.86944013831711642e-1
8.00000000000000000e0,8.32031249999999889e-1,2.29676787490196654e-1,9.67908097354055696e-1
6.42477432626765221e0,8.35937500000000111e-1,3.16216319818199421e-1,9.42552424362668284e-1
4.05963470978895202e0,9.96093749999999889e-1,9.84236562740239296e-1,3.59775603750843220e-1
1.25000000000000000e0,1.00000000000000003e-300,0.00000000000000000e0,1.00000000000000000e0
8.00000000000000000e0,5.79476939442429284e-1,1.27142065204955846e-2,9.98401812996628002e-1
2.00862286699702963e0,2.60280705692821357e-1,6.69643079629449467e-2,9.66081445083525669e-1
7.80572628823574632e0,7.79469292538124137e-1,1.43025242655238832e-1,9.80420677437118471e-1
1.25000000000000000e0,8.59375000000000000e-1,8.27424534673318335e-1,2.45235445854453643e-1
8.00000000000000000e0,8.63281249999999889e-1,3.08473930365736337e-1,9.54939965757750642e-1
3.30462643795181066e0,8.67187500000000111e-1,6.24434103186061518e-1,7.43528208279501612e-1
5.66564690275117755e0,9.96093749999999889e-1,9.78069281412292435e-1,5.09556011402473641e-1
1.25000000000000000e0,1.00000000000000003e-300,0.00000000000000000e0,1.00000000000000000e0
8.00000000000000000e0,7.40918994811181619e-1,9.08167238248916014e-2,9.88169465016527249e-1
5.52191665646387264e0,3.85701804893869848e-1,5.19177916640504132e-3,9.99057781753294516e-1
4.25752757594455034e0,3.84250867919035954e-1,1.70406556136422811e-2,9.95971165900700672e-1
1.25000000000000000e0,8.90625000000000000e-1,8.65204166377889994e-1,2.01252449553415397e-1
8.00000000000000000e0,8.94531249999999889e-1,4.09981383093974527e-1,9.36177532923876066e-1
3.04390249977586791e0,8.98437500000000111e-1,7.21807870717633637e-1,6.56830083275583232e-1
3.25689532991964370e0,9.96093749999999889e-1,9.87333740511379898e-1,2.61478204421100480e-1
1.25000000000000000e0,1.00000000000000003e-300,0.00000000000000000e0,1.00000000000000000e0
8.00000000000000000e0,2.41309434413778945e-1,1.14972616226110300e-5,9.99998562835068161e-1
5.62089086533524096e0,1.46899669789490872e-2,4.97764669982233559e-11,9.99999999991144417e-1
6.42422749352408573e0,8.39417580546069075e-1,3.24801306559445724e-1,9.40695779918829578e-1
1.25000000000000000e0,9.21875000000000000e-1,9.03316716180858403e-1,1.54269870207406290e-1
8.00000000000000000e0,9.25781249999999889e-1,5.39593917605389439e-1,9.07596122003545003e-1
1.34364129736786708e0,9.29687500000000111e-1,9.06684673467358038e-1,1.71155699495756097e-1
5.37450861913384870e0,9.96093749999999889e-1,9.79184412815232719e-1,4.86534311901626215e-1
1.25000000000000000e0,1.00000000000000003e-300,0.00000000000000000e0,1.00000000000000000e0
8.00000000000000000e0,7.03502418573407340e-1,5.99963401484380279e-2,9.92295891170682842e-1
5.56044139375444502e0,4.37244845584245923e-1,1.00524226962645305e-2,9.98184655586310643e-1
6.98545656912028790e0,7.08475580768208602e-1,9.00432145381669935e-2,9.86583018276772972e-1
1.25000000000000000e0,9.53125000000000000e-1,9.41753680768353973e-1,1.02852484961291013e-1
8.00000000000000000e0,9.57031249999999889e-1,7.03734678156666016e-1,8.58934609762711743e-1
6.25932951195864007e0,9.60937500000000111e-1,7.79261446514124656e-1,7.85555696679000381e-1
5.20710333529859781e0,9.96093749999999889e-1,9.79826191940939673e-1,4.72544149128394930e-1
1.25000000000000000e0,1.00000000000000003e-300,0.00000000000000000e0,1.00000000000000000e0
8.00000000000000000e0,1.99646967075750581e-1,2.52407198281103819e-6,9.99999684490653795e-1
1.83114641532301903e0,9.44269934898329666e-1,9.00321096309570135e-1,2.83877683204982467e-1
6.61781762703321874e0,6.23579132616214338e-1,4.39167142950784711e-2,9.93236711700026254e-1
1.25000000000000000e0,9.84375000000000000e-1,9.80507047011742516e-1,4.28451934758070502e-2
8.00000000000000000e0,9.88281249999999889e-1,9.10006400466469967e-1,7.40076225294282630e-1
1.43088947882642969e0,9.92187500000000111e-1,9.88840019690702121e-1,4.32094121967616998e-2
1.37986274267314002e0,9.96093749999999889e-1,9.94613913407216721e-1,2.26898505651257701e-2
1.25000000000000000e0,1.00000000000000003e-300,0.00000000000000000e0,1.00000000000000000e0
8.00000000000000000e0,5.98717909042534302e-2,1.65111754678897660e-10,9.99999999979361065e-1
5.89393127890070900e0,3.30762301473441767e-1,1.47251712292453796e-3,9.99750010973639691e-1
4.50503133807796985e0,6.49616124983367627e-1,1.43223076240023700e-1,9.66269754442701467e-1
1.25000000000000000e0,1.95312500000000000e-2,7.30150772080674117e-3,9.94154516355638895e-1
8.00000000000000000e0,2.34374999999999965e-2,9.10521658070705498e-14,9.99999999999988565e-1
3.49697281437693164e0,2.73437500000000035e-2,3.41770978821951393e-6,9.99999022664990633e-1
4.47246756567619741e0,9.96093749999999889e-1,9.82647530964321003e-1,4.03960037243193071e-1
1.25000000000000000e0,1.00000000000000003e-300,0.00000000000000000e0,1.00000000000000000e0
8.00000000000000000e0,2.80192497939424356e-2,3.79884893831221816e-13,9.99999999999952482e-1
2.11760440346552059e0,3.01744890189183934e-1,7.90830139626922668e-2,9.61842087948651003e-1
6.51829289057059214e0,4.69279503472534998e-1,7.21597207350879906e-3,9.98889569468317196e-1
1.25000000000000000e0,5.07812500000000000e-2,2.41062265503000431e-2,9.80668075642544435e-1
8.00000000000000000e0,5.46874999999999931e-2,8.00026850322765106e-11,9.99999999989999666e-1
6.78514228429412469e0,5.85937500000000069e-2,4.36210095618818072e-9,9.99999999357109925e-1
7.25894313515163958e0,9.96093749999999889e-1,9.71989018321335996e-1,6.11085868718298286e-1
1.25000000000000000e0,1.00000000000000003e-300,0.00000000000000000e0,1.00000000000000000e0
8.00000000000000000e0,3.65197397754855047e-1,3.16389013359676791e-4,9.99960445897918770e-1
5.50086743762949482e0,9.32563349397241836e-1,6.81090128629679659e-1,8.12403978809431826e-1
2.22677814430790022e0,7.26802364047216543e-1,4.91365788471111120e-1,7.38163920381299965e-1
1.25000000000000000e0,8.20312500000000000e-2,4.39009746108296045e-2,9.64722261870867515e-1
8.00000000000000000e0,8.59374999999999861e-2,2.97482706523854628e-9,9.99999999628146563e-1
1.87182761094300076e0,8.98437500000000139e-2,1.09928347935837126e-2,9.94112102599642888e-1
1.33555598836392164e0,9.96093749999999889e-1,9.94786406525606459e-1,1.95300006490454169e-2
1.25000000000000000e0,1.00000000000000003e-300,0.00000000000000000e0,1.00000000000000000e0
8.00000000000000000e0,7.56188958780512621e-1,1.06915988357333361e-1,9.85965092581145619e-1
2.09179415256949142e0,6.83942922437381640e-1,4.51747239451559868e-1,7.50269967747331457e-1
4.16180826543131843e0,3.18393971415389387e-1,8.53954922876305408e-3,9.97941426147581079e-1
1.25000000000000000e0,1.13281250000000000e-1,6.57199978770277582e-2,9.47069046169115247e-1
8.00000000000000000e0,1.17187499999999986e-1,3.55672522683869399e-8,9.99999995554093357e-1
1.26774379017297179e0,1.21093750000000014e-1,6.88071017247344208e-2,9.45319006107045889e-1
7.16149900498567149e0,9.96093749999999889e-1,9.72359792525206212e-1,6.05875972691397591e-1
1.25000000000000000e0,1.00000000000000003e-300,0.00000000000000000e0,1.00000000000000000e0
8.00000000000000000e0,8.58308770148141775e-3,2.94542793302153399e-17,1.00000000000000000e0
4.97887596447253600e0,6.25839964914121083e-2,1.01798180722240502e-6,9.99999795539750602e-1
2.79012451850576326e0,7.13285349643228983e-1,3.89570754785441731e-1,8.37857602446793415e-1
1.25000000000000000e0,1.44531250000000000e-1,8.91152846081127298e-2,9.28048625278153350e-1
8.00000000000000000e0,1.48437499999999972e-1,2.35694284103637675e-7,9.99999970538211436e-1
6.89199184335302562e0,1.52343750000000028e-1,2.33364126737644460e-6,9.99999661397800721e-1
2.16205594205530360e0,9.96093749999999889e-1,9.91573633247673225e-1,1.09789683030228902e-1
1.25000000000000000e0,1.00000000000000003e-300,0.00000000000000000e0,1.00000000000000000e0
8.00000000000000000e0,5.27995766965432267e-1,6.04009161350566558e-3,9.99242985835639419e-1
2.14123730309074745e0,9.66479505177630926e-2,6.71516432311639565e-3,9.96858254486746698e-1
4.55989385891007259e0,6.79588936368418217e-1,1.71814943450658064e-1,9.59500183952376018e-1
1.25000000000000000e0,1.75781250000000000e-1,1.13819241098643373e-1,9.07857849642651149e-1
8.00000000000000000e0,1.79687499999999972e-1,1.08678323675059791e-6,9.99999864152030793e-1
2.64284654421498999e0,1.83593750000000028e-1,1.13367710362016448e-2,9.95695185658671655e-1
4.90979377593612298e0,9.96093749999999889e-1,9.80967020207682228e-1,4.46251133494931951e-1
1.25000000000000000e0,1.00000000000000003e-300,0.00000000000000000e0,1.00000000000000000e0
8.00000000000000000e0,4.09177594838183722e-2,7.85768765881184245e-12,9.99999999999017786e-1
7.71616780856857076e0,2.52191754525483702e-1,2.41910711784227607e-5,9.99996864852286116e-1
2.06008556531742215e0,6.20263355949646211e-1,3.73842840930602494e-1,7.96721792858024247e-1
1.25000000000000000e0,2.07031250000000000e-1,1.39651267040652866e-1,8.86624277108031489e-1
8.00000000000000000e0,2.10937499999999972e-1,3.91949717794270590e-6,9.99999510062012598e-1
4.07544068671995774e0,2.14843750000000028e-1,1.89716793756538552e-3,9.99534154061383240e-1
4.46419674262870103e0,9.96093749999999889e-1,9.82679340928189204e-1,4.03116491004904098e-1
1.25000000000000000e0,1.00000000000000003e-300,0.00000000000000000e0,1.00000000000000000e0
8.00000000000000000e0,6.74505593538015091e-1,4.28434508744066703e-2,9.94541412811961179e-1
4.30448280682321638e0,3.33947775561682647e-2,4.41773562586868281e-7,9.99999897368939017e-1
2.23225912946509197e0,2.93678862572051003e-1,6.48864408673759246e-2,9.70393571020073842e-1
1.25000000000000000e0,2.38281250000000000e-1,1.66480103469673568e-1,8.64435864300804213e-1
8.00000000000000000e0,2.42187499999999972e-1,1.18362408407929230e-5,9.99998520462233365e-1
7.06369163090130314e0,2.46093750000000028e-1,4.99945072323069542e-5,9.99992922174030130e-1
3.72242679574992508e0,9.96093749999999889e-1,9.85536413597342231e-1,3.20459353547042358e-1
1.25000000000000000e0,1.00000000000000003e-300,0.00000000000000000e0,1.00000000000000000e0
8.00000000000000000e0,4.25833009599045909e-1,1.08122129669693812e-3,9.99864783362829246e-1
1.94299103599041700e0,5.54374898688365647e-1,3.17842969380158991e-1,8.21306376470100297e-1
3.90806822432205081e0,2.07986202212850912e-2,2.67155532387519436e-7,9.99999931639996120e-1
1.25000000000000000e0,2.69531250000000000e-1,1.94205447050818769e-1,8.41355352279807511e-1
8.00000000000000000e0,2.73437499999999944e-1,3.12510488407329948e-5,9.99996093565484467e-1
6.38923113304190338e0,2.77343750000000056e-1,2.76258541562528258e-4,9.99956756810293612e-1
5.44448371924227104e0,9.96093749999999889e-1,9.78916274917579599e-1,4.92216099544476982e-1
1.25000000000000000e0,1.00000000000000003e-300,0.00000000000000000e0,1.00000000000000000e0
8.00000000000000000e0,6.40667677748751885e-1,2.83832754582471931e-2,9.96407235902130428e-1
3.85289650870254263e0,3.61911486966164375e-1,1.99223517426621241e-2,9.94790668025711033e-1
5.09950237371958792e0,5.23145816127907892e-1,3.67380480882993979e-2,9.92686961513836730e-1
1.25000000000000000e0,3.00781250000000000e-1,2.22747813574441428e-1,8.17428097983515345e-1
8.00000000000000000e0,3.04687499999999944e-1,7.42740488624131804e-5,9.99990715442187206e-1
7.45308115595253184e0,3.08593750000000056e-1,1.56444684095314218e-4,9.99979007973026413e-1
5.47152850660495460e0,9.96093749999999889e-1,9.78812661550965468e-1,4.94386438854260479e-1
1.25000000000000000e0,1.00000000000000003e-300,0.00000000000000000e0,1.00000000000000000e0
8.00000000000000000e0,2.66336165732354857e-1,2.53186850015298272e-5,9.99996835129317585e-1
4.46656178776174784e0,5.47972509193641599e-1,6.81004388011898915e-2,9.84333297458796941e-1
3.38891905400669202e0,3.14885168168075325e-1,1.99195005385456661e-2,9.94080426077204371e-1
1.25000000000000000e0,3.32031250000000000e-1,2.52042454609784139e-1,7.92686675652972017e-1
8.00000000000000000e0,3.35937499999999944e-1,1.62206363307784490e-4,9.99979722765563017e-1
3.80681836802978069e0,3.39843750000000056e-1,1.64310524299389471e-2,9.95657386715101067e-1
3.89343663846375421e0,9.96093749999999889e-1,9.84876999692342214e-1,3.40763965017600590e-1
1.25000000000000000e0,1.00000000000000003e-300,0.00000000000000000e0,1.00000000000000000e0
8.00000000000000000e0,3.25406172059956589e-1,1.25720554664028367e-4,9.99984284066227191e-1
3.01692284608725458e0,4.18729647244617809e-1,7.23441096632220365e-2,9.75416163159680938e-1
7.98176833119941875e0,5.73324113338458119e-1,1.17925148546137257e-2,9.98514892091387773e-1
1.25000000000000000e0,3.63281250000000000e-1,2.82035469056296673e-1,7.67153713649988411e-1
8.00000000000000000e0,3.67187499999999944e-1,3.30447983722961369e-4,9.99958688029151888e-1
2.96910652238875628e0,3.71093750000000056e-1,5.26927745999012792e-2,9.81933505441257015e-1
4.79105356050422415e0,9.96093749999999889e-1,9.81423018072981379e-1,4.35207541127733299e-1
1.25000000000000000e0,1.00000000000000003e-300,0.00000000000000000e0,1.00000000000000000e0
8.00000000000000000e0,4.03290488447964890e-1,6.99751494699090695e-4,9.99912504273593350e-1
6.31701681850245222e0,7.33629759020004713e-1,1.41323884478334882e-1,9.76169021344182819e-1
1.44374837231589481e0,2.43237226086421288e-1,1.29891841077001413e-1,9.08125604253684160e-1
1.25000000000000000e0,3.94531250000000000e-1,3.12681193214836672e-1,7.40843682777883261e-1
8.00000000000000000e0,3.98437499999999944e-1,6.35157823147838212e-4,9.99920583201014512e-1
3.93518247356405482e0,4.02343750000000056e-1,2.77982889673107185e-2,9.92861517731273846e-1
7.56791111611528322e0,9.96093749999999889e-1,9.70814331977559841e-1,6.26891437101467108e-1
1.25000000000000000e0,1.00000000000000003e-300,0.00000000000000000e0,1.00000000000000000e0
8.00000000000000000e0,4.30278952867411135e-1,1.17489978518278172e-3,9.99853061981320956e-1
2.56701504765078425e0,8.27823546842409996e-3,4.52183737734776294e-6,9.99998238481841994e-1
7.73632249550428241e0,1.73564019069090136e-1,1.30681753740994395e-6,9.99999831080169987e-1
1.25000000000000000e0,4.25781250000000000e-1,3.43940379232944959e-1,7.13764011713910351e-1
8.00000000000000000e0,4.29687499999999944e-1,1.16204182235880729e-3,9.99854670871742957e-1
6.57307664403924718e0,4.33593750000000056e-1,4.11641196756143673e-3,9.99372650902553006e-1
7.79935068788472563e0,9.96093749999999889e-1,9.69935336253885394e-1,6.38061844682928592e-1
1.25000000000000000e0,1.00000000000000003e-300,0.00000000000000000e0,1.00000000000000000e0
8.00000000000000000e0,5.87802394056780031e-1,1.42511793147629389e-2,9.98207395814098453e-1
5.70941359322750941e0,3.76914721205139358e-1,3.80712025770166187e-3,9.99332135982656133e-1
3.02793373266467825e0,2.22192719352278800e-1,1.05181945172951301e-2,9.96513972416804727e-1
1.25000000000000000e0,4.57031250000000000e-1,3.75778882474969489e-1,6.85915734574214842e-1
8.00000000000000000e0,4.60937499999999944e-1,2.03768165680130514e-3,9.99745062432776166e-1
6.83204190543619916e0,4.64843750000000056e-1,5.33368613347678239e-3,9.99217529911298863e-1
1.54415450833039358e0,9.96093749999999889e-1,9.93974560926948802e-1,3.65016684780816170e-2
1.25000000000000000e0,1.00000000000000003e-300,0.00000000000000000e0,1.00000000000000000e0
8.00000000000000000e0,4.33064074927642650e-1,1.23713548679316187e-3,9.99845274299926867e-1
4.50858925323700532e0,8.57087157733076310e-1,4.98927198820340978e-1,8.57903309472525244e-1
3.51944379834458232e0,7.76155563735301257e-1,4.09902812946948081e-1,8.60817676932212450e-1
1.25000000000000000e0,4.88281250000000000e-1,4.08166690049085679e-1,6.57293781900529228e-1
8.00000000000000000e0,4.92187499999999944e-1,3.44385326183528325e-3,9.99568868342150640e-1
2.46471973176812753e0,4.96093750000000056e-1,1.77684678767336346e-1,9.23695638226348481e-1
2.98079703463008627e0,9.96093749999999889e-1,9.88401250699811329e-1,2.24205994967360128e-1
1.25000000000000000e0,1.00000000000000003e-300,0.00000000000000000e0,1.00000000000000000e0
8.00000000000000000e0,3.18241558402405644e-1,1.05209544395592884e-4,9.99986848201572132e-1
4.59168198832776397e0,5.89503467963368166e-1,8.83377580589671113e-2,9.80059484807833226e-1
2.26173398090759292e0,6.45239719096935005e-2,2.03191600088703257e-3,9.99101101698520733e-1
1.25000000000000000e0,5.19531250000000000e-1,4.41077185375786662e-1,6.27886969010882035e-1
8.00000000000000000e0,5.23437499999999889e-1,5.63532106474307504e-3,9.99293842022846768e-1
2.52470093680312857e0,5.27343750000000111e-1,1.98778754254694545e-1,9.15962398966120972e-1
1.26827233569929376e0,9.96093749999999889e-1,9.95048409509475817e-1,1.52182850754213218e-2
1.25000000000000000e0,1.00000000000000003e-300,0.00000000000000000e0,1.00000000000000000e0
8.00000000000000000e0,1.42938964472705266e-2,1.74262946151042051e-15,9.99999999999999778e-1
6.36806553357746452e0,8.87770966305652109e-1,4.68572701488751853e-1,9.05493781015519694e-1
7.39167495770379901e0,1.61509154099803709e-1,1.40362355266780383e-6,9.99999810107396137e-1
1.25000000000000000e0,5.50781250000000000e-1,4.74486580525681489e-1,5.97677694984567132e-1
8.00000000000000000e0,5.54687499999999889e-1,8.96163048277553997e-3,9.98875379432410782e-1
5.61353010952007025e0,5.58593750000000111e-1,3.80466292347800342e-2,9.93113853198159591e-1
3.26232641498791054e0,9.96093749999999889e-1,9.87312753257412523e-1,2.62195804086578887e-1
1.25000000000000000e0,1.00000000000000003e-300,0.00000000000000000e0,1.00000000000000000e0
8.00000000000000000e0,4.39185060113231884e-1,1.38414142127052256e-3,9.99826877458704355e-1
4.54405206663068384e0,5.43600934688583948e-1,6.26757330485115671e-2,9.85856855241120655e-1
6.00387034669984132e0,5.40685307582862151e-1,2.49249222920864821e-2,9.95804735331808244e-1
1.25000000000000000e0,5.82031250000000000e-1,5.08373470600402277e-1,5.66641330287713685e-1
8.00000000000000000e0,5.85937499999999889e-1,1.38934579173386405e-2,9.98252668942738008e-1
4.38755355984903872e0,5.89843750000000111e-1,9.86498045517297389e-2,9.76606149857811578e-1
3.12238169182091951e0,9.96093749999999889e-1,9.87853681762116187e-1,2.43505217128550527e-1
1.25000000000000000e0,1.00000000000000003e-300,0.00000000000000000e0,1.00000000000000000e0
8.00000000000000000e0,1.54364064028413850e-1,3.22381143706311680e-7,9.99999959702351338e-1
4.26879821141483262e0,6.66129337291749835e-1,1.76525357989009063e-1,9.55521347578808466e-1
6.07643084850860760e0,3.09028882938946481e-1,7.96186168216285245e-4,9.99868927811117691e-1
1.25000000000000000e0,6.13281250000000000e-1,5.42718478706188834e-1,5.34745232772280810e-1
8.00000000000000000e0,6.17187499999999889e-1,2.10541141452491413e-2,9.97343670192028631e-1
7.96885921858483925e0,6.21093750000000111e-1,2.24749389013661552e-2,9.97151542166923255e-1
2.56749250652501360e0,9.96093749999999889e-1,9.90001414389448775e-1,1.66343537353571103e-1
1.25000000000000000e0,1.00000000000000003e-300,0.00000000000000000e0,1.00000000000000000e0
8.00000000000000000e0,5.47167083454951353e-1,8.03451572818012806e-3,9.98992137437061500e-1
5.72670690115774050e0,6.56686522529525973e-1,8.99628880331662106e-2,9.83673299505304022e-1
4.47255214327014983e0,1.90973663438853691e-2,2.04910517524993035e-8,9.99999995418487830e-1
1.25000000000000000e0,6.44531250000000000e-1,5.77503969380462778e-1,5.01947281483653862e-1
8.00000000000000000e0,6.48437499999999889e-1,3.12568336788143497e-2,9.96038398870915942e-1
2.73803346976637840e0,6.52343750000000111e-1,3.10477736483975419e-1,8.73039108410362141e-1
6.71295192104298621e0,9.96093749999999889e-1,9.74068335678409780e-1,5.80383470534440393e-1
1.25000000000000000e0,1.00000000000000003e-300,0.00000000000000000e0,1.00000000000000000e0
8.00000000000000000e0,6.98208801650253008e-1,5.64784219871148838e-2,9.92759335307598967e-1
6.75181492941919714e0,8.21978776730247773e-2,4.71345784970581466e-8,9.99999993018976352e-1
3.21685716195497662e0,9.09378496417048154e-1,7.36694673632645625e-1,6.60454164518520348e-1
1.25000000000000000e0,6.75781250000000000e-1,6.12713814563736525e-1,4.68193742235036681e-1
8.00000000000000000e0,6.79687499999999889e-1,4.55485193373172531e-2,9.94189637167099516e-1
2.52080929407384247e0,6.83593750000000111e-1,3.83316463943922492e-1,8.25502050083337324e-1
4.02268094912869856e0,9.96093749999999889e-1,9.84378926416086042e-1,3.55609868565599507e-1
1.25000000000000000e0,1.00000000000000003e-300,0.00000000000000000e0,1.00000000000000000e0
8.00000000000000000e0,9.45426832499833836e-1,6.38297865428036681e-1,8.80630826684541734e-1
5.99335298710502684e0,7.89522215541182959e-1,2.42587460698846236e-1,9.54698947532979902e-1
5.18752117530675605e0,6.30312434627740004e-1,9.12413823289717901e-2,9.81725593433718124e-1
1.25000000000000000e0,7.07031250000000000e-1,6.48333200477223315e-1,4.33416155164591144e-1
8.00000000000000000e0,7.10937499999999889e-1,6.52606479433148062e-2,9.91599538182062257e-1
7.12730457889847457e0,7.14843750000000111e-1,9.13941250455527210e-2,9.86642592400494678e-1
4.98281193751608953e0,9.96093749999999889e-1,9.80686713884407535e-1,4.52885751369447531e-1
1.25000000000000000e0,1.00000000000000003e-300,0.00000000000000000e0,1.00000000000000000e0
8.00000000000000000e0,3.49371417441943777e-1,2.21972398582198627e-4,9.99972250755254755e-1
4.92658345145173371e0,7.47772968179560849e-1,2.38845022855992073e-1,9.46109400893284991e-1
2.17710109311155975e0,2.98890623621446139e-1,7.21335383052512935e-2,9.66195969282270029e-1
1.25000000000000000e0,7.38281250000000000e-1,6.84348466749733819e-1,3.97526717466641033e-1
8.00000000000000000e0,7.42187499999999889e-1,9.20680797279834900e-2,9.87999353972742855e-1
6.38043105095857754e0,7.46093750000000111e-1,1.54300407076935292e-1,9.74075543085343387e-1
2.67722827283432707e0,9.96093749999999889e-1,9.89576305285723268e-1,1.81840327113420575e-1
1.25000000000000000e0,1.00000000000000003e-300,0.00000000000000000e0,1.00000000000000000e0
8.00000000000000000e0,6.85518951418089273e-1,4.87703333615428433e-2,9.93769522244193682e-1
3.42532831104472280e0,7.79939946824015351e-2,1.60304509631954505e-4,9.99953197593466347e-1
7.16320002265274525e0,2.26516836992232129e-1,2.40135189106594727e-5,9.99996647620209900e-1
1.25000000000000000e0,7.69531250000000000e-1,7.20746971261097436e-1,3.60411229213862372e-1
8.00000000000000000e0,7.73437499999999889e-1,1.28056550700572508e-1,9.83017025926507859e-1
4.80352512205718085e0,7.77343750000000111e-1,2.98234122025805626e-1,9.28924106916204861e-1
1.97810989222489297e0,9.96093749999999889e-1,9.92287770074743669e-1,8.54868997983574963e-2
1.25000000000000000e0,1.00000000000000003e-300,0.00000000000000000e0,1.00000000000000000e0
8.00000000000000000e0,3.32631175433562021e-1,1.49866168394276840e-4,9.99981265500561545e-1
3.90024627576349303e0,2.65448014879439143e-1,5.66732501143391281e-3,9.98543859572278536e-1
6.00849856698187068e0,5.91582205979648279e-1,4.26729896247744905e-2,9.92768183201824583e-1
1.25000000000000000e0,8.00781250000000000e-1,7.57516975706255202e-1,3.21917859991430189e-1
8.00000000000000000e0,8.04687499999999889e-1,1.75799663907851678e-1,9.76121993990686776e-1
6.78041503863641992e0,8.08593750000000111e-1,2.36795629231204341e-1,9.60929331938875309e-1
7.99429015116766095e0,9.96093749999999889e-1,9.69195583602286193e-1,6.47055728381365269e-1
1.25000000000000000e0,1.00000000000000003e-300,0.00000000000000000e0,1.00000000000000000e0
8.00000000000000000e0,6.21168036982453486e-1,2.21652586493951594e-2,9.97202096529488879e-1
2.54307056282414123e0,2.86657534438745643e-1,4.16904648394847699e-2,9.83394135556089788e-1
2.95923867175588384e0,1.60142383165293722e-1,4.42531553090241402e-3,9.98502380236379494e-1
1.25000000000000000e0,8.32031250000000000e-1,7.94647548013177385e-1,2.81838237504562716e-1
8.00000000000000000e0,8.35937499999999889e-1,2.38446232180266920e-1,9.66523841590377741e-1
4.52729130868101493e0,8.39843750000000111e-1,4.53758217818544973e-1,8.74969451240743878e-1
1.44519792188657448e0,9.96093749999999889e-1,9.94359607914759080e-1,2.77987829486729641e-2
1.25000000000000000e0,1.00000000000000003e-300,0.00000000000000000e0,1.00000000000000000e0
8.00000000000000000e0,8.25374833830210264e-1,2.15382187137004660e-1,9.70135217423881757e-1
7.27653636696049944e0,4.58822437458366039e-1,3.45100011912046574e-3,9.99525028483983169e-1
2.36516308697173372e0,3.14090778861100262e-1,6.46328776256305110e-2,9.72145166386986226e-1
1.25000000000000000e0,8.63281250000000000e-1,8.32128478588509801e-1,2.39873140527447487e-1
8.00000000000000000e0,8.67187499999999889e-1,3.19818861632343521e-1,9.52967463502355283e-1
2.95086332113714889e0,8.71093750000000111e-1,6.65487197583562895e-1,6.89971492136880582e-1
6.89835884229978547e0,9.96093749999999889e-1,9.73361745735486950e-1,5.91232285891694742e-1
1.25000000000000000e0,1.00000000000000003e-300,0.00000000000000000e0,1.00000000000000000e0
8.00000000000000000e0,8.78207487608051451e-1,3.53815687419244407e-1,9.46879144951308316e-1
3.25129713432397693e0,4.94850786808456178e-1,1.01541845826879529e-1,9.67603333780222119e-1
6.28509888064581901e0,1.17779493316447770e-1,1.45071164119510591e-6,9.99999769182227105e-1
1.25000000000000000e0,8.94531250000000000e-1,8.69950207998769987e-1,1.95563467720293760e-1
8.00000000000000000e0,8.98437499999999889e-1,4.24524701855702402e-1,9.33261469168534918e-1
6.20502235298044980e0,9.02343750000000111e-1,5.28545467477591346e-1,8.85873345070078533e-1
5.78417261427966878e0,9.96093749999999889e-1,9.77615662544867536e-1,5.18476604526741935e-1
1.25000000000000000e0,1.00000000000000003e-300,0.00000000000000000e0,1.00000000000000000e0
8.00000000000000000e0,3.12422898437034746e-1,9.07701090543583443e-5,9.99988653285760698e-1
7.63651288487017155e0,2.55161898408005072e-1,2.95217026649164025e-5,9.99996134088710464e-1
4.64817852922715247e0,1.90103102181637951e-1,4.45259401618742752e-4,9.99904191024246103e-1
1.25000000000000000e0,9.25781250000000000e-1,9.08103764178392336e-1,1.48128347532812343e-1
8.00000000000000000e0,9.29687499999999889e-1,5.58079325413882166e-1,9.02959018528723290e-1
7.99444166192552075e0,9.33593750000000111e-1,5.77336955065606117e-1,8.97876861973535889e-1
6.37256270227953792e0,9.96093749999999889e-1,9.75366902188345763e-1,5.59232959085038561e-1
1.25000000000000000e0,1.00000000000000003e-300,0.00000000000000000e0,1.00000000000000000e0
8.00000000000000000e0,5.62355104348171153e-1,1.00019604235334590e-2,9.98744249605060808e-1
3.88124263525241986e0,3.67741527534235502e-1,2.05951855870687116e-2,9.94652605867708983e-1
1.93754772382089868e0,8.12626672591250099e-1,6.68974638394793319e-1,5.65187522070441539e-1
1.25000000000000000e0,9.57031250000000000e-1,9.46580707628560614e-1,9.59750848205238039e-2
8.00000000000000000e0,9.60937499999999889e-1,7.27044735918986218e-1,8.50181076820273218e-1
6.11918123898794875e0,9.64843750000000111e-1,8.03321688169213122e-1,7.66629081748224972e-1
1.47190950659569353e0,9.96093749999999889e-1,9.94255656578453495e-1,3.00366328188706663e-2
1.25000000000000000e0,1.00000000000000003e-300,0.00000000000000000e0,1.00000000000000000e0
8.00000000000000000e0,4.49273251365411852e-1,1.65990984293209456e-3,9.99792360432617877e-1
1.93010678148129955e0,4.62670510037241911e-1,2.25911775088620870e-1,8.75753063419557387e-1
3.30190976150333881e0,1.65081921663841058e-1,2.61164651172178779e-3,9.99208328595621920e-1
1.25000000000000000e0,9.88281250000000000e-1,9.85373083360787771e-1,3.40504008603779509e-2
8.00000000000000000e0,9.92187499999999889e-1,9.39182540640998487e-1,7.04698803638033278e-1
2.06600826000794768e0,9.96093750000000111e-1,9.91946456629048012e-1,9.69270515117460485e-2
7.78031417250167578e0,9.96093749999999889e-1,9.70007605922743710e-1,6.37163634749950525e-1
1.25000000000000000e0,1.00000000000000003e-300,0.00000000000000000e0,1.00000000000000000e0
8.00000000000000000e0,5.89634894431583234e-1,1.46105113616106334e-2,9.98161904366889563e-1
2.30835103656863794e0,6.49951577588581131e-2,1.81849717600605443e-3,9.99211803054729786e-1
4.22931593022076413e0,5.53653609767934540e-2,4.83901565722276978e-6,9.99998855837521572e-1
1.25000000000000000e0,2.34375000000000000e-2,9.17041746136691704e-3,9.92656913502769744e-1
8.00000000000000000e0,2.73437499999999965e-2,3.12510488407330119e-13,9.99999999999960920e-1
7.20142897096229717e0,3.12500000000000069e-2,1.44800259604167971e-11,9.99999999997989275e-1
2.91769203625153750e0,9.96093749999999889e-1,9.88645402724251166e-1,2.15494441257883279e-1
1.25000000000000000e0,1.00000000000000003e-300,0.00000000000000000e0,1.00000000000000000e0
8.00000000000000000e0,2.87579277446639026e-1,4.67800525752814182e-5,9.99994152373747891e-1
4.56561265961499885e0,1.26304838681789988e-1,7.89644698250912782e-5,9.99982703985060506e-1
7.79028071061475202e0,5.08721100150069105e-1,5.16886116694323643e-3,9.99334999233355448e-1
1.25000000000000000e0,5.46875000000000000e-2,2.64460057458470420e-2,9.78786643472925655e-1
8.00000000000000000e0,5.85937499999999931e-2,1.38934579173386484e-10,9.99999999982633225e-1
6.13203302409965545e0,6.25000000000000139e-2,4.13329593918985672e-8,9.99999993259501396e-1
4.79562988789984956e0,9.96093749999999889e-1,9.81405439683332492e-1,4.35639093128234345e-1
1.25000000000000000e0,1.00000000000000003e-300,0.00000000000000000e0,1.00000000000000000e0
8.00000000000000000e0,4.77123629166271712e-1,2.68563755578084262e-3,9.99663900200420397e-1
1.63947697397088632e0,1.33688750020155567e-1,3.69192312993424990e-2,9.77316115721424850e-1
6.93202995002502576e0,2.16818924736799090e-1,2.49922761877111364e-5,9.99996394628467233e-1
1.25000000000000000e0,8.59375000000000000e-2,4.65295009323201739e-2,9.62599891107790762e-1
8.00000000000000000e0,8.98437499999999861e-2,4.24524701855702308e-9,9.99999999469344147e-1
7.31632465572329238e0,9.37500000000000139e-2,3.01028838378050666e-8,9.99999995885518245e-1
7.11365131358616054e0,9.96093749999999889e-1,9.72541904413112501e-1,6.03276530059914440e-1
1.25000000000000000e0,1.00000000000000003e-300,0.00000000000000000e0,1.00000000000000000e0
8.00000000000000000e0,4.51823015437184949e-1,1.73678795121656542e-3,9.99782736365663838e-1
6.17992821417283267e0,3.50050000633927993e-1,1.52319896711814264e-3,9.99753367324837328e-1
3.15176984714344144e0,6.83230727377122093e-1,3.01019401435954292e-1,8.92589091113695776e-1
1.25000000000000000e0,1.17187500000000000e-1,6.85648628707240942e-2,9.44761296907541848e-1
8.00000000000000000e0,1.21093749999999986e-1,4.62353157843473554e-8,9.99999994220585386e-1
2.04272566054714844e0,1.25000000000000028e-1,1.42966705599974330e-2,9.92975455672216012e-1
6.30103962443536147e0,9.96093749999999889e-1,9.75639978889424109e-1,5.54573790506405429e-1
1.25000000000000000e0,1.00000000000000003e-300,0.00000000000000000e0,1.00000000000000000e0
8.00000000000000000e0,3.24008624261296063e-1,1.21465393413271527e-4,9.99984816018911316e-1
4.23079987126402557e0,5.96807389001696720e-1,1.12615799925229784e-1,9.72155146465310871e-1
6.62170326308114454e0,4.19480101409135386e-1,3.17472864094278532e-3,9.99519909711224952e-1
1.25000000000000000e0,1.48437500000000000e-1,9.21360393120495696e-2,9.25585667559290615e-1
8.00000000000000000e0,1.52343749999999972e-1,2.90133003368801486e-7,9.99999963733369968e-1
2.03344858321361244e0,1.56250000000000028e-1,2.29442821219309895e-2,9.88650009213231984e-1
6.27612246741773561e0,9.96093749999999889e-1,9.75735131104779940e-1,5.52932348739014534e-1
1.25000000000000000e0,1.00000000000000003e-300,0.00000000000000000e0,1.00000000000000000e0
8.00000000000000000e0,4.67602989087936294e-1,2.28569474245943552e-3,9.99714002038968097e-1
5.44013546500355005e0,2.37925700675987173e-1,4.05281249558929794e-4,9.99925489301017212e-1
2.47481716430047527e0,5.95655304923639051e-1,2.77430240611100776e-1,8.76955422009181085e-1
1.25000000000000000e0,1.79687500000000000e-1,1.16989620711376974e-1,9.05258573878420791e-1
8.00000000000000000e0,1.83593749999999972e-1,1.29081243641781785e-6,9.99999838648354289e-1
4.06237262021750212e0,1.87500000000000028e-1,1.11342321639563697e-3,9.99725802899950611e-1
4.87059040780877694e0,9.96093749999999889e-1,9.81117549408702661e-1,4.42640132008658038e-1
1.25000000000000000e0,1.00000000000000003e-300,0.00000000000000000e0,1.00000000000000000e0
8.00000000000000000e0,1.52108958559438179e-1,2.86575027645080892e-7,9.99999964178117096e-1
7.93920539726968855e0,1.04320707123406464e-3,2.12927206896900059e-24,1.00000000000000000e0
3.72300220816396177e0,8.86541187946932041e-1,6.38679466476434143e-1,7.60763684368890081e-1
1.25000000000000000e0,2.10937500000000000e-1,1.42952660727338726e-1,8.83901454965606903e-1
8.00000000000000000e0,2.14843749999999972e-1,4.53922586858909100e-6,9.99999432595639615e-1
2.55185061006341130e0,2.18750000000000028e-1,2.06845491171315093e-2,9.91842741461902877e-1
4.38682492362568155e0,9.96093749999999889e-1,9.82976966362657967e-1,3.95144094297840864e-1
1.25000000000000000e0,1.00000000000000003e-300,0.00000000000000000e0,1.00000000000000000e0
8.00000000000000000e0,6.02342074043917819e-1,1.73278867230496278e-2,9.97817413853427815e-1
3.93519166903570294e0,4.50620773076479963e-1,4.34190933950844640e-2,9.88783143078964311e-1
2.86518558667739853e0,9.59510278130437655e-1,8.88318817573993336e-1,4.65294941516023131e-1
1.25000000000000000e0,2.42187500000000000e-1,1.69898543285541381e-1,8.61598513064749438e-1
8.00000000000000000e0,2.46093749999999972e-1,1.34525518040440752e-5,9.99998318421127519e-1
6.64576151181245223e0,2.50000000000000056e-1,9.97362148064817334e-5,9.99984991871864515e-1
7.64744467876153067e0,9.96093749999999889e-1,9.70512177751665983e-1,6.30792397442342834e-1
1.25000000000000000e0,1.00000000000000003e-300,0.00000000000000000e0,1.00000000000000000e0
8.00000000000000000e0,3.32600732535865973e-1,1.49756475747335509e-4,9.99981279213940089e-1
6.05168386508012190e0,9.23540166036218579e-1,6.17944329223756528e-1,8.53000416782547122e-1
1.45970275608124211e0,8.07489085723318567e-1,7.31892215711858363e-1,4.05836753896957725e-1
1.25000000000000000e0,2.73437500000000000e-1,1.97730012301108843e-1,8.38409975019322129e-1
8.00000000000000000e0,2.77343749999999944e-1,3.50063690733419530e-5,9.99995624136847838e-1
3.51976595260202885e0,2.81250000000000056e-1,1.15062723120943500e-2,9.96717402038116984e-1
3.77215687296120450e0,9.96093749999999889e-1,9.85344608919784704e-1,3.26441469507870563e-1
1.25000000000000000e0,1.00000000000000003e-300,0.00000000000000000e0,1.00000000000000000e0
8.00000000000000000e0,5.96789309820451308e-1,1.60904533575794220e-2,9.97974390534110634e-1
2.38194891833700240e0,7.98299392254193663e-1,5.84741516728485511e-1,6.91450098814189840e-1
2.54225737729575485e0,4.42842634051885398e-1,1.26088358772047604e-1,9.48366446957500941e-1
1.25000000000000000e0,3.04687500000000000e-1,2.26369700745767233e-1,8.14379394270658308e-1
8.00000000000000000e0,3.08593749999999944e-1,8.22426333798794584e-5,9.99989719300910407e-1
4.79656370682641864e0,3.12500000000000056e-1,3.77586055798804100e-3,9.99211619833288767e-1
6.85699667572043836e0,9.96093749999999889e-1,9.73519333450024393e-1,5.88851198573633328e-1
1.25000000000000000e0,1.00000000000000003e-300,0.00000000000000000e0,1.00000000000000000e0
8.00000000000000000e0,2.99471297821582993e-1,6.46906682867410827e-5,9.99991913437594193e-1
2.84858351701404899e0,3.40007095696819306e-1,4.62811757921329087e-2,9.83502529317579088e-1
7.44660048111109063e0,4.88420971246341651e-1,4.81476956097740428e-3,9.99352075597851774e-1
1.25000000000000000e0,3.35937500000000000e-1,2.55754396090730030e-1,7.89537973188386699e-1
8.00000000000000000e0,3.39843749999999944e-1,1.77923903661395520e-4,9.99977757780612264e-1
3.53650599363027140e0,3.43750000000000056e-1,2.29044334152239265e-2,9.93469522026406926e-1
2.77934955054661259e0,9.96093749999999889e-1,9.89180858191627155e-1,1.96204798558203997e-1
1.25000000000000000e0,1.00000000000000003e-300,0.00000000000000000e0,1.00000000000000000e0
8.00000000000000000e0,3.22967846796018421e-2,1.18378901296722374e-12,9.99999999999852007e-1
7.80650579265784472e0,4.58618768943779287e-1,2.27573508338072255e-3,9.99708192611185265e-1
2.83964505180483684e0,4.35678806838950550e-1,9.44845396794203041e-2,9.65651884036681896e-1
1.25000000000000000e0,3.67187500000000000e-1,2.85831349899326514e-1,7.63907239136835781e-1
8.00000000000000000e0,3.71093749999999944e-1,3.59640936437435508e-4,9.99955037807986113e-1
4.15510974073549733e0,3.75000000000000056e-1,1.69845158355862169e-2,9.95885754044880556e-1
7.13351222162600607e0,9.96093749999999889e-1,9.72466308173307925e-1,6.04358859739808296e-1
1.25000000000000000e0,1.00000000000000003e-300,0.00000000000000000e0,1.00000000000000000e0
8.00000000000000000e0,2.94245658378713415e-1,5.61927786784677071e-5,9.99992975729976363e-1
4.14601987635251135e0,6.66351029558427399e-1,1.85810151237084747e-1,9.51628555322964531e-1
3.07392079086275771e0,3.27984246978303418e-1,3.24915496578001978e-2,9.89311928792908635e-1
1.25000000000000000e0,3.98437500000000000e-1,3.16555787535887811e-1,7.37500732734305942e-1
8.00000000000000000e0,4.02343749999999944e-1,6.86717437140045616e-4,9.99914134519706121e-1
5.63560106925433502e0,4.06250000000000056e-1,6.24188150958651308e-3,9.98889565404919466e-1
3.26614165405044332e0,9.96093749999999889e-1,9.87298010357734346e-1,2.62699517068394395e-1
1.25000000000000000e0,1.00000000000000003e-300,0.00000000000000000e0,1.00000000000000000e0
8.00000000000000000e0,6.20404848955331545e-1,2.19483293306461900e-2,9.97229747083491769e-1
1.59505896718474105e0,8.97133662515443575e-1,8.41016233405909475e-1,3.15717933815413687e-1
3.98557542625349015e0,2.48342320801384631e-1,3.88086983536760311e-3,9.99024852540551622e-1
1.25000000000000000e0,4.29687500000000000e-1,3.47889162549883113e-1,7.10325056023779489e-1
8.00000000000000000e0,4.33593749999999944e-1,1.24929242825134188e-3,9.99843753027257032e-1
7.03921831608749926e0,4.37500000000000056e-1,2.97006644644559484e-3,9.99577530152711113e-1
4.55120714154327288e0,9.96093749999999889e-1,9.82344746512662792e-1,4.11907565697752776e-1
1.25000000000000000e0,1.00000000000000003e-300,0.00000000000000000e0,1.00000000000000000e0
8.00000000000000000e0,5.46989038284664275e-1,8.01362443340224335e-3,9.98994767322785804e-1
7.58052794286049902e0,6.03097094272015966e-1,2.16381091004506365e-2,9.97118391716001029e-1
2.58080566982971504e0,2.53630621627962682e-1,2.89974850681137646e-2,9.88662804564475750e-1
1.25000000000000000e0,4.60937500000000000e-1,3.79797894237620448e-1,6.82380470799392569e-1
8.00000000000000000e0,4.64843749999999944e-1,2.17999736489797721e-3,9.99727240078477131e-1
1.43114064360270277e0,4.68750000000000056e-1,3.38119869534888484e-1,7.49498484919704722e-1
3.32681947381934151e0,9.96093749999999889e-1,9.87063567875600678e-1,2.70666958715715389e-1
1.25000000000000000e0,1.00000000000000003e-300,0.00000000000000000e0,1.00000000000000000e0
8.00000000000000000e0,8.08554680374982127e-1,1.82673337359928412e-1,9.75100677812686722e-1
6.68563595291925594e0,5.26920486358903872e-1,1.37939589625748898e-2,9.97924571287456486e-1
3.19522832508664578e0,6.10935860963763844e-1,2.07112894330311909e-1,9.29943391397255792e-1
1.25000000000000000e0,4.92187500000000000e-1,4.12252430481589827e-1,6.53661149751961990e-1
8.00000000000000000e0,4.96093749999999944e-1,3.66868179937890034e-3,9.99540677031473312e-1
1.84255629673134536e0,5.00000000000000111e-1,2.78827295296632971e-1,8.37441490676763767e-1
3.92025458323769271e0,9.96093749999999889e-1,9.84773629733075473e-1,3.43879856743791235e-1
1.25000000000000000e0,1.00000000000000003e-300,0.00000000000000000e0,1.00000000000000000e0
8.00000000000000000e0,3.49102494201360969e-1,2.20609196843393122e-4,9.99972421188473404e-1
5.39384114195127040e0,6.98513328497938346e-1,1.44378681662702429e-1,9.71505437939191974e-1
6.11412186565576121e0,2.54697453578955901e-1,2.33540409532704613e-4,9.99961799383749628e-1
1.25000000000000000e0,5.23437500000000000e-1,4.45226536455984867e-1,6.24155128661859848e-1
8.00000000000000000e0,5.27343749999999889e-1,5.98067806692917370e-3,9.99250451807942142e-1
2.04046811175066978e0,5.31250000000000111e-1,2.75094085406026756e-1,8.54134613483308103e-1
4.54650110786315054e0,9.96093749999999889e-1,9.82362840430233142e-1,4.11436773905524911e-1
1.25000000000000000e0,1.00000000000000003e-300,0.00000000000000000e0,1.00000000000000000e0
8.00000000000000000e0,5.58185469849377114e-1,9.42384679895834701e-3,9.98817133613146724e-1
3.57845030695898458e0,8.61439789382529852e-1,5.86415745275598921e-1,7.81355346059782185e-1
2.07198542816331610e0,9.22499752223302494e-1,8.46078379760539123e-1,4.05291346820655374e-1
1.25000000000000000e0,5.54687500000000000e-1,4.78696744365571636e-1,5.93843968389850096e-1
8.00000000000000000e0,5.58593749999999889e-1,9.47913213584903290e-3,9.98810165283412266e-1
2.18926959071541205e0,5.62500000000000111e-1,2.83759785049448765e-1,8.58607500502649224e-1
7.62739932379918173e0,9.96093749999999889e-1,9.70588322757930166e-1,6.29815460301342833e-1
1.25000000000000000e0,1.00000000000000003e-300,0.00000000000000000e0,1.00000000000000000e0
8.00000000000000000e0,8.80973392218038498e-1,3.62829285802828361e-1,9.45217983452947053e-1
2.94436272775055841e0,2.34866901223540481e-1,1.40433658939993142e-2,9.95208133067630007e-1
6.04196781909558922e0,9.56279062697831250e-1,7.63296134752342148e-1,7.87817019140951702e-1
1.25000000000000000e0,5.85937500000000000e-1,5.12641920641687010e-1,5.62702100219077517e-1
8.00000000000000000e0,5.89843749999999889e-1,1.46519644359536325e-2,9.98156655472714816e-1
6.60069388448027894e0,5.93750000000000111e-1,3.20351540267818577e-2,9.95079405717934629e-1
1.75933592516230419e0,9.96093749999999889e-1,9.93137789554059625e-1,5.89188414479111106e-2
1.25000000000000000e0,1.00000000000000003e-300,0.00000000000000000e0,1.00000000000000000e0
8.00000000000000000e0,4.00945361857338867e-1,6.67854030560142259e-4,9.99916493843782339e-1
3.36917692486895248e0,4.25640818166357349e-1,5.62575924921194168e-2,9.82961026890026068e-1
6.77007743000285700e0,4.80365596927185834e-1,6.98581502913048647e-3,9.98965048502925224e-1
1.25000000000000000e0,6.17187500000000000e-1,5.47042920531491506e-1,5.30695788864364637e-1
8.00000000000000000e0,6.21093749999999889e-1,2.21440611501254707e-2,9.97204798671955328e-1
7.17889404931338504e0,6.25000000000000111e-1,3.42487141807022791e-2,9.95157401991053736e-1
7.25119544344488531e0,9.96093749999999889e-1,9.72018493057342781e-1,6.10675703673461245e-1
1.25000000000000000e0,1.00000000000000003e-300,0.00000000000000000e0,1.00000000000000000e0
8.00000000000000000e0,4.60575425754541357e-1,2.02491173787298353e-3,9.99746661515187762e-1
3.65255589631851763e0,8.09150562804461515e-1,4.61394088040113948e-1,8.44164660669666778e-1
5.57284780591726303e0,3.05050881174793176e-1,1.33808965567734596e-3,9.99759759301203199e-1
1.25000000000000000e0,6.48437500000000000e-1,5.81882308859675179e-1,4.97781594872398980e-1
8.00000000000000000e0,6.52343749999999889e-1,3.27953331245776983e-2,9.95840530337792518e-1
3.61521080869715661e0,6.56250000000000111e-1,2.18105699913385243e-1,9.34208433754419976e-1
6.97854830091819167e0,9.96093749999999889e-1,9.73056300711308442e-1,5.95786092581806148e-1
1.25000000000000000e0,1.00000000000000003e-300,0.00000000000000000e0,1.00000000000000000e0
8.00000000000000000e0,3.91100039823868428e-1,5.47397590457012959e-4,9.99931558908796481e-1
5.76092813728610054e0,7.37821142852226330e-1,1.73490522169261363e-1,9.67465796030699599e-1
3.94446095277089626e0,9.80234075254884374e-1,9.24273958799350370e-1,5.19835797411717704e-1
1.25000000000000000e0,6.79687500000000000e-1,6.17144131678711960e-1,4.63904138184928150e-1
8.00000000000000000e0,6.83593749999999889e-1,4.76853162242630024e-2,9.93911144096599308e-1
5.74335806467570364e0,6.87500000000000111e-1,1.16251579834771732e-1,9.78712325610066269e-1
1.99896156793693081e0,9.96093749999999889e-1,9.92206791425331858e-1,8.81679083979242662e-2
1.25000000000000000e0,1.00000000000000003e-300,0.00000000000000000e0,1.00000000000000000e0
8.00000000000000000e0,6.57400145064457320e-2,3.48849708670572525e-10,9.99999999956393770e-1
3.30560037685791031e0,5.04425182266459160e-1,1.04127359735550928e-1,9.67283301316607558e-1
5.95074684655992314e0,4.38953551088161475e-1,7.44943635093624386e-3,9.98744254061299630e-1
1.25000000000000000e0,7.10937500000000000e-1,6.52813727600563665e-1,4.28992832351903663e-1
8.00000000000000000e0,7.14843749999999889e-1,6.81850236306890539e-2,9.91211223188684265e-1
6.75383763771969825e0,7.18750000000000111e-1,1.07485563405976661e-1,9.83304208440881955e-1
2.45221082255011424e0,9.96093749999999889e-1,9.90448204711743774e-1,1.50068035968627472e-1
1.25000000000000000e0,1.00000000000000003e-300,0.00000000000000000e0,1.00000000000000000e0
8.00000000000000000e0,5.13134331868059235e-3,4.80671730527978988e-19,1.00000000000000000e0
2.45965363195864484e0,8.97515067513268150e-1,7.66476714504000789e-1,5.53589056355804465e-1
5.01555982994614169e0,3.26248546780334436e-1,3.63223407223389966e-3,9.99274751556875174e-1
1.25000000000000000e0,7.42187500000000000e-1,6.88877570459118904e-1,3.92957025046142272e-1
8.00000000000000000e0,7.46093749999999889e-1,9.60167972502279643e-2,9.87461211498064650e-1
4.85710285272216424e0,7.50000000000000111e-1,2.47263325575599685e-1,9.43197795569067687e-1
2.43589616991812363e0,9.96093749999999889e-1,9.90511450719379405e-1,1.47770200276309188e-1
1.25000000000000000e0,1.00000000000000003e-300,0.00000000000000000e0,1.00000000000000000e0
8.00000000000000000e0,9.88831478753127158e-2,9.14067499302082858e-9,9.99999998857415640e-1
4.20927084714639932e0,3.42880947773664957e-1,1.10482240423272430e-2,9.97364137143329388e-1
2.38372643082402647e0,2.01523400505720929e-1,2.19635362996523364e-2,9.90726623478007662e-1
1.25000000000000000e0,7.73437500000000000e-1,7.25323136990417838e-1,3.55678540330891524e-1
8.00000000000000000e0,7.77343749999999889e-1,1.33322942071833456e-1,9.82272900265793947e-1
4.20879221585346386e0,7.81250000000000111e-1,3.53814408038852279e-1,9.01449276133727384e-1
2.66796658938983455e0,9.96093749999999889e-1,9.89612177380833624e-1,1.80534040778067034e-1
1.25000000000000000e0,1.00000000000000003e-300,0.00000000000000000e0,1.00000000000000000e0
8.00000000000000000e0,9.28426039372425294e-1,5.52050109266299271e-1,9.04489811917547515e-1
5.51522653672145680e0,8.79632340179341554e-1,4.92956314825543362e-1,8.84137771172437303e-1
7.48477725678822026e0,8.72114665071421769e-3,3.85169633417456693e-16,1.00000000000000000e0
1.25000000000000000e0,8.04687500000000000e-1,7.62138794695320532e-1,3.16999729908843453e-1
8.00000000000000000e0,8.08593749999999889e-1,1.82743963983906021e-1,9.75090144895468969e-1
5.18645661912159994e0,8.12500000000000111e-1,3.40645627416774455e-1,9.22835595524319485e-1
2.88127221487229690e0,9.96093749999999889e-1,9.88786337758674527e-1,2.10439850819129554e-1
1.25000000000000000e0,1.00000000000000003e-300,0.00000000000000000e0,1.00000000000000000e0
8.00000000000000000e0,4.97893642841518158e-2,3.77652748300514994e-11,9.99999999995279332e-1
4.13260532240383327e0,5.06183716261148220e-1,5.99821970724309372e-2,9.85143552332994443e-1
7.41366327606374398e0,9.01944100251057534e-1,4.65282598769373001e-1,9.19025906929351377e-1
1.25000000000000000e0,8.35937500000000000e-1,7.99313706136663193e-1,2.76703192707478507e-1
8.00000000000000000e0,8.39843749999999889e-1,2.47507268230872407e-1,9.65078829239821356e-1
6.95484392147045583e0,8.43750000000000111e-1,3.06780956339675392e-1,9.48679713512484701e-1
2.84141191351227462e0,9.96093749999999889e-1,9.88940609564158413e-1,2.04887392962305126e-1
1.25000000000000000e0,1.00000000000000003e-300,0.00000000000000000e0,1.00000000000000000e0
8.00000000000000000e0,5.67262274771564989e-1,1.07218867957356283e-2,9.98653434881630164e-1
1.75238445191644132e0,7.35985263154361746e-1,5.84390992132217124e-1,6.05901703286690352e-1
5.13728954963153228e0,2.46493330600969784e-1,7.50804853122877562e-4,9.99853807744704559e-1
1.25000000000000000e0,8.67187500000000000e-1,8.36837746733997578e-1,2.34474573962613259e-1
8.00000000000000000e0,8.71093749999999889e-1,3.31527212360872570e-1,9.50901355702313822e-1
7.84715871507069096e0,8.75000000000000111e-1,3.50693719183005181e-1,9.46454148355701852e-1
5.15299824567046016e0,9.96093749999999889e-1,9.80033703741882145e-1,4.67899642541658445e-1
1.25000000000000000e0,1.00000000000000003e-300,0.00000000000000000e0,1.00000000000000000e0
8.00000000000000000e0,9.06195464922348037e-1,4.54752479073254057e-1,9.26988214051719717e-1
2.63728583301417530e0,2.71390197672189970e-1,3.20793747835317264e-2,9.87712947230847904e-1
3.72580604278482497e0,8.81836607836703479e-1,6.25931404446117945e-1,7.68034700266171932e-1
1.25000000000000000e0,8.98437500000000000e-1,8.74701433731452038e-1,1.89826517895073821e-1
8.00000000000000000e0,9.02343749999999889e-1,4.39517444186773187e-1,9.30186993341227231e-1
1.66152822732692584e0,9.06250000000000111e-1,8.49114735661855580e-1,3.20378989746916087e-1
4.93720334110548720e0,9.96093749999999889e-1,9.80861789399071204e-1,4.48755454910337082e-1
1.25000000000000000e0,1.00000000000000003e-300,0.00000000000000000e0,1.00000000000000000e0
8.00000000000000000e0,2.61043650434658048e-1,2.15627958909784998e-5,9.99997304625086070e-1
7.65918049414176494e0,8.97275151810390525e-1,4.35962353051342233e-1,9.27962058680065205e-1
7.30278683750657365e0,3.68425475990079576e-1,6.80995051211874579e-4,9.99906721190648606e-1
1.25000000000000000e0,9.29687500000000000e-1,9.12895864481983010e-1,1.41915888284096764e-1
8.00000000000000000e0,9.33593749999999889e-1,5.77116491953553412e-1,8.98002598915248806e-1
6.04011606861604378e0,9.37500000000000111e-1,6.77178648325844623e-1,8.29285213452566561e-1
7.61397930537350476e0,9.96093749999999889e-1,9.70639303861193348e-1,6.29159075268533652e-1
1.25000000000000000e0,1.00000000000000003e-300,0.00000000000000000e0,1.00000000000000000e0
8.00000000000000000e0,4.62464960178294859e-1,2.09233231835056696e-3,9.99738218732731498e-1
6.55492166808107868e0,8.05478146144196216e-1,2.42208716259390305e-1,9.58571327159248643e-1
3.08030676539056003e0,5.96498340387370263e-1,2.03613994001191567e-1,9.28753527620727382e-1
1.25000000000000000e0,9.60937500000000000e-1,9.51412662552243105e-1,8.89648560841359431e-2
8.00000000000000000e0,9.64843749999999889e-1,7.51027610575934812e-1,8.40463579250791959e-1
5.12556309474166483e0,9.68750000000000111e-1,8.49820646068821128e-1,6.90806208509096908e-1
2.82902286760509014e0,9.96093749999999889e-1,9.88988563941082810e-1,2.03157603986844154e-1
1.25000000000000000e0,1.00000000000000003e-300,0.00000000000000000e0,1.00000000000000000e0
8.00000000000000000e0,8.69368149997171713e-1,3.26309564281756670e-1,9.51825964815294578e-1
6.73751996131613851e0,4.78076571598649025e-1,6.92799791650481299e-3,9.98968682479214887e-1
4.29013824666617438e0,5.75540338618338865e-1,9.34742256041436875e-2,9.77384898927035839e-1
1.25000000000000000e0,9.92187500000000000e-1,9.90243930433555075e-1,2.46274763531010646e-2
8.00000000000000000e0,9.96093749999999889e-1,9.69173924480954407e-1,6.47313671770413546e-1
5.97968312562443316e0,3.90625000000000087e-3,3.97638216273342487e-15,9.99999999999999334e-1
7.08546597970416769e0,9.96093749999999889e-1,9.72649195862345217e-1,6.01732366522410467e-1
1.25000000000000000e0,1.00000000000000003e-300,0.00000000000000000e0,1.00000000000000000e0
8.00000000000000000e0,6.08465938530571293e-1,1.87884162881070925e-2,9.97631913225822564e-1
5.98136178246932104e0,6.84403766458672180e-1,1.03500829153528470e-1,9.81899425425206918e-1
1.72914430155651644e0,7.89031796934978047e-1,6.63837145182559096e-1,5.32345869745479483e-1
1.25000000000000000e0,2.73437500000000000e-2,1.11191757147309569e-2,9.91094724280370709e-1
8.00000000000000000e0,3.12499999999999965e-2,9.09494701772927430e-13,9.99999999999886313e-1
6.86236906127305701e0,3.51562500000000069e-2,1.05228370114720707e-10,9.99999999984665933e-1
5.53026847384171560e0,9.96093749999999889e-1,9.78587656116919780e-1,4.99051786659577168e-1
1.25000000000000000e0,1.00000000000000003e-300,0.00000000000000000e0,1.00000000000000000e0
8.00000000000000000e0,8.86007013009475486e-1,3.79749556879040606e-1,9.42043343978387404e-1
7.35257993300911039e0,3.38398314347614360e-1,3.46803251307849659e-4,9.99952825372456666e-1
6.14923797943629324e0,7.84218874860016513e-1,2.24320921137487278e-1,9.59532973859025362e-1
1.25000000000000000e0,5.85937500000000000e-2,2.88279737001772042e-2,9.76870357848649506e-1
8.00000000000000000e0,6.24999999999999931e-2,2.32830643653869422e-10,9.99999999970896170e-1
1.63670722750248387e0,6.64062500000000139e-2,1.18113866330618808e-2,9.92766774926040818e-1
2.96063303749542683e0,9.96093749999999889e-1,9.88479258261030891e-1,2.21429140529151219e-1
1.25000000000000000e0,1.00000000000000003e-300,0.00000000000000000e0,1.00000000000000000e0
8.00000000000000000e0,3.82857041527131514e-1,4.61629030551961752e-4,9.99942284713836838e-1
6.96483542927308008e0,2.37890314379001211e-1,4.53489008512451900e-5,9.99993488750457682e-1
5.54458025342319161e0,6.24603059386572568e-1,7.35716622627144018e-2,9.86311971547885857e-1
1.25000000000000000e0,8.98437500000000000e-2,4.91880763390443038e-2,9.60452066908519253e-1
8.00000000000000000e0,9.37499999999999861e-2,5.96719473833217555e-9,9.99999999254100658e-1
7.07105217140633613e0,9.76562500000000139e-2,7.17986532021059971e-8,9.99999989846114268e-1
2.69425336248241365e0,9.96093749999999889e-1,9.89510367573342542e-1,1.84240330724549317e-1
1.25000000000000000e0,1.00000000000000003e-300,0.00000000000000000e0,1.00000000000000000e0
8.00000000000000000e0,9.66292455436814635e-1,7.60096459382436862e-1,8.36574422315370492e-1
7.56377352477284148e0,9.77913148476545757e-1,8.44565926097306852e-1,7.81834843743808960e-1
7.07380769326118752e0,3.09610094036543160e-1,2.50105946123901316e-4,9.99964639580806613e-1
1.25000000000000000e0,1.21093750000000000e-1,7.14335380028199018e-2,9.42432805001969909e-1
8.00000000000000000e0,1.24999999999999986e-1,5.96046447753905721e-8,9.99999992549419181e-1
2.28528982622083277e0,1.28906250000000028e-1,9.26228555175762254e-3,9.95936389577928294e-1
4.57595302013214678e0,9.96093749999999889e-1,9.82249608204638358e-1,4.14374396010619872e-1
1.25000000000000000e0,1.00000000000000003e-300,0.00000000000000000e0,1.00000000000000000e0
8.00000000000000000e0,8.05837371131019609e-1,1.77819437963746024e-1,9.75822664023193398e-1
5.88216258550528437e0,5.33575304166333808e-1,2.48496842440358995e-2,9.95731178518604154e-1
3.06371403421508148e0,7.43120620190893533e-1,4.02682360339127410e-1,8.45187664547480622e-1
1.25000000000000000e0,1.52343750000000000e-1,9.51767349395858941e-2,9.23104795260874522e-1
8.00000000000000000e0,1.56249999999999972e-1,3.55271367880049564e-7,9.99999955591072132e-1
5.10312144481576979e0,1.60156250000000028e-1,8.72350217797574011e-5,9.99982904956850271e-1
2.83562513452488929e0,9.96093749999999889e-1,9.88963008205459571e-1,2.04079655965624635e-1
1.25000000000000000e0,1.00000000000000003e-300,0.00000000000000000e0,1.00000000000000000e0
8.00000000000000000e0,5.68414824547289754e-1,1.08974069200742825e-2,9.98631285222681520e-1
1.59044086019275710e0,1.46066535039608425e-1,4.69102059710113997e-2,9.70242408706547210e-1
1.43811409419868141e0,7.41633688821821124e-1,6.50605331280749155e-1,4.81329669164109852e-1
1.25000000000000000e0,1.83593750000000000e-1,1.20177278748736932e-1,9.02643249699098926e-1
8.00000000000000000e0,1.87499999999999972e-1,1.52760185301303694e-6,9.99999809049640809e-1
2.73158801306271926e0,1.91406250000000028e-1,1.09294908319157100e-2,9.95984907162478117e-1
5.48406358307693154e0,9.96093749999999889e-1,9.78764641174235450e-1,4.95387578894141978e-1
1.25000000000000000e0,1.00000000000000003e-300,0.00000000000000000e0,1.00000000000000000e0
8.00000000000000000e0,4.64158505924388010e-1,2.15442067481694428e-3,9.99730443239740696e-1
4.19263413769658655e0,8.21467710647993954e-2,2.81368234646168070e-5,9.99993288914803324e-1
5.74373033433221281e0,8.72003559766199032e-1,4.55357939553317270e-1,8.99613979709951717e-1
1.25000000000000000e0,2.14843750000000000e-1,1.46269374846906747e-1,8.81163884155406807e-1
8.00000000000000000e0,2.18749999999999972e-1,5.24305596627527340e-6,9.99999344616500863e-1
3.30734087643213570e0,2.22656250000000028e-1,6.95674695391122755e-3,9.97891449460928337e-1
1.70907687494764104e0,9.96093749999999889e-1,9.93333167774648418e-1,5.33029161551516195e-2
1.25000000000000000e0,1.00000000000000003e-300,0.00000000000000000e0,1.00000000000000000e0
8.00000000000000000e0,5.63239637463084364e-1,1.01285128220628424e-2,9.98728289908108913e-1
7.93573392834514380e0,6.95628879711875925e-1,5.61242568021377841e-2,9.92747860323791809e-1
7.49875235417857766e0,6.41962856016107253e-1,3.60217172784405223e-2,9.95119599134171140e-1
1.25000000000000000e0,2.46093750000000000e-1,1.73330795485800021e-1,8.58747345290387987e-1
8.00000000000000000e0,2.49999999999999972e-1,1.52587890624999864e-5,9.99998092638634151e-1
4.79231438523856923e0,2.53906250000000056e-1,1.40283867137475484e-3,9.99707110622263140e-1
3.17454315640497953e0,9.96093749999999889e-1,9.87652027354550044e-1,2.50519344775710084e-1
1.25000000000000000e0,1.00000000000000003e-300,0.00000000000000000e0,1.00000000000000000e0
8.00000000000000000e0,7.67554578446834057e-1,1.20468674737680678e-1,9.84082285166811621e-1
4.89975918724667281e0,8.97618956591941242e-1,5.89063581125219948e-1,8.34016461002601406e-1
5.68084955238737166e0,7.50062104830249154e-1,1.95184857740359374e-1,9.62497677956666298e-1
1.25000000000000000e0,2.77343750000000000e-1,2.01267188165316468e-1,8.35451456408329518e-1
8.00000000000000000e0,2.81249999999999944e-1,3.91507646781973862e-5,9.99995106070589168e-1
6.93006957165198401e0,2.85156250000000056e-1,1.67373443095645473e-4,9.99975846500766208e-1
5.51377695100381970e0,9.96093749999999889e-1,9.78650822230927586e-1,4.97748635702556619e-1
1.25000000000000000e0,1.00000000000000003e-300,0.00000000000000000e0,1.00000000000000000e0
8.00000000000000000e0,4.25927378546475666e-1,1.08313966168025887e-3,9.99864543339911371e-1
2.97303477727109566e0,3.56675564603392559e-1,4.66544550290691890e-2,9.84058041114389770e-1
6.41776975156972185e0,6.96856386866784305e-2,3.76322310405915592e-8,9.99999994136244630e-1
1.25000000000000000e0,3.08593750000000000e-1,2.30003215432426938e-1,8.11318033417900653e-1
8.00000000000000000e0,3.12499999999999944e-1,9.09494701772926883e-5,9.99988630863837713e-1
2.39537491358350962e0,3.16406250000000056e-1,6.35183983181941969e-2,9.72975171391336047e-1
6.77948386472417042e0,9.96093749999999889e-1,9.73814721959050944e-1,5.84328862158780438e-1
1.25000000000000000e0,1.00000000000000003e-300,0.00000000000000000e0,1.00000000000000000e0
8.00000000000000000e0,1.34014141654006380e-1,1.04041123369651737e-7,9.99999986994859036e-1
2.44784330041147768e0,9.76552795727911871e-1,9.43575717608338582e-1,3.08990630157070845e-1
6.23295234632678330e0,3.53395780011851457e-1,1.52874334263764346e-3,9.99754574520944961e-1
1.25000000000000000e0,3.39843750000000000e-1,2.59477144011747651e-1,7.86376947840565776e-1
8.00000000000000000e0,3.43749999999999944e-1,1.94958266547473369e-4,9.99975628137826034e-1
1.27604721620446071e0,3.47656250000000056e-1,2.59708274972751840e-1,7.90050693497874157e-1
3.85565778578165919e0,9.96093749999999889e-1,9.85022636958560516e-1,3.36343101567273317e-1
1.25000000000000000e0,1.00000000000000003e-300,0.00000000000000000e0,1.00000000000000000e0
8.00000000000000000e0,5.52412597380680381e-1,8.67178676821238857e-3,9.98911891731187995e-1
1.45525023515801877e0,1.71607478914665990e-1,7.69234300272964577e-2,9.46482333530153097e-1
6.88429897872265428e0,7.55392055216361769e-1,1.44978120826537632e-1,9.77505350545529783e-1
1.25000000000000000e0,3.71093750000000000e-1,2.89637339773880620e-1,7.60648651999794145e-1
8.00000000000000000e0,3.74999999999999944e-1,3.91066074371337457e-4,9.99951108375153219e-1
2.74893853062530980e0,3.78906250000000056e-1,6.94080335473916121e-2,9.74171362333342117e-1
5.29344495106488466e0,9.96093749999999889e-1,9.79495132873747565e-1,4.79830681446997476e-1
1.25000000000000000e0,1.00000000000000003e-300,0.00000000000000000e0,1.00000000000000000e0
8.00000000000000000e0,4.64497419720828475e-1,2.16703759949722456e-3,9.99728863136348456e-1
3.20161857124185190e0,3.22838831148146710e-1,2.67891978994162748e-2,9.91554353858559390e-1
1.30075853358721361e0,6.12964469687540259e-1,5.29059667283383273e-1,5.60508233370393794e-1
1.25000000000000000e0,4.02343750000000000e-1,3.20439890192540877e-1,7.34145772473511760e-1
8.00000000000000000e0,4.06249999999999944e-1,7.41902768822909862e-4,9.99907232038853788e-1
5.72773264336865395e0,4.10156250000000056e-1,6.06844282250647640e-3,9.98937852401403759e-1
1.71827535779448226e0,9.96093749999999889e-1,9.93297406501485569e-1,5.43149302673256451e-2
1.25000000000000000e0,1.00000000000000003e-300,0.00000000000000000e0,1.00000000000000000e0
8.00000000000000000e0,7.63910066539210675e-1,1.15967919102466982e-1,9.84710351150907770e-1
6.19748630642425269e0,9.30929565324731811e-1,6.41744917359920342e-1,8.47356914441609099e-1
1.83355513383867219e0,6.21758426127598796e-1,4.18402211227462295e-1,7.44094231947182494e-1
1.25000000000000000e0,4.33593750000000000e-1,3.51846930688807236e-1,7.06874093892895905e-1
8.00000000000000000e0,4.37499999999999944e-1,1.34222232736646999e-3,9.99832123603494716e-1
6.75817199423909187e0,4.41406250000000056e-1,3.97884801106359286e-3,9.99410253397249093e-1
2.40033375908387825e0,9.96093749999999889e-1,9.90649327320832995e-1,1.42769493196521324e-1
1.25000000000000000e0,1.00000000000000003e-300,0.00000000000000000e0,1.00000000000000000e0
8.00000000000000000e0,4.12201318072220602e-1,8.33441284279981586e-4,9.99895781832395025e-1
3.27372361824382097e0,7.77975906571555242e-1,4.39595564188126176e-1,8.37870005796414352e-1
1.56181983917485923e0,7.72549855482793646e-1,6.68284531257677394e-1,4.93351546195389123e-1
1.25000000000000000e0,4.64843750000000000e-1,3.83825429971420107e-1,6.78833109594770390e-1
8.00000000000000000e0,4.68749999999999944e-1,2.33093544466100649e-3,9.99708335504410628e-1
7.39819395303493366e0,4.72656250000000056e-1,3.91042340236155955e-3,9.99470539459348384e-1
3.03546785243088380e0,9.96093749999999889e-1,9.88189779103742505e-1,2.31700813587408877e-1
1.25000000000000000e0,1.00000000000000003e-300,0.00000000000000000e0,1.00000000000000000e0
8.00000000000000000e0,7.50986606540209323e-1,1.01171347229976949e-1,9.86755631305899383e-1
2.26118687941925600e0,2.45991573137871455e-3,1.26003629896058827e-6,9.99999442754266221e-1
7.38983701693359762e0,1.93082230921390874e-1,5.26928961106232659e-6,9.99999286952932387e-1
1.25000000000000000e0,4.96093750000000000e-1,4.16346285664162596e-1,6.50016233661506071e-1
8.00000000000000000e0,4.99999999999999944e-1,3.90624999999999653e-3,9.99510882241967824e-1
7.67831450887024403e0,5.03906250000000111e-1,5.18260044945665754e-3,9.99323507919857135e-1
5.91515198518754914e0,9.96093749999999889e-1,9.77114626019000676e-1,5.28045325809898713e-1
1.25000000000000000e0,1.00000000000000003e-300,0.00000000000000000e0,1.00000000000000000e0
8.00000000000000000e0,6.61394251201272709e-1,3.66170477064923158e-2,9.95347820031413089e-1
2.33679901738651097e0,3.37737360177925439e-2,3.64405646085402346e-4,9.99844041514374227e-1
7.63205599645152688e0,3.29102096479800821e-1,2.07128797835222177e-4,9.99972858238875717e-1
1.25000000000000000e0,5.27343750000000000e-1,4.49383636151696519e-1,6.20410717087661601e-1
8.00000000000000000e0,5.31249999999999889e-1,6.34441443344256964e-3,9.99204738168183448e-1
3.17196563002653420e0,5.35156250000000111e-1,1.37641628136432520e-1,9.54387641062156344e-1
3.46165921248029917e0,9.96093749999999889e-1,9.86542783339089846e-1,2.88067865291486036e-1
1.25000000000000000e0,1.00000000000000003e-300,0.00000000000000000e0,1.00000000000000000e0
8.00000000000000000e0,8.91850741795678914e-1,4.00255605650548130e-1,9.38092739468352810e-1
6.21262250537984073e0,4.62251048866164638e-1,8.27966818105587733e-3,9.98662630116236572e-1
6.89137740951264277e0,5.63948865788006515e-1,1.93063012271337264e-2,9.97175085371209136e-1
1.25000000000000000e0,5.58593750000000000e-1,4.82914327048154624e-1,5.89997272368472103e-1
8.00000000000000000e0,5.62499999999999889e-1,1.00225957576185309e-2,9.98741647376524044e-1
1.90939928340958431e0,5.66406250000000111e-1,3.37771381863423592e-1,8.05855916856907273e-1
3.50302853458561003e0,9.96093749999999889e-1,9.86383059838682352e-1,2.93319389974647293e-1
1.25000000000000000e0,1.00000000000000003e-300,0.00000000000000000e0,1.00000000000000000e0
8.00000000000000000e0,3.65905189328259439e-1,3.21327984624263140e-4,9.99959828354211822e-1
5.45660129364114255e0,1.31729214140250406e-1,1.57201328978207883e-5,9.99997119042977500e-1
6.92896202887641266e0,7.32328622466411616e-1,1.15492310626593209e-1,9.82444177008298669e-1
1.25000000000000000e0,5.89843750000000000e-1,5.16917490744259078e-1,5.58749375548330818e-1
8.00000000000000000e0,5.93749999999999889e-1,1.54464606030159986e-2,9.98056016980053862e-1
2.21896670508431271e0,5.97656250000000111e-1,3.19119428093967983e-1,8.40952983914752483e-1
3.38071390998084098e0,9.96093749999999889e-1,9.86855381213763594e-1,2.77673286902469840e-1
1.25000000000000000e0,1.00000000000000003e-300,0.00000000000000000e0,1.00000000000000000e0
8.00000000000000000e0,7.43164668974714004e-1,9.30422997386416983e-2,9.87866775076378989e-1
4.99052425235277042e0,5.27575557384807325e-1,4.11201691648173800e-2,9.91621448123862881e-1
5.27536769420839846e0,2.63111916979141824e-1,8.73027704247918406e-4,9.99834450076826586e-1
1.25000000000000000e0,6.21093750000000000e-1,5.51374210284276467e-1,5.26632174425683330e-1
8.00000000000000000e0,6.24999999999999889e-1,2.32830643653869282e-2,9.97059532040590724e-1
5.61590707057621330e0,6.28906250000000111e-1,7.39396161928166651e-2,9.86414862309931362e-1
4.12465143430745229e0,9.96093749999999889e-1,9.83986136995178451e-1,3.67019843214859420e-1
1.25000000000000000e0,1.00000000000000003e-300,0.00000000000000000e0,1.00000000000000000e0
8.00000000000000000e0,5.93108271723394864e-1,1.53134077753533746e-2,9.98072875677837867e-1
2.69163889705669135e0,2.50581237014557701e-1,2.41094073555460711e-2,9.90974089285247661e-1
7.01524167932802811e0,7.70242615531060437e-1,1.60200850261970812e-1,9.75419543806151590e-1
1.25000000000000000e0,6.52343750000000000e-1,5.86267247226363142e-1,4.93600876511862185e-1
8.00000000000000000e0,6.56249999999999889e-1,3.43996901947320535e-2,9.95633898212438195e-1
2.05919957353034988e0,6.60156250000000111e-1,4.25222897515493581e-1,7.64199560637110475e-1
1.98081919155083597e0,9.96093749999999889e-1,9.92277247985644983e-1,8.58340109841129045e-2
1.25000000000000000e0,1.00000000000000003e-300,0.00000000000000000e0,1.00000000000000000e0
8.00000000000000000e0,2.52793318791191268e-1,1.66772612672116987e-5,9.99997915327131115e-1
3.57244839856866747e0,3.04605260457719851e-1,1.43112806539854170e-2,9.95973172777019911e-1
4.50480710121337324e0,7.84891347161646991e-1,3.35843753314413407e-1,9.13159514321427945e-1
1.25000000000000000e0,6.83593750000000000e-1,6.21580818797580759e-1,4.59598405540625254e-1
8.00000000000000000e0,6.87499999999999889e-1,4.99093162361531825e-2,9.93620704364861940e-1
6.94783047505188733e0,6.91406250000000111e-1,7.70006063166442933e-2,9.88533623950419216e-1
4.22612989024491981e0,9.96093749999999889e-1,9.83595398466000304e-1,3.78111275304730654e-1
1.25000000000000000e0,1.00000000000000003e-300,0.00000000000000000e0,1.00000000000000000e0
8.00000000000000000e0,3.19385615921419230e-1,1.08273661692050963e-4,9.99986465151133430e-1
4.89684609766118228e0,1.59397891229673405e-1,1.24359765003335899e-4,9.99974602853235917e-1
7.03334613912738860e0,1.58140672656372772e-1,2.32592800669752082e-6,9.99999669299607707e-1
1.25000000000000000e0,7.14843750000000000e-1,6.57300413550238272e-1,4.24551973763815704e-1
8.00000000000000000e0,7.18749999999999889e-1,7.12234262036871846e-2,9.90806635906220756e-1
4.80112395668402314e0,7.22656250000000111e-1,2.10239303082825346e-1,9.52028388190626407e-1
4.23387850762810558e0,9.96093749999999889e-1,9.83565569117417215e-1,3.78947456284882356e-1
1.25000000000000000e0,1.00000000000000003e-300,0.00000000000000000e0,1.00000000000000000e0
8.00000000000000000e0,2.25174059460186982e-1,6.60916903052025342e-6,9.99999173851482404e-1
7.50800723256543279e0,6.68003088321711402e-1,4.83543431131996312e-2,9.93420452030315149e-1
2.89929812418995425e0,4.48935220260864298e-1,9.80791720880344886e-2,9.65021725524842555e-1
1.25000000000000000e0,7.46093750000000000e-1,6.93412637461939152e-1,3.88367965075247235e-1
8.00000000000000000e0,7.49999999999999889e-1,1.00112915039062389e-1,9.86900803059380327e-1
5.80299085547449067e0,7.53906250000000111e-1,1.94121512891216541e-1,9.63491546966330326e-1
5.62045482773100957e0,9.96093749999999889e-1,9.78242294899863030e-1,5.06087433756825522e-1
1.25000000000000000e0,1.00000000000000003e-300,0.00000000000000000e0,1.00000000000000000e0
8.00000000000000000e0,1.17668643124488881e-1,3.67524219474041833e-8,9.99999995405947195e-1
7.48631098162150010e0,4.21394454178880551e-2,5.05816250517098607e-11,9.99999999993243405e-1
1.80047404189826921e0,4.47879697712778579e-1,2.35464323139886245e-1,8.61465781298693445e-1
1.25000000000000000e0,7.77343750000000000e-1,7.29905084377545754e-1,3.50924045354857606e-1
8.00000000000000000e0,7.81249999999999889e-1,1.38777878078144401e-1,9.81497950584168777e-1
2.41347802180098370e0,7.85156250000000111e-1,5.57800420057386614e-1,7.13124846155365533e-1
7.42899122362723574e0,9.96093749999999889e-1,9.71342325190437506e-1,6.19915695960278845e-1
1.25000000000000000e0,1.00000000000000003e-300,0.00000000000000000e0,1.00000000000000000e0
8.00000000000000000e0,3.93600612492264190e-1,5.76031355906575764e-4,9.99927977928000589e-1
2.86906845826888457e0,7.52124340729096730e-1,4.41638086089442494e-1,8.16185201030826035e-1
1.79073057294590399e0,4.28305802752220188e-1,2.19063768674665371e-1,8.71030122951574448e-1
1.25000000000000000e0,8.08593750000000000e-1,7.66766226112211458e-1,3.12056441403199991e-1
8.00000000000000000e0,8.12499999999999889e-1,1.89927108818664925e-1,9.74014702210592831e-1
6.89087613607989624e0,8.16406250000000111e-1,2.47148152452653175e-1,9.59639589302523688e-1
7.98404417978599668e0,9.96093749999999889e-1,9.69234450772557432e-1,6.46592094783691729e-1
1.25000000000000000e0,1.00000000000000003e-300,0.00000000000000000e0,1.00000000000000000e0
8.00000000000000000e0,5.48179897955378692e-1,8.15426545662241951e-3,9.98977061892884710e-1
3.09037160436855629e0,6.23499449379778525e-1,2.32256153774105190e-1,9.18031646555413583e-1
2.06301327556138858e0,3.75452750581644068e-1,1.32526252049947640e-1,9.33407161154703235e-1
1.25000000000000000e0,8.39843750000000000e-1,8.03985318582136510e-1,2.71538166274589876e-1
8.00000000000000000e0,8.43749999999999889e-1,2.56868167053653174e-1,9.63569917989745894e-1
4.69714795972686261e0,8.47656250000000111e-1,4.60084531644026795e-1,8.77027993716501308e-1
4.98501306562684476e0,9.96093749999999889e-1,9.80678265310821806e-1,4.53083928359919175e-1
1.25000000000000000e0,1.00000000000000003e-300,0.00000000000000000e0,1.00000000000000000e0
8.00000000000000000e0,6.01640953682363033e-1,1.71671866101746617e-2,9.97837809504438789e-1
3.70813599869143218e0,7.67659882708358055e-1,3.75137484192617832e-1,8.80902238932244952e-1
2.49792934657307342e0,9.53867476086998067e-1,8.88715133315316930e-1,4.15200876847400757e-1
1.25000000000000000e0,8.71093750000000000e-1,8.41552321112263302e-1,2.29038613107511391e-1
8.00000000000000000e0,8.74999999999999889e-1,3.43608915805816317e-1,9.48735899240879754e-1
5.97048478107899427e0,8.78906250000000111e-1,4.62711043197771787e-1,9.01181702432924281e-1
2.44499280792661011e0,9.96093749999999889e-1,9.90476185845737378e-1,1.49051161502291807e-1
1.25000000000000000e0,1.00000000000000003e-300,0.00000000000000000e0,1.00000000000000000e0
8.00000000000000000e0,3.01604775954729121e-1,6.84708493202184433e-5,9.99991440887434968e-1
4.29753976053325459e0,6.34060489123839943e-1,1.41139566380315773e-1,9.65215671671333486e-1
7.17917828855570406e0,1.52981164137599990e-1,1.40078200973902996e-6,9.99999804882564902e-1
1.25000000000000000e0,9.02343750000000000e-1,8.79457826661926401e-1,1.84039571709140370e-1
8.00000000000000000e0,9.06249999999999889e-1,4.54971462168941354e-1,9.26941668579703837e-1
7.10019003890920430e0,9.10156250000000111e-1,5.12525544871732963e-1,9.03755044570158317e-1
1.58151076536159962e0,9.96093749999999889e-1,9.93829243892661363e-1,4.00696868823531005e-2
1.25000000000000000e0,1.00000000000000003e-300,0.00000000000000000e0,1.00000000000000000e0
8.00000000000000000e0,4.51144188264152035e-2,1.71602233652364440e-11,9.99999999997854938e-1
5.69907699513714761e0,8.49924546714646567e-1,3.95852420081269196e-1,9.15372421184562746e-1
4.88005399244138971e0,6.85182519641784893e-1,1.58024984150256814e-1,9.65367401201414288e-1
1.25000000000000000e0,9.33593750000000000e-1,9.17693001162039002e-1,1.35628017310374271e-1
8.00000000000000000e0,9.37499999999999889e-1,5.96719473833217662e-1,8.92690486310700249e-1
1.42808605910977349e0,9.41406250000000111e-1,9.17384524357534592e-1,1.74455771346882421e-1
1.59137202781857923e0,9.96093749999999889e-1,9.93790886810876350e-1,4.10359981859486217e-2
1.25000000000000000e0,1.00000000000000003e-300,0.00000000000000000e0,1.00000000000000000e0
8.00000000000000000e0,3.81925584269993124e-2,4.52720346648502370e-12,9.99999999999434119e-1
4.95755432802252471e0,8.75702748940057063e-1,5.17881352007770857e-1,8.63153886571715323e-1
5.04249662591610104e0,5.66326447192295745e-1,5.68643908645120530e-2,9.88456780240010047e-1
1.25000000000000000e0,9.64843750000000000e-1,9.56249530507097822e-1,8.18061914634310022e-2
8.00000000000000000e0,9.68749999999999889e-1,7.75699879742205001e-1,8.29571241919349389e-1
4.49096087086945772e0,9.72656250000000111e-1,8.82929555375595920e-1,6.20256924363135509e-1
2.09021773817948997e0,9.96093749999999889e-1,9.91852470722783264e-1,1.00137096421329397e-1
1.25000000000000000e0,1.00000000000000003e-300,0.00000000000000000e0,1.00000000000000000e0
8.00000000000000000e0,6.20445630897847877e-1,2.19598740691332173e-2,9.97228275686780186e-1
2.39085639931727201e0,5.04372655605038744e-1,1.94680118294345117e-1,9.13419620154494849e-1
6.75139024195959792e0,4.61637803196026653e-1,5.41461417624766218e-3,9.99196144253828078e-1
1.25000000000000000e0,9.96093750000000000e-1,9.95119574018085040e-1,1.41503174963419943e-2
8.00000000000000000e0,3.90624999999999957e-3,5.42101086242751736e-20,1.00000000000000000e0
4.11062593548558652e0,7.81250000000000173e-3,2.17795071199667087e-9,9.99999999470165712e-1
1.75260237720794976e0,9.96093749999999889e-1,9.93163963478088552e-1,5.81543910331430228e-2
1.25000000000000000e0,1.00000000000000003e-300,0.00000000000000000e0,1.00000000000000000e0
8.00000000000000000e0,3.77406206184787152e-1,4.11597094603010142e-4,9.99948541096062682e-1
7.38664029317442328e0,4.64602099882540642e-1,3.47414822640524376e-3,9.99528963474494603e-1
2.59102166752563789e0,3.55532246680922981e-1,6.85989945804303808e-2,9.72945172646561884e-1
1.25000000000000000e0,3.12500000000000000e-2,1.31390064883392908e-2,9.89474911017593883e-1
8.00000000000000000e0,3.51562499999999931e-2,2.33356742132886566e-12,9.99999999999708344e-1
5.34714833798352629e0,3.90625000000000069e-2,2.95074724288378083e-8,9.99999994481643117e-1
6.27109580551041290e0,9.96093749999999889e-1,9.75754327758884377e-1,5.52600056062328426e-1
1.25000000000000000e0,1.00000000000000003e-300,0.00000000000000000e0,1.00000000000000000e0
8.00000000000000000e0,1.57844327522980166e-1,3.85329122601085193e-7,9.99999951833851597e-1
6.39694181812228635e0,9.42535575668443926e-1,6.84832262196630737e-1,8.34852382779557534e-1
2.09508134744828567e0,3.40601771440560697e-1,1.04717486617477873e-1,9.48571673358815981e-1
1.25000000000000000e0,6.25000000000000000e-2,3.12500000000000000e-2,9.74920881309620624e-1
8.00000000000000000e0,6.64062499999999861e-2,3.78156568613205531e-10,9.99999999952730367e-1
5.24396243650699034e0,7.03125000000000139e-2,8.99253109344070776e-7,9.99999828516422995e-1
5.83203962701372802e0,9.96093749999999889e-1,9.77432526662759260e-1,5.22008192800983317e-1
1.25000000000000000e0,1.00000000000000003e-300,0.00000000000000000e0,1.00000000000000000e0
8.00000000000000000e0,3.75965933640145522e-1,3.99197636657175824e-4,9.99950091578311051e-1
3.11394109908724204e0,3.62158638608889305e-2,3.25458709273106109e-5,9.99989548218981783e-1
5.56807858892716467e0,9.77268399797139864e-1,8.79825136004341535e-1,6.83500721822383417e-1
1.25000000000000000e0,9.37500000000000000e-2,5.18757149859525729e-2,9.58279541706075433e-1
8.00000000000000000e0,9.76562499999999861e-2,8.27180612553026682e-9,9.99999998966024206e-1
5.46546660683816299e0,1.01562500000000014e-1,3.72678613627890523e-6,9.99999318120102454e-1
2.09153117559617385e0,9.96093749999999889e-1,9.91847371957767843e-1,1.00311910956992434e-1
1.25000000000000000e0,1.00000000000000003e-300,0.00000000000000000e0,1.00000000000000000e0
8.00000000000000000e0,1.08451436385621491e-1,1.91373794156137617e-8,9.99999997607827540e-1
3.02689832350006327e0,2.25675408510142006e-1,1.10423757619659644e-2,9.96338346182718992e-1
3.87635481852339581e0,8.12489691147675330e-1,4.47117866817926424e-1,8.58234183355615965e-1
1.25000000000000000e0,1.25000000000000000e-1,7.43254446876700642e-2,9.40083999439220497e-1
8.00000000000000000e0,1.28906249999999972e-1,7.62415639649612996e-8,9.99999990469804145e-1
5.37001153844175860e0,1.32812500000000028e-1,1.95786640472368634e-5,9.99996354045074254e-1
7.74748907174216583e0,9.96093749999999889e-1,9.70132234820923367e-1,6.35606309568020889e-1
1.25000000000000000e0,1.00000000000000003e-300,0.00000000000000000e0,1.00000000000000000e0
8.00000000000000000e0,8.36697606064262800e-1,2.40186288465935371e-1,9.66247516800332718e-1
1.47529554297216237e0,8.24163833663078549e-1,7.51787618085829612e-1,3.88859757207957069e-1
6.36146237712819129e0,7.81376428849398508e-1,2.08178017315751529e-1,9.63972401692298808e-1
1.25000000000000000e0,1.56250000000000000e-1,9.82369866939793307e-2,9.20606283200720688e-1
8.00000000000000000e0,1.60156249999999972e-1,4.32863664027364540e-7,9.99999945892031783e-1
1.34797573089599609e0,1.64062500000000028e-1,8.74684883944245040e-2,9.34350363171098985e-1
1.90408168407157063e0,9.96093749999999889e-1,9.92575316149588938e-1,7.61564290085974815e-2
1.25000000000000000e0,1.00000000000000003e-300,0.00000000000000000e0,1.00000000000000000e0
8.00000000000000000e0,5.33302028461548616e-1,6.54313505452151084e-3,9.99179757183257911e-1
3.63268410647287965e0,1.24189022735663457e-1,5.11788441801803908e-4,9.99859089486742958e-1
4.13784062454942614e0,4.84790014434111072e-1,4.99886241839669621e-2,9.87683223702980340e-1
1.25000000000000000e0,1.87500000000000000e-1,1.23381938714296174e-1,9.00012065233527281e-1
8.00000000000000000e0,1.91406249999999972e-1,1.80156077608106471e-6,9.99999774804725461e-1
3.99751521734287962e0,1.95312500000000028e-1,1.46110873726842342e-3,9.99634295371185089e-1
7.04435089958133176e0,9.96093749999999889e-1,9.72805727441567347e-1,5.99462452293157089e-1
1.25000000000000000e0,1.00000000000000003e-300,0.00000000000000000e0,1.00000000000000000e0
8.00000000000000000e0,8.17699008675845107e-1,1.99870072472363325e-1,9.72512213804442527e-1
4.01128312823129818e0,8.47998752346939000e-1,5.16146429187223310e-1,8.34449772362032993e-1
5.59937063435791060e0,4.24315840350573126e-1,8.22799636669700914e-3,9.98525559163316423e-1
1.25000000000000000e0,2.18750000000000000e-1,1.49601199985494732e-1,8.78411698429618637e-1
8.00000000000000000e0,2.22656249999999972e-1,6.04058671095299814e-6,9.99999244924665631e-1
7.36083374026929960e0,2.26562500000000028e-1,1.79327247370770941e-5,9.99997563745586682e-1
7.87165817199274898e0,9.96093749999999889e-1,9.69660879305491497e-1,6.41440887858710673e-1
1.25000000000000000e0,1.00000000000000003e-300,0.00000000000000000e0,1.00000000000000000e0
8.00000000000000000e0,5.69407836460413819e-1,1.10506422276517302e-2,9.98611944970953291e-1
6.38784595334436744e0,5.76720510434824973e-1,2.97223933808137518e-2,9.95287627948831521e-1
1.38600592751754448e0,2.66546323400689289e-1,1.59999105094081745e-1,8.81795783317848025e-1
1.25000000000000000e0,2.50000000000000000e-1,1.76776695296636865e-1,8.55882457754387982e-1
8.00000000000000000e0,2.53906249999999944e-1,1.72737699193626042e-5,9.99997840762442025e-1
2.39370300207519904e0,2.57812500000000056e-1,3.89795253301598449e-2,9.83527120618205575e-1
7.74905432929517701e0,9.96093749999999889e-1,9.70126291556363540e-1,6.35680816343072164e-1
1.25000000000000000e0,1.00000000000000003e-300,0.00000000000000000e0,1.00000000000000000e0
8.00000000000000000e0,3.99660847092491167e-1,6.50927824616131384e-4,9.99918610841013411e-1
2.86405759415356442e0,5.38814264928078046e-1,1.70147695726470233e-1,9.36954985992685785e-1
4.42995237716240808e0,2.52837007401467417e-1,2.26262446956603837e-3,9.99488796076490993e-1
1.25000000000000000e0,2.81250000000000000e-1,2.04816841189027071e-1,8.32479866389307155e-1
8.00000000000000000e0,2.85156249999999944e-1,4.37182891827210405e-5,9.99994535109325677e-1
4.82037589221727103e0,2.89062500000000056e-1,2.52218911628028161e-3,9.99476241303845714e-1
4.58973468729527667e0,9.96093749999999889e-1,9.82196627032959624e-1,4.15741886068492161e-1
1.25000000000000000e0,1.00000000000000003e-300,0.00000000000000000e0,1.00000000000000000e0
8.00000000000000000e0,3.91041478806073428e-1,5.46742221249121038e-4,9.99931640869182070e-1
4.10173479135846719e0,7.08382319476186240e-1,2.43129618933420194e-1,9.34341267464941838e-1
5.56413427850930020e0,9.08773480932723032e-1,5.87275160353716075e-1,8.52953924999652058e-1
1.25000000000000000e0,3.12500000000000000e-1,2.33648247065815717e-1,8.08244064758564473e-1
8.00000000000000000e0,3.16406249999999944e-1,1.00452425720633150e-4,9.99987442894915701e-1
6.87577256839722395e0,3.20312500000000056e-1,3.98509331805290074e-4,9.99942031647948260e-1
1.75682455243077129e0,9.96093749999999889e-1,9.93147551411613705e-1,5.86333044720423469e-2
1.25000000000000000e0,1.00000000000000003e-300,0.00000000000000000e0,1.00000000000000000e0
8.00000000000000000e0,8.40429472696087032e-1,2.48891573220744844e-1,9.64856727441989359e-1
4.85108010011026636e0,2.54107669284167059e-1,1.29925248959322911e-3,9.99732034304823935e-1
7.68485098832752556e0,3.99422127175057540e-1,8.65097855144908228e-4,9.99887385775416915e-1
1.25000000000000000e0,3.43750000000000000e-1,2.63210605075755055e-1,7.83203632262817862e-1
8.00000000000000000e0,3.47656249999999944e-1,2.13402906766215405e-4,9.99973322145809473e-1
5.31247739441459998e0,3.51562500000000056e-1,3.87390332545755950e-3,9.99269642306462536e-1
5.56956654228270054e0,9.96093749999999889e-1,9.78437152412632627e-1,5.02136303928669592e-1
1.25000000000000000e0,1.00000000000000003e-300,0.00000000000000000e0,1.00000000000000000e0
8.00000000000000000e0,8.33308991082049033e-1,2.32513697112748108e-1,9.67461807064106893e-1
7.65650746121536940e0,1.62924908404420421e-1,9.25926051202090046e-7,9.99999879066737818e-1
3.80722453881753609e0,5.25126473762611568e-1,8.60957882699724536e-2,9.76630380074872573e-1
1.25000000000000000e0,3.75000000000000000e-1,2.93453358763741345e-1,7.57377970690611857e-1
8.00000000000000000e0,3.78906249999999944e-1,4.24868126486718355e-4,9.99946881609766414e-1
7.44140547025017440e0,3.82812500000000056e-1,7.88552404979407521e-4,9.99893995607834207e-1
6.10907639947254211e0,9.96093749999999889e-1,9.76373276776788535e-1,5.41677767582911973e-1
1.25000000000000000e0,1.00000000000000003e-300,0.00000000000000000e0,1.00000000000000000e0
8.00000000000000000e0,3.46239803097887489e-1,2.06545594854602759e-4,9.99974179467314039e-1
3.49578904081135988e0,8.52365185392045532e-2,1.82680861588075901e-4,9.99947739187452833e-1
3.20994907448766753e0,7.84529700454186241e-1,4.58882512678572885e-1,8.25870480705029220e-1
1.25000000000000000e0,4.06250000000000000e-1,3.24333431863059574e-1,7.30778807734985048e-1
8.00000000000000000e0,4.10156249999999944e-1,8.00930200953317399e-4,9.99899848625869669e-1
2.41050629399251193e0,4.14062500000000056e-1,1.19380925559857048e-1,9.48626614206225405e-1
4.11731396813411266e0,9.96093749999999889e-1,9.84014395617037074e-1,3.66207707267160232e-1
1.25000000000000000e0,1.00000000000000003e-300,0.00000000000000000e0,1.00000000000000000e0
8.00000000000000000e0,6.09736693877493963e-1,1.91046309525943619e-2,9.97591719253724696e-1
5.43804458668455482e0,7.76212754562948248e-1,2.52179946010785805e-1,9.47965641626408617e-1
3.29910884535638615e0,7.88076452495261037e-1,4.55793085180432822e-1,8.31585432443435524e-1
1.25000000000000000e0,4.37500000000000000e-1,3.55813622871390622e-1,7.03411119102827165e-1
8.00000000000000000e0,4.41406249999999944e-1,1.44114548469031220e-3,9.99819743131518224e-1
6.08922203088877723e0,4.45312500000000056e-1,7.25508464572878140e-3,9.98804908277303505e-1
3.77948331588413566e0,9.96093749999999889e-1,9.85316354607652545e-1,3.27317421819329213e-1
1.25000000000000000e0,1.00000000000000003e-300,0.00000000000000000e0,1.00000000000000000e0
8.00000000000000000e0,6.28691162005452497e-1,2.44061255734244753e-2,9.96916153423971219e-1
4.32622192805865780e0,7.81439487282113987e-1,3.44065816947257630e-1,9.07125786127660705e-1
4.88308956363471225e0,1.41848876164658577e-1,7.21588994589304826e-5,9.99985222271903007e-1
1.25000000000000000e0,4.68750000000000000e-1,3.87861435896117934e-1,6.75273632934104806e-1
8.00000000000000000e0,4.72656249999999944e-1,2.49093984716034769e-3,9.99688292665906530e-1
3.50574689108179882e0,4.76562500000000056e-1,7.43994489158172345e-2,9.78188313928286424e-1
2.97836039966205135e0,9.96093749999999889e-1,9.88410676874403871e-1,2.23870786625354673e-1
1.25000000000000000e0,1.00000000000000003e-300,0.00000000000000000e0,1.00000000000000000e0
8.00000000000000000e0,5.88952691646227322e-1,1.44758237781271414e-2,9.98178957519172516e-1
4.60701994074042886e0,1.33630832815470058e-1,9.39798227954304511e-5,9.99979599983993661e-1
4.45031265699071810e0,7.41891099728491099e-1,2.64833656865821054e-1,9.33203599473721113e-1
1.25000000000000000e0,5.00000000000000000e-1,4.20448207626857307e-1,6.46359003387838027e-1
8.00000000000000000e0,5.03906249999999889e-1,4.15717167836864715e-3,9.99479405963667245e-1
4.76976967876544222e0,5.07812500000000111e-1,3.94705282457001663e-2,9.91592656765569291e-1
3.96409012738149613e0,9.96093749999999889e-1,9.84604688675925321e-1,3.48933045241334616e-1
1.25000000000000000e0,1.00000000000000003e-300,0.00000000000000000e0,1.00000000000000000e0
8.00000000000000000e0,6.71530082768185821e-1,4.13545959022264750e-2,9.94734657222602237e-1
7.71112667844863608e0,7.05376133191748522e-2,1.31833750573430826e-9,9.99999999829034425e-1
7.37653825740562752e0,1.70138558078178903e-1,2.11829793080618819e-6,9.99999712832795540e-1
1.25000000000000000e0,5.31250000000000000e-1,4.53548441374382105e-1,6.16653690845822000e-1
8.00000000000000000e0,5.35156249999999889e-1,6.72736226359563812e-3,9.99156594245792284e-1
3.73726303310832009e0,5.39062500000000111e-1,9.93264257497597364e-2,9.72396428784725653e-1
5.21518847928382456e0,9.96093749999999889e-1,9.79795186380813754e-1,4.73232969083618782e-1
1.25000000000000000e0,1.00000000000000003e-300,0.00000000000000000e0,1.00000000000000000e0
8.00000000000000000e0,4.54099027670054056e-1,1.80802560177533551e-3,9.99773817826438260e-1
1.41566659318050370e0,3.84708069154839905e-1,2.58633177010570037e-1,8.09457185994941764e-1
3.59181740938220173e0,4.91339863801840693e-1,7.78933709082833825e-2,9.77675422278848294e-1
1.25000000000000000e0,5.62500000000000000e-1,4.87139289628746752e-1,5.86137548621282645e-1
8.00000000000000000e0,5.66406249999999889e-1,1.05931298380936741e-2,9.98669681103891538e-1
2.32570444117300212e0,5.70312500000000111e-1,2.70888561039016373e-1,8.72980420977283678e-1
1.79217794584110379e0,9.96093749999999889e-1,9.93010139466907971e-1,6.26983162679050215e-2
1.25000000000000000e0,1.00000000000000003e-300,0.00000000000000000e0,1.00000000000000000e0
8.00000000000000000e0,8.86105720273917541e-1,3.80088142543190177e-1,9.41979047657247714e-1
6.17550214653601870e0,1.41188151596907119e-1,5.61794242189216844e-6,9.99999090283589243e-1
4.57355884212302044e0,3.42191176473534142e-1,7.41226578750139170e-3,9.98374608177349354e-1
1.25000000000000000e0,5.93750000000000000e-1,5.21200145513764590e-1,5.54783080617820890e-1
8.00000000000000000e0,5.97656249999999889e-1,1.62784003034100178e-2,9.97950559339919496e-1
3.99023151898290962e0,6.01562500000000111e-1,1.31607037702065166e-1,9.65253903620491016e-1
4.29162485315464437e0,9.96093749999999889e-1,9.83343295255556860e-1,3.85131422626524167e-1
1.25000000000000000e0,1.00000000000000003e-300,0.00000000000000000e0,1.00000000000000000e0
8.00000000000000000e0,6.02359684512521198e-1,1.73319400136402388e-2,9.97816899382326650e-1
2.13331229327013716e0,5.65843972117363592e-2,2.18329551857210282e-3,9.98975975949160211e-1
2.30327087402110919e0,4.95621361060329946e-1,1.98539951257421798e-1,9.08382709362975382e-1
1.25000000000000000e0,6.25000000000000000e-1,5.55712315637163390e-1,5.22554292791055919e-1
8.00000000000000000e0,6.28906249999999889e-1,2.44730042578245391e-2,9.96907610622218443e-1
4.78114445833489299e0,6.32812500000000111e-1,1.12167567800414883e-1,9.75423410020746062e-1
7.47370873310137540e0,9.96093749999999889e-1,9.71172335898018879e-1,6.22184005424262110e-1
1.25000000000000000e0,1.00000000000000003e-300,0.00000000000000000e0,1.00000000000000000e0
8.00000000000000000e0,1.87131355260135024e-1,1.50373913735994145e-6,9.99999812032484225e-1
4.02834265492856503e0,2.08517438477429096e-1,1.80830720344262309e-3,9.99550798486036007e-1
6.74198418913874775e0,2.90907479288762261e-1,2.42462136615004747e-4,9.99964033262661589e-1
1.25000000000000000e0,6.56250000000000000e-1,5.90658754822255272e-1,4.89405003434716157e-1
8.00000000000000000e0,6.60156249999999889e-1,3.60723066642170270e-2,9.95418154564847946e-1
7.86857451277319342e0,6.64062500000000111e-1,3.99059747207228949e-2,9.94837838352815806e-1
1.33715251774992794e0,9.96093749999999889e-1,9.94780190467695835e-1,1.96394865820095701e-2
1.25000000000000000e0,1.00000000000000003e-300,0.00000000000000000e0,1.00000000000000000e0
8.00000000000000000e0,5.84845557114022085e-2,1.36876710824088764e-10,9.99999999982890353e-1
4.71982512279646471e0,6.19573128460615408e-2,1.99016087121420580e-6,9.99999578339794359e-1
4.83385153295239434e0,5.27509714274856378e-1,4.54258739652353694e-2,9.90428515793877362e-1
1.25000000000000000e0,6.87500000000000000e-1,6.26023848600518518e-1,4.55276387257092574e-1
8.00000000000000000e0,6.91406249999999889e-1,5.22235521495053104e-2,9.93317848153097427e-1
2.65135401353472844e0,6.95312500000000111e-1,3.81560498644739121e-1,8.34227407702891055e-1
7.04491690435679629e0,9.96093749999999889e-1,9.72803572401331196e-1,5.99493841664900273e-1
1.25000000000000000e0,1.00000000000000003e-300,0.00000000000000000e0,1.00000000000000000e0
8.00000000000000000e0,2.52831950592735666e-1,1.66976610897216069e-5,9.99997912777116138e-1
4.60016000102041289e0,3.71707884537499922e-1,1.05404557409220397e-2,9.97699165931641652e-1
1.61743039771681651e0,1.39771740723517723e-1,4.14739422002959185e-2,9.74151170789304022e-1
1.25000000000000000e0,7.18750000000000000e-1,6.61793233067654585e-1,4.20093376574507404e-1
8.00000000000000000e0,7.22656249999999889e-1,7.43796456006219076e-2,9.90385132172570071e-1
2.45033237204188481e0,7.26562500000000111e-1,4.57164700414198044e-1,7.79320225828806334e-1
3.99152832565596327e0,9.96093749999999889e-1,9.84498957315494638e-1,3.52070816409820520e-1
1.25000000000000000e0,1.00000000000000003e-300,0.00000000000000000e0,1.00000000000000000e0
8.00000000000000000e0,3.54863298653071979e-1,2.51471447657955428e-4,9.99968562610177081e-1
6.89960952074034140e0,2.69549050349269237e-1,1.17929697957129350e-4,9.99982906910325542e-1
4.12409933039452881e0,4.19473919550910068e-1,2.77969915513337704e-2,9.93187722451709165e-1
1.25000000000000000e0,7.50000000000000000e-1,6.97953644326574696e-1,3.83759270689762455e-1
8.00000000000000000e0,7.53906249999999889e-1,1.04361124392823038e-1,9.86317223452427450e-1
2.66735583153786138e0,7.57812500000000111e-1,4.77252674145847711e-1,7.84127575123113596e-1
3.81572225160198286e0,9.96093749999999889e-1,9.85176611635102617e-1,3.31629881317999309e-1
1.25000000000000000e0,1.00000000000000003e-300,0.00000000000000000e0,1.00000000000000000e0
8.00000000000000000e0,7.79840436184713326e-1,1.36787371212057057e-1,9.81781226190010292e-1
7.65184852230595425e0,9.36692501827565138e-1,6.06268328307114635e-1,8.85314946404530345e-1
1.36090433772187680e0,5.29264719821185281e-1,4.20673652955635746e-1,6.69568048258439852e-1
1.25000000000000000e0,7.81250000000000000e-1,7.34492791618436280e-1,3.46147383494430416e-1
8.00000000000000000e0,7.85156249999999889e-1,1.44427115256950539e-1,9.80690857330018151e-1
5.38734700158238411e0,7.89062500000000111e-1,2.79063753647308954e-1,9.41071883617325189e-1
1.81301924266153947e0,9.96093749999999889e-1,9.92929142201057657e-1,6.51390858113493343e-2
1.25000000000000000e0,1.00000000000000003e-300,0.00000000000000000e0,1.00000000000000000e0
8.00000000000000000e0,4.46498538622108754e-4,1.57964804502577529e-27,1.00000000000000000e0
3.71982873632805422e0,3.86929617488931399e-1,2.92456694473758778e-2,9.92052391462693417e-1
1.99297698965528980e0,7.80120065137452912e-1,6.09649536510073031e-1,6.23745632259766647e-1
1.25000000000000000e0,8.12500000000000000e-1,7.71399249609601378e-1,3.07087487610373744e-1
8.00000000000000000e0,8.16406249999999889e-1,1.97356105463093290e-1,9.72893637715531945e-1
7.36944905325071886e0,8.20312500000000111e-1,2.32313822436433448e-1,9.64761500602120181e-1
1.91441702801967040e0,9.96093749999999889e-1,9.92535165805569553e-1,7.74403566782993213e-2
1.25000000000000000e0,1.00000000000000003e-300,0.00000000000000000e0,1.00000000000000000e0
8.00000000000000000e0,6.86531585715783876e-1,4.93496620870772368e-2,9.93693847474142133e-1
4.63706962467404082e0,8.91881517036381410e-1,5.88262086634468884e-1,8.25831917610807542e-1
7.40665260510286316e0,8.84774630640094983e-2,1.58327147998517083e-8,9.99999997862365708e-1
1.25000000000000000e0,8.43750000000000000e-1,8.08662366311688641e-1,2.66342406184980895e-1
8.00000000000000000e0,8.47656249999999889e-1,2.66537394668921346e-1,9.61993742533708174e-1
7.05368576804175973e0,8.51562500000000111e-1,3.21935833253775006e-1,9.46409922946308546e-1
7.07100318284938112e0,9.96093749999999889e-1,9.72704255133736706e-1,6.00936253851409141e-1
1.25000000000000000e0,1.00000000000000003e-300,0.00000000000000000e0,1.00000000000000000e0
8.00000000000000000e0,3.77675789472959877e-1,4.13955031486730300e-4,9.99948246247456263e-1
2.14822923106839880e0,5.28742631918248662e-1,2.54369699302901986e-1,8.72287710354741619e-1
7.17785053851548582e0,9.48533739820049959e-1,6.84365818764835598e-1,8.51584178869341346e-1
1.25000000000000000e0,8.75000000000000000e-1,8.46272183867105343e-1,2.23564048745042765e-1
8.00000000000000000e0,8.78906249999999889e-1,3.56074130451792426e-1,9.46464837913302715e-1
2.96057465701596811e0,8.82812500000000111e-1,6.91416239120098863e-1,6.72240054625971473e-1
4.65425766637781635e0,9.96093749999999889e-1,9.81948617906421073e-1,4.22084114624077245e-1
1.25000000000000000e0,1.00000000000000003e-300,0.00000000000000000e0,1.00000000000000000e0
8.00000000000000000e0,6.93453704707280849e-1,5.34736441206990071e-2,9.93153983587871436e-1
2.80927069747122005e0,2.76419085880661441e-1,2.69906547581834008e-2,9.90307528453882702e-1
5.12718846782809123e0,7.47535748791960941e-1,2.24950661931588664e-1,9.51513477161071708e-1
1.25000000000000000e0,9.06250000000000000e-1,8.84219370004389993e-1,1.78200421393898578e-1
8.00000000000000000e0,9.10156249999999889e-1,4.70898867214556038e-1,9.23511560749541327e-1
2.51841865846654400e0,9.14062500000000111e-1,7.97482127014143560e-1,5.30413094955067832e-1
2.33980573702137917e0,9.96093749999999889e-1,9.90884040526220367e-1,1.34291427296226340e-1
1.25000000000000000e0,1.00000000000000003e-300,0.00000000000000000e0,1.00000000000000000e0
8.00000000000000000e0,3.60074485001860012e-1,2.82578285429260919e-4,9.99964673346726451e-1
7.23603371530771255e0,3.66857342532966868e-1,7.05808964678032269e-4,9.99902429459691655e-1
4.18421733437571675e0,1.66513623098580865e-1,5.52556426357167290e-4,9.99867914930168467e-1
1.25000000000000000e0,9.37500000000000000e-1,9.22495158405670534e-1,1.29259677010167801e-1
8.00000000000000000e0,9.41406249999999889e-1,6.16902624825808377e-1,8.86979631890901565e-1
2.65852154028834775e0,9.45312500000000111e-1,8.61125949380211364e-1,4.75880441526739861e-1
4.03707907907664776e0,9.96093749999999889e-1,9.84323455439765183e-1,3.57237116267628330e-1
1.25000000000000000e0,1.00000000000000003e-300,0.00000000000000000e0,1.00000000000000000e0
8.00000000000000000e0,4.72167037273720780e-1,2.47038885939117022e-3,9.99690867128324889e-1
6.32429879752453417e0,4.53884546527660859e-1,6.76737408024618518e-3,9.98926879846605109e-1
5.38872297166381031e0,7.60434716526106058e-1,2.28599734052386372e-1,9.52976524749877374e-1
1.25000000000000000e0,9.68750000000000000e-1,9.61091296567379794e-1,7.44796122736767624e-2
8.00000000000000000e0,9.72656249999999889e-1,8.01078460026175887e-1,8.17212924612359171e-1
4.46298411278985441e0,9.76562500000000111e-1,8.99562736994817369e-1,5.97529355631307935e-1
6.60658844740828499e0,9.96093749999999889e-1,9.74473920775272950e-1,5.73950792337333704e-1
1.25000000000000000e0,1.00000000000000003e-300,0.00000000000000000e0,1.00000000000000000e0
8.00000000000000000e0,4.34036077103883144e-1,1.25952454942919348e-3,9.99842472606600308e-1
3.47387078468455002e0,9.87506211731670192e-2,3.21485442263799031e-4,9.99907445535646811e-1
1.45291466079652309e0,3.29721506382156804e-1,1.99484479526410574e-1,8.58009587863952650e-1
1.25000000000000000e0,3.90625000000000000e-3,9.76562500000000000e-4,9.99218673676236402e-1
8.00000000000000000e0,7.81249999999999913e-3,1.38777878078144444e-17,1.00000000000000000e0
3.15275365416891873e0,1.17187500000000017e-2,8.15940383991852552e-7,9.99999741197473480e-1
5.90334868343779817e0,9.96093749999999889e-1,9.77159766762252580e-1,5.27195204969383768e-1
1.25000000000000000e0,1.00000000000000003e-300,0.00000000000000000e0,1.00000000000000000e0
8.00000000000000000e0,6.02811415424184815e-1,1.74361960514022758e-2,9.97803665861576650e-1
6.88613150687888265e0,4.53967676576212398e-1,4.34738971299667137e-3,9.99367498416605105e-1
2.23396805388620123e0,3.55437284015351906e-1,9.91788007258268683e-2,9.54321471679047906e-1
1.25000000000000000e0,3.51562500000000000e-2,1.52231028008983360e-2,9.87802864485006871e-1
8.00000000000000000e0,3.90624999999999931e-2,5.42101086242751409e-12,9.99999999999322320e-1
1.42004545760573819e0,4.29687500000000069e-2,1.14555179080343076e-2,9.91919256468039023e-1
6.65287624200573191e0,9.96093749999999889e-1,9.74297395449819970e-1,5.76769369130680110e-1
1.25000000000000000e0,1.00000000000000003e-300,0.00000000000000000e0,1.00000000000000000e0
8.00000000000000000e0,3.87465954627259634e-1,5.08005469048652307e-4,9.99936485198707481e-1
6.13364593591541052e0,5.46751771121307684e-1,2.46432462589501397e-2,9.95940214071628693e-1
6.21476713736774400e0,4.63299576904319110e-1,8.38319443638753728e-3,9.98646315855420741e-1
1.25000000000000000e0,6.64062500000000000e-2,3.37101895925506073e-2,9.72939689105993155e-1
8.00000000000000000e0,7.03124999999999861e-2,5.97393259860189609e-10,9.99999999925325844e-1
7.50049786403542385e0,7.42187500000000139e-2,3.37512558144936712e-9,9.99999999550013174e-1
4.27922009275062010e0,9.96093749999999889e-1,9.83391038698472886e-1,3.83810086499244529e-1
1.25000000000000000e0,1.00000000000000003e-300,0.00000000000000000e0,1.00000000000000000e0
8.00000000000000000e0,9.26012827922022552e-1,5.40674669619791937e-1,9.07329538000800406e-1
5.89038154395530000e0,9.23575340357274399e-1,6.26064158978547725e-1,8.46202868567935362e-1
5.25531908444827422e0,2.83592085111195047e-1,1.32963637932011170e-3,9.99746855957765801e-1
1.25000000000000000e0,9.76562500000000000e-2,5.45915033569284586e-2,9.56083010485366813e-1
8.00000000000000000e0,1.01562499999999986e-1,1.13205378543534830e-8,9.99999998584932714e-1
5.11183971533318982e0,1.05468750000000014e-1,1.01476490259918666e-5,9.99998014865291829e-1
4.60177810071036220e0,9.96093749999999889e-1,9.82150330608894895e-1,4.16933186107189269e-1
1.25000000000000000e0,1.00000000000000003e-300,0.00000000000000000e0,1.00000000000000000e0
8.00000000000000000e0,1.28056516623473726e-1,7.23125159718335191e-8,9.99999990960935170e-1
7.87801366520579904e0,1.44256584590038983e-1,2.37497545609528605e-7,9.99999969853115234e-1
1.80426646908745170e0,7.70267196389795572e-1,6.24411487220268624e-1,5.81149348940906529e-1
1.25000000000000000e0,1.28906250000000000e-1,7.72400361217169956e-2,9.37715283952770595e-1
8.00000000000000000e0,1.32812499999999972e-1,9.68080815649806158e-8,9.99999987898989251e-1
7.31780310714384541e0,1.36718750000000028e-1,4.74416769260183072e-7,9.99999935169495591e-1
5.16011566959787160e0,9.96093749999999889e-1,9.80006403440189300e-1,4.68514112014210060e-1
1.25000000000000000e0,1.00000000000000003e-300,0.00000000000000000e0,1.00000000000000000e0
8.00000000000000000e0,1.75999615084947436e-1,9.20648275553656857e-7,9.99999884918919224e-1
7.19447593396762386e0,7.84966605806403095e-2,1.11952403131163242e-8,9.99999998443911631e-1
5.19634772482095286e0,5.70527671670788550e-1,5.41413466890627443e-2,9.89345386325174658e-1
1.25000000000000000e0,1.60156250000000000e-1,1.01316426671723595e-1,9.18090392718665660e-1
8.00000000000000000e0,1.64062499999999972e-1,5.24897616496765953e-7,9.99999934387782896e-1
1.59198210044996813e0,1.67968750000000028e-1,5.84221619881660909e-2,9.62892597542735929e-1
5.79108618979807943e0,9.96093749999999889e-1,9.77589209562886752e-1,5.18989177605254537e-1
1.25000000000000000e0,1.00000000000000003e-300,0.00000000000000000e0,1.00000000000000000e0
8.00000000000000000e0,6.33563475607843429e-1,2.59609786956656978e-2,9.96717410366690593e-1
5.89022958214627579e0,9.78493905008690490e-1,8.79802491275707532e-1,6.97897105519476812e-1
6.64529008476529270e0,2.40305054653617844e-1,7.67343606715475062e-5,9.99988452443631548e-1
1.25000000000000000e0,1.91406250000000000e-1,1.26603334220864200e-1,8.97365200467358903e-1
8.00000000000000000e0,1.95312499999999972e-1,2.11758236813574831e-6,9.99999735301958736e-1
3.39187836926430464e0,1.99218750000000028e-1,4.20158639334981387e-3,9.98759440872385440e-1
6.34389949147589505e0,9.96093749999999889e-1,9.75476329785460616e-1,5.57375061866631105e-1
1.25000000000000000e0,1.00000000000000003e-300,0.00000000000000000e0,1.00000000000000000e0
8.00000000000000000e0,7.77892266760318307e-1,1.34077416343703876e-1,9.82165971445943309e-1
2.52990886312909424e0,2.25603425287772552e-1,2.31219004819800920e-2,9.90795881421063895e-1
1.32652179029537365e0,4.65862432461108256e-1,3.63025052587029662e-1,7.11766274627470441e-1
1.25000000000000000e0,2.22656250000000000e-1,1.52947933289164978e-1,8.75645026163489826e-1
8.00000000000000000e0,2.26562499999999972e-1,6.94231357069307486e-6,9.99999132208167940e-1
5.54349854314932600e0,2.30468750000000028e-1,2.92847018913370866e-4,9.99947166547003774e-1
2.38034032372524962e0,9.96093749999999889e-1,9.90726850935492065e-1,1.39963860471167323e-1
1.25000000000000000e0,1.00000000000000003e-300,0.00000000000000000e0,1.00000000000000000e0
8.00000000000000000e0,9.54586845164158149e-1,6.89482998486423249e-1,8.63993893441759253e-1
6.68566015566466376e0,9.31449519553098071e-1,6.22027685350871384e-1,8.64567805716512705e-1
6.23403130471706390e0,4.11310268204942986e-1,3.93297247156473937e-3,9.99368068351314753e-1
1.25000000000000000e0,2.53906250000000000e-1,1.80236082459168973e-1,8.53003943427088962e-1
8.00000000000000000e0,2.57812499999999944e-1,1.95178403750300927e-5,9.99997560249119899e-1
1.35835102351848036e0,2.61718750000000056e-1,1.61888260106067439e-1,8.78083657237986981e-1
1.61819925135932863e0,9.96093749999999889e-1,9.93686545187852488e-1,4.37148638728007688e-2
1.25000000000000000e0,1.00000000000000003e-300,0.00000000000000000e0,1.00000000000000000e0
8.00000000000000000e0,4.18738832017879758e-1,9.45248286396387929e-4,9.99881795072342761e-1
6.75397929293103516e0,6.18932904562825570e-1,3.91529958939096090e-2,9.94103886885471244e-1
5.08823358331574127e0,8.38037402713780466e-1,4.06954884968996344e-1,9.02411270164950152e-1
1.25000000000000000e0,2.85156250000000000e-1,2.08378841167479345e-1,8.29495272046510856e-1
8.00000000000000000e0,2.89062499999999944e-1,4.87454445408235602e-5,9.99993906689484513e-1
6.34643152140779421e0,2.92968750000000056e-1,4.13254774250626988e-4,9.99934872577430856e-1
3.64060654671629891e0,9.96093749999999889e-1,9.85852068589677000e-1,3.10479732697509225e-1
1.25000000000000000e0,1.00000000000000003e-300,0.00000000000000000e0,1.00000000000000000e0
8.00000000000000000e0,6.86256473427420133e-1,4.91916775510010396e-2,9.93714488192710022e-1
2.59825370245380327e0,3.56231957425734436e-1,6.84365784799982890e-2,9.73084751851631902e-1
6.94196767901303247e0,5.61022834699542727e-1,1.80896852139069385e-2,9.97373752975424854e-1
1.25000000000000000e0,3.16406250000000000e-1,2.37304687500000000e-1,8.05157535361904153e-1
8.00000000000000000e0,3.20312499999999944e-1,1.10813097991005322e-4,9.99986147691167115e-1
1.31473327422281727e0,3.24218750000000056e-1,2.27448254963930646e-1,8.21781827495334571e-1
1.46489491604734212e0,9.96093749999999889e-1,9.94282953646840495e-1,2.94407838207719000e-2
1.25000000000000000e0,1.00000000000000003e-300,0.00000000000000000e0,1.00000000000000000e0
8.00000000000000000e0,3.79908098484520451e-1,4.33938728311448454e-4,9.99945747358356840e-1
4.74373085808474571e0,4.64330464787963137e-1,2.62734924898708685e-2,9.94403091013537188e-1
4.78428315836936235e0,5.85627145765101886e-1,7.73097054218325752e-2,9.83322721695177759e-1
1.25000000000000000e0,3.47656250000000000e-1,2.66954687843774630e-1,7.80018057221357641e-1
8.00000000000000000e0,3.51562499999999944e-1,2.33356742132886631e-4,9.99970827428770970e-1
5.30954036139883101e0,3.55468750000000056e-1,4.12061506916098792e-3,9.99222621402082067e-1
1.67980334791354835e0,9.96093749999999889e-1,9.93446984089065177e-1,5.01314739830133818e-2
1.25000000000000000e0,1.00000000000000003e-300,0.00000000000000000e0,1.00000000000000000e0
8.00000000000000000e0,8.34114503095406690e-2,2.34317853432214116e-9,9.99999999707102627e-1
1.56556656089378521e0,1.62308312865206972e-1,5.80411360994273831e-2,9.62527161005146903e-1
2.72306441434193403e0,4.50467949099220277e-1,1.13999902658086669e-1,9.56524125744850018e-1
1.25000000000000000e0,3.78906250000000000e-1,2.97279328411479138e-1,7.54095212007456772e-1
8.00000000000000000e0,3.82812499999999944e-1,4.61199558676752565e-4,9.99942338419504750e-1
6.38237582327565178e0,3.86718750000000056e-1,2.32595488538545102e-3,9.99635208044782342e-1
3.99625798687338829e0,9.96093749999999889e-1,9.84480733012623843e-1,3.52609731075174349e-1
1.25000000000000000e0,1.00000000000000003e-300,0.00000000000000000e0,1.00000000000000000e0
8.00000000000000000e0,8.09449098201184825e-1,1.84296186363349768e-1,9.74858452521825014e-1
3.53814327949658036e0,9.38958665528843994e-2,2.31780036829338766e-4,9.99934485607213985e-1
5.43521612812764943e0,7.52712604780754191e-1,2.13527087686035288e-1,9.56769548720494578e-1
1.25000000000000000e0,4.10156250000000000e-1,3.28236344393639023e-1,7.27399842735470537e-1
8.00000000000000000e0,4.14062499999999944e-1,8.64026772509087458e-4,9.99891955804845578e-1
2.88617262331536040e0,4.17968750000000056e-1,8.06409514317265319e-2,9.71288731499027613e-1
4.76083796203602105e0,9.96093749999999889e-1,9.81539088817552474e-1,4.32346128106487149e-1
1.25000000000000000e0,1.00000000000000003e-300,0.00000000000000000e0,1.00000000000000000e0
8.00000000000000000e0,8.16705205911603116e-1,1.97934998121672812e-1,9.72805899744127123e-1
4.39000366977415979e0,4.01351076366154302e-1,1.81748485935857157e-2,9.95830578527807098e-1
3.37254797283094376e0,6.35709904681789340e-1,2.17010858538595225e-1,9.30030800252891976e-1
1.25000000000000000e0,4.41406250000000000e-1,3.59789179270068482e-1,6.99936123962543011e-1
8.00000000000000000e0,4.45312499999999944e-1,1.54639019800396752e-3,9.99806570323258037e-1
2.68527810438536108e0,4.49218750000000056e-1,1.16614550204655915e-1,9.54874512282517407e-1
6.60028238908853382e0,9.96093749999999889e-1,9.74497972333218332e-1,5.73564489540089428e-1
1.25000000000000000e0,1.00000000000000003e-300,0.00000000000000000e0,1.00000000000000000e0
8.00000000000000000e0,7.00311331761440670e-1,5.78534456541708736e-2,9.92578372472414538e-1
2.29077757871709764e0,5.91062131616126862e-1,2.99821178946181599e-1,8.55911000136316713e-1
2.43875683855731040e0,7.35542812567473447e-1,4.72812816799641766e-1,7.69118184480131584e-1
1.25000000000000000e0,4.72656250000000000e-1,3.91905859016604852e-1,6.71702021297934992e-1
8.00000000000000000e0,4.76562499999999944e-1,2.66047341098253360e-3,9.99667053094130842e-1
1.85915718140313402e0,4.80468750000000056e-1,2.55956091822275800e-1,8.52973768622520723e-1
3.25761547789443284e0,9.96093749999999889e-1,9.87330957629582340e-1,2.61573393526047304e-1
1.25000000000000000e0,1.00000000000000003e-300,0.00000000000000000e0,1.00000000000000000e0
8.00000000000000000e0,4.95010379404448031e-1,3.60507614968660775e-3,9.99548653125542086e-1
4.98333392944186926e0,7.20057383182393096e-1,1.94631293526087629e-1,9.57494025142791028e-1
4.79163385118590668e0,6.91942876183020417e-1,1.71267579502242917e-1,9.61553180220835357e-1
1.25000000000000000e0,5.03906250000000000e-1,4.24558149056228296e-1,6.42689427105970101e-1
8.00000000000000000e0,5.07812499999999889e-1,4.42208509935682666e-3,9.99446166992400742e-1
2.06348508136579767e0,5.11718750000000111e-1,2.50951901659012655e-1,8.69331200882109245e-1
2.20300425268942490e0,9.96093749999999889e-1,9.91414728889710828e-1,1.15366064204539834e-1
1.25000000000000000e0,1.00000000000000003e-300,0.00000000000000000e0,1.00000000000000000e0
8.00000000000000000e0,9.28667216262510919e-1,5.53198399705442712e-1,9.04199661248247466e-1
5.05564847320783883e0,2.90818843664055748e-1,1.94206664784344067e-3,9.99615562429602811e-1
2.44892940804129466e0,3.55610097508360923e-1,7.95000185264816833e-2,9.66739382056751584e-1
1.25000000000000000e0,5.35156250000000000e-1,4.57720909590476011e-1,6.12884004742573207e-1
8.00000000000000000e0,5.39062499999999889e-1,7.13038481632066908e-3,9.99105909000011838e-1
2.60566247714450583e0,5.42968750000000111e-1,2.03663282629835796e-1,9.16311106385119256e-1
3.25021815550280735e0,9.96093749999999889e-1,9.87359543619616531e-1,2.60595075457900560e-1
1.25000000000000000e0,1.00000000000000003e-300,0.00000000000000000e0,1.00000000000000000e0
8.00000000000000000e0,1.58939325369829021e-1,4.07240462789573429e-7,9.99999949094933061e-1
7.41347927076276392e0,6.25348099119946710e-1,3.08001933620026605e-2,9.95788944473050996e-1
7.46492518275044858e0,3.95038334600030794e-1,9.74859700591147065e-4,9.99869352813632761e-1
1.25000000000000000e0,5.66406250000000000e-1,4.91371593636373338e-1,5.82264736836148100e-1
8.00000000000000000e0,5.70312499999999889e-1,1.11918820307765864e-2,9.98594116382587549e-1
4.78808892064262182e0,5.74218750000000111e-1,7.02167981323613549e-2,9.84909818122772229e-1
7.74321312870597467e0,9.96093749999999889e-1,9.70148470712042466e-1,6.35402647223022865e-1
1.25000000000000000e0,1.00000000000000003e-300,0.00000000000000000e0,1.00000000000000000e0
8.00000000000000000e0,8.90591022648550279e-1,3.95755085471241497e-1,9.38969802549124877e-1
4.91507877386175096e0,5.03505749888972787e-1,3.43027012511396001e-2,9.92923571767004631e-1
6.07703277078690007e0,4.64054260846751276e-1,9.41298693336090758e-3,9.98444929632726907e-1
1.25000000000000000e0,5.97656250000000000e-1,5.25489849963695188e-1,5.50803137371440932e-1
8.00000000000000000e0,6.01562499999999889e-1,1.71492860405142340e-2,9.97840081218743569e-1
2.11361752136144787e0,6.05468750000000111e-1,3.46278293439127138e-1,8.17820948014647664e-1
5.47969511954579502e0,9.96093749999999889e-1,9.78781375967391232e-1,4.95039026322641684e-1
1.25000000000000000e0,1.00000000000000003e-300,0.00000000000000000e0,1.00000000000000000e0
8.00000000000000000e0,2.05494858150814252e-1,3.17985763137446350e-6,9.99999602517243069e-1
7.69788515055552125e0,4.03863745345915959e-1,9.30767566618564230e-4,9.99879038896940631e-1
3.44374041445553303e0,7.79013672540713742e-1,4.23164677617985818e-1,8.52341772153554667e-1
1.25000000000000000e0,6.28906250000000000e-1,5.60057204616636328e-1,5.18462044338134032e-1
8.00000000000000000e0,6.32812499999999889e-1,2.57158209844820865e-2,9.96748765123909752e-1
6.77293309936067089e0,6.36718750000000111e-1,4.70056947073974399e-2,9.92916565480520430e-1
2.78833983477670699e0,9.96093749999999889e-1,9.89146052430513456e-1,1.97465106823911996e-1
1.25000000000000000e0,1.00000000000000003e-300,0.00000000000000000e0,1.00000000000000000e0
8.00000000000000000e0,4.29362301920264144e-1,1.15502473602794664e-3,9.99855548897668256e-1
5.70675800985191017e0,3.25000202669798455e-1,1.63846815929028118e-3,9.99712695660198714e-1
2.63850758603075519e0,9.07959104197288980e-1,7.75099723560936926e-1,5.68071268592253320e-1
1.25000000000000000e0,6.60156250000000000e-1,5.95056802298256082e-1,4.85193848902445157e-1
8.00000000000000000e0,6.64062499999999889e-1,3.78156568613205665e-2,9.95192938358031687e-1
6.21903297182871029e0,6.67968750000000111e-1,8.13116339281203804e-2,9.86455663748903810e-1
3.45685858849901706e0,9.96093749999999889e-1,9.86561319822390370e-1,2.87455770321124293e-1
1.25000000000000000e0,1.00000000000000003e-300,0.00000000000000000e0,1.00000000000000000e0
8.00000000000000000e0,7.88587717102018360e-1,1.49554700135982571e-1,9.79954244140175179e-1
1.33938603667775169e0,7.03204774681580602e-1,6.23998452647601010e-1,4.81761418507671790e-1
7.47378951054997742e0,4.66602303135914553e-1,3.35566540280745782e-3,9.99550354941626029e-1
1.25000000000000000e0,6.91406250000000000e-1,6.30473194039544271e-1,4.50937921309250811e-1
8.00000000000000000e0,6.95312499999999889e-1,5.46311441321511437e-2,9.93002087228680108e-1
5.01698738645063713e0,6.99218750000000111e-1,1.66121448936718347e-1,9.64437279660152136e-1
2.96206168783828616e0,9.96093749999999889e-1,9.88473731102182507e-1,2.21626099345719724e-1
1.25000000000000000e0,1.00000000000000003e-300,0.00000000000000000e0,1.00000000000000000e0
8.00000000000000000e0,9.30074455582143855e-1,5.59940310016847076e-1,9.02482831001365060e-1
4.60513640294084325e0,1.21389001828902110e-1,6.06067423878966496e-5,9.99986839004339489e-1
2.32655492878984660e0,2.02746705249410297e-1,2.44112467208200470e-2,9.89433587260076353e-1
1.25000000000000000e0,7.22656250000000000e-1,6.66292161134617866e-1,4.15616831127386233e-1
8.00000000000000000e0,7.26562499999999889e-1,7.76575761564423372e-2,9.89946040890467338e-1
3.01714364899089560e0,7.30468750000000111e-1,3.87673895367101617e-1,8.49958494223786887e-1
1.39864587888587266e0,9.96093749999999889e-1,9.94540796750568057e-1,2.41045416790987149e-2
1.25000000000000000e0,1.00000000000000003e-300,0.00000000000000000e0,1.00000000000000000e0
8.00000000000000000e0,9.24880276011208480e-1,5.35407120015332749e-1,9.08623717205456982e-1
4.46064801194006577e0,1.97630448865311337e-1,7.22856194827254609e-4,9.99837902706038006e-1
1.26579492696328089e0,3.03557507036202878e-1,2.21117571517890632e-1,8.20844550054540045e-1
1.25000000000000000e0,7.53906250000000000e-1,7.02500567835117273e-1,3.79130665240171694e-1
8.00000000000000000e0,7.57812499999999889e-1,1.08766240380599899e-1,9.85709525979017509e-1
3.33092999266227707e0,7.61718750000000111e-1,4.03892920856803839e-1,8.56147615108108329e-1
5.26994011539500207e0,9.96093749999999889e-1,9.79585246222328121e-1,4.77862163960782738e-1
1.25000000000000000e0,1.00000000000000003e-300,0.00000000000000000e0,1.00000000000000000e0
8.00000000000000000e0,1.55468104944702645e-1,3.41295402943963549e-7,9.99999957338068235e-1
2.16453622840344906e0,9.88864556275075302e-1,9.76053112797857669e-1,1.78330182297079060e-1
6.93496554973535240e0,5.24627701820463699e-1,1.14071684227828943e-2,9.98347036546460287e-1
1.25000000000000000e0,7.85156250000000000e-1,7.39086237099951804e-1,3.41348179188165568e-1
8.00000000000000000e0,7.89062499999999889e-1,1.50276555869754802e-1,9.79850232686360290e-1
5.74103031377308071e0,7.92968750000000111e-1,2.64013454001188808e-1,9.48005290301758063e-1
2.69615617132512853e0,9.96093749999999889e-1,9.89502998319057747e-1,1.84508458773246786e-1
1.25000000000000000e0,1.00000000000000003e-300,0.00000000000000000e0,1.00000000000000000e0
8.00000000000000000e0,6.73375848336945637e-1,4.22727290043218157e-2,9.94615520140681886e-1
3.22514898952795193e0,5.68626885592493636e-1,1.61913031639096483e-1,9.46705214972053177e-1
4.34774471289711073e0,6.24191679044088232e-1,1.28853081026019917e-1,9.68770186817955459e-1
1.25000000000000000e0,8.16406250000000000e-1,7.76037845011459892e-1,3.02092337848336834e-1
8.00000000000000000e0,8.20312499999999889e-1,2.05038131444049254e-1,9.71724800959147705e-1
6.32660240854602307e0,8.24218750000000111e-1,2.94329786176853792e-1,9.46388787317508307e-1
5.21894640341633931e0,9.96093749999999889e-1,9.79780775525242231e-1,4.73552668168100099e-1
1.25000000000000000e0,1.00000000000000003e-300,0.00000000000000000e0,1.00000000000000000e0
8.00000000000000000e0,9.89080711192400486e-1,9.15912233007634580e-1,7.33823477941997315e-1
1.26075716322520748e0,5.92459148779198586e-1,5.16865401941069003e-1,5.61579198421715775e-1
2.18877320340834558e0,9.73849385518406052e-1,9.43650443427230923e-1,2.68726612292180589e-1
1.25000000000000000e0,8.47656250000000000e-1,8.13344830441744326e-1,2.61115118467370066e-1
8.00000000000000000e0,8.51562499999999889e-1,2.76523615351546848e-1,9.60346692461414353e-1
1.84303379961056635e0,8.55468750000000111e-1,7.49980473265746794e-1,4.71357583688291615e-1
4.25723798066610470e0,9.96093749999999889e-1,9.83475649146914432e-1,3.81459092759224516e-1
1.25000000000000000e0,1.00000000000000003e-300,0.00000000000000000e0,1.00000000000000000e0
8.00000000000000000e0,8.21261446935750428e-2,2.06943355766825074e-9,9.99999999741320811e-1
1.99492284638108686e0,9.94297742881826707e-1,9.88656705835115557e-1,1.05899574820859183e-1
2.62364302045898512e0,9.82627887428861868e-1,9.55062245108389662e-1,3.06509269855955224e-1
1.25000000000000000e0,8.78906250000000000e-1,8.50997317281903087e-1,2.18049587883688278e-1
8.00000000000000000e0,8.82812499999999889e-1,3.68933244080719924e-1,9.44081337895699479e-1
2.12147213891148567e0,8.86718750000000111e-1,7.74870673304141833e-1,4.95171218704116289e-1
6.64637827320257202e0,9.96093749999999889e-1,9.74322174481792036e-1,5.76375485942324461e-1
1.25000000000000000e0,1.00000000000000003e-300,0.00000000000000000e0,1.00000000000000000e0
8.00000000000000000e0,8.94322097037729691e-1,4.09215138816495627e-1,9.36329420808133306e-1
6.85285266593564302e0,4.49716462189826416e-1,4.18447166198450404e-3,9.99388288555547732e-1
3.69734122691443190e0,2.51412753186741611e-1,6.06774413005327362e-3,9.98355244817083376e-1
1.25000000000000000e0,9.10156250000000000e-1,8.88986047099726506e-1,1.72306655808069475e-1
8.00000000000000000e0,9.14062499999999889e-1,4.87312034586293130e-1,9.19880982478902931e-1
3.29109245759900659e0,9.17968750000000111e-1,7.54506824042767699e-1,6.52624225145931658e-1
5.59964365075575188e0,9.96093749999999889e-1,9.78321978769372658e-1,5.04477429139712275e-1
1.25000000000000000e0,1.00000000000000003e-300,0.00000000000000000e0,1.00000000000000000e0
8.00000000000000000e0,9.95760525693185627e-1,9.66583209054650005e-1,6.53876294340570818e-1
7.36969912418862805e0,8.70017740726325428e-1,3.58377185317698022e-1,9.41563579565371178e-1
5.17069482477381825e0,3.05789587605431734e-1,2.18412647370831063e-3,9.99577222598973414e-1
1.25000000000000000e0,9.41406250000000000e-1,9.27302320515350775e-1,1.22805110067637446e-1
8.00000000000000000e0,9.45312499999999889e-1,6.37680600873049008e-1,8.80818542185654918e-1
5.19366096390876919e0,9.49218750000000111e-1,7.62866034293114614e-1,7.57983571672188328e-1
4.80286187725141644e0,9.96093749999999889e-1,9.81377661122463829e-1,4.36320100419818058e-1
1.25000000000000000e0,1.00000000000000003e-300,0.00000000000000000e0,1.00000000000000000e0
8.00000000000000000e0,4.70753961194532167e-1,2.41185872230316456e-3,9.99698199058735248e-1
4.39289057481801137e0,7.44014419251470827e-1,2.72816688664005769e-1,9.30046243385963201e-1
2.19043295382289216e0,6.27659135852809413e-1,3.60518591147291123e-1,8.15369526256204513e-1
1.25000000000000000e0,9.72656250000000000e-1,9.65937945912721085e-1,6.69601884707623080e-2
8.00000000000000000e0,9.76562499999999889e-1,8.27180612553026884e-1,8.02969515411484869e-1
3.06832470593508333e0,9.80468750000000111e-1,9.41273825971816636e-1,3.96962078557911324e-1
4.88280667911749333e0,9.96093749999999889e-1,9.81070640105616509e-1,4.43769057919583099e-1
1.25000000000000000e0,1.00000000000000003e-300,0.00000000000000000e0,1.00000000000000000e0
8.00000000000000000e0,7.02440025361283915e-2,5.92753325616156985e-10,9.99999999925905825e-1
6.14057950541609898e0,4.57132400911177683e-1,8.17449439847785578e-3,9.98664196863310205e-1
7.48777070734649897e0,9.42518817510062945e-2,2.08794440287813131e-8,9.99999997211527325e-1
1.25000000000000000e0,7.81250000000000000e-3,2.32267014648968951e-3,9.98141431897595854e-1
8.00000000000000000e0,1.17187499999999983e-2,3.55672522683869335e-16,1.00000000000000000e0
4.95206493948353454e0,1.56250000000000035e-2,1.13678798934975198e-9,9.99999999770441628e-1
4.99816232133889571e0,9.96093749999999889e-1,9.80627796136951502e-1,4.54265605082838975e-1
1.25000000000000000e0,1.00000000000000003e-300,0.00000000000000000e0,1.00000000000000000e0
8.00000000000000000e0,5.64562443105387501e-2,1.03203843254047295e-10,9.99999999987099542e-1
1.60591231432044879e0,4.43289418085441866e-1,2.70776448294590355e-1,8.21492279106291967e-1
1.32557539851404727e0,7.67990973572523217e-1,7.04743189034382489e-1,3.98404697880480274e-1
1.25000000000000000e0,3.90625000000000000e-2,1.73660098636613559e-2,9.86082896635689043e-1
8.00000000000000000e0,4.29687499999999931e-2,1.16204182235880714e-11,9.99999999998547495e-1
4.56069364020368084e0,4.68750000000000069e-2,8.68101190077176534e-7,9.99999809655821470e-1
3.73034357978031039e0,9.96093749999999889e-1,9.85505876736195940e-1,3.21415914054628715e-1
1.25000000000000000e0,1.00000000000000003e-300,0.00000000000000000e0,1.00000000000000000e0
8.00000000000000000e0,1.75065395878846175e-1,8.82271969509167778e-7,9.99999889715961210e-1
1.33843405469087884e0,3.80063383840933966e-1,2.73946025314923014e-1,7.87270652099338220e-1
2.18348667159443721e0,4.48856630300724646e-1,1.73932876425471394e-1,9.16208733195087999e-1
1.25000000000000000e0,7.03125000000000000e-2,3.62068443264923073e-2,9.70928099852173210e-1
8.00000000000000000e0,7.42187499999999861e-2,9.20680797279834667e-10,9.99999999884914947e-1
4.30072071950417012e0,7.81250000000000139e-2,1.73060973627962243e-5,9.99995975973930085e-1
6.77335217775544152e0,9.96093749999999889e-1,9.73838092629554564e-1,5.83967730799565765e-1
1.25000000000000000e0,1.00000000000000003e-300,0.00000000000000000e0,1.00000000000000000e0
8.00000000000000000e0,9.80591229649689922e-1,8.54877795645972549e-1,7.85627601821565769e-1
3.85965567699167877e0,7.19600633497066156e-1,2.80816446560773425e-1,9.18139227350457832e-1
4.28205914236605167e0,8.42520873375178780e-1,4.80100352157774635e-1,8.58337277931882969e-1
1.25000000000000000e0,1.01562500000000000e-1,5.73345922589686210e-2,9.53863117147048301e-1
8.00000000000000000e0,1.05468749999999986e-1,1.53105358513386949e-8,9.99999998086183006e-1
7.16353580588474870e0,1.09375000000000014e-1,1.30393263072474517e-7,9.99999981797638271e-1
2.62370134436059743e0,9.96093749999999889e-1,9.89783642258712959e-1,1.74285492786595303e-1
1.25000000000000000e0,1.00000000000000003e-300,0.00000000000000000e0,1.00000000000000000e0
8.00000000000000000e0,3.49772306367412966e-1,2.24018232240723406e-4,9.99971994976138867e-1
1.66028614086098969e0,9.92380659472473781e-1,9.87381563490403624e-1,7.18165594002010271e-2
4.52550487418193370e0,5.11571807192012784e-1,4.81565549350447680e-2,9.89153353165469817e-1
1.25000000000000000e0,1.32812500000000000e-1,8.01767946231037310e-2,9.35327039130241955e-1
8.00000000000000000e0,1.36718749999999972e-1,1.22074409534113261e-7,9.99999984740697956e-1
5.09995561413234100e0,1.40625000000000028e-1,4.52019056866956738e-5,9.99991136643057610e-1
2.46052068274002522e0,9.96093749999999889e-1,9.90415991941605123e-1,1.51239193075348610e-1
1.25000000000000000e0,1.00000000000000003e-300,0.00000000000000000e0,1.00000000000000000e0
8.00000000000000000e0,5.95723408105186536e-2,1.58619772753911476e-10,9.99999999980172527e-1
2.53762052574893460e0,3.59699483115036855e-1,7.46695882801121091e-2,9.69881321870508462e-1
7.82777514331974089e0,5.50594589758475195e-1,9.36032006198724183e-3,9.98799306832718670e-1
1.25000000000000000e0,1.64062500000000000e-1,1.04414702725504766e-1,9.15557372572979755e-1
8.00000000000000000e0,1.67968749999999972e-1,6.33618606671033163e-7,9.99999920797652209e-1
5.70245813910150900e0,1.71875000000000028e-1,4.35343936700682713e-5,9.99992365542355155e-1
6.24964512127917260e0,9.96093749999999889e-1,9.75836251451015269e-1,5.51177651026706683e-1
1.25000000000000000e0,1.00000000000000003e-300,0.00000000000000000e0,1.00000000000000000e0
8.00000000000000000e0,7.05818796682251559e-1,6.15950424836458205e-2,9.92084779306061870e-1
2.28738637961214408e0,1.90887668004506850e-1,2.26392013159895933e-2,9.90038779802103641e-1
7.84580201603239402e0,3.11603370964803617e-1,1.06390464790089028e-4,9.99986439193465526e-1
1.25000000000000000e0,1.95312500000000000e-1,1.29841208421508508e-1,8.94702827688348523e-1
8.00000000000000000e0,1.99218749999999972e-1,2.48108524667124302e-6,9.99999689864007557e-1
4.31958511093398556e0,2.03125000000000028e-1,1.02288072700274760e-3,9.99763106183492956e-1
4.51936634286539629e0,9.96093749999999889e-1,9.82467175594136877e-1,4.08711803594122569e-1
1.25000000000000000e0,1.00000000000000003e-300,0.00000000000000000e0,1.00000000000000000e0
8.00000000000000000e0,5.58154278310212248e-1,9.41963476809849938e-3,9.98817664496202795e-1
5.04776712419698015e0,4.94633392736432143e-2,2.56476061461244575e-7,9.99999949190190085e-1
4.53893300524214283e0,1.43232686809824372e-1,1.47683442801795382e-4,9.99967461087003295e-1
1.25000000000000000e0,2.26562500000000000e-1,1.56309378146650274e-1,8.72863990600695416e-1
8.00000000000000000e0,2.30468749999999972e-1,7.95969397188009819e-6,9.99999005034788668e-1
3.10594872076762840e0,2.34375000000000028e-1,1.10401954476857123e-2,9.96432080787683638e-1
2.83548065670765936e0,9.96093749999999889e-1,9.88963567436142776e-1,2.04059484162691707e-1
1.25000000000000000e0,1.00000000000000003e-300,0.00000000000000000e0,1.00000000000000000e0
8.00000000000000000e0,3.63886817140155472e-1,3.07418909953145985e-4,9.99961567466944645e-1
5.68042811658233404e0,4.65472367295660661e-1,1.29865919850334095e-2,9.97701471401473916e-1
5.63201135891722515e0,1.08594889588857768e-1,3.71250905486432052e-6,9.99999340819027860e-1
1.25000000000000000e0,2.57812500000000000e-1,1.83708801038026059e-1,8.50111891617657101e-1
8.00000000000000000e0,2.61718749999999944e-1,2.20129729091526369e-5,9.99997248351885970e-1
2.74546242546057329e0,2.65625000000000056e-1,2.62634652954876584e-2,9.90352836282804350e-1
1.47655033116461709e0,9.96093749999999889e-1,9.94237597360981717e-1,3.04340150875369482e-2
1.25000000000000000e0,1.00000000000000003e-300,0.00000000000000000e0,1.00000000000000000e0
8.00000000000000000e0,3.35472248007135931e-1,1.60417886899894311e-4,9.99979946356673866e-1
2.28517775807995349e0,6.54798449904774316e-1,3.79990968948684782e-1,8.11246445864093668e-1
3.60451682406710461e0,7.55689935203918139e-1,3.64323844794482321e-1,8.81884687267455170e-1
1.25000000000000000e0,2.89062500000000000e-1,2.11953061022920275e-1,8.26497737695926382e-1
8.00000000000000000e0,2.92968749999999944e-1,5.42713199896040644e-5,9.99993215923920542e-1
4.43139368837000802e0,2.96875000000000056e-1,4.60008757235392651e-3,9.98960078237421167e-1
4.70679615787230432e0,9.96093749999999889e-1,9.81746720211397417e-1,4.27175831681767482e-1
1.25000000000000000e0,1.00000000000000003e-300,0.00000000000000000e0,1.00000000000000000e0
8.00000000000000000e0,3.02798531856751652e-1,7.06691912116185438e-5,9.99991166077969784e-1
6.52802158956183121e0,2.26955698599340394e-2,1.85160332982984690e-11,9.99999999997163602e-1
5.74531421542633325e0,5.33715624346768891e-1,2.71212554131585841e-2,9.95225651025311131e-1
1.25000000000000000e0,3.20312500000000000e-1,2.40972430929330295e-1,8.02058490090157283e-1
8.00000000000000000e0,3.24218749999999944e-1,1.22097006557868554e-4,9.99984737058854378e-1
2.46773741178913042e0,3.28125000000000056e-1,6.39310924925749480e-2,9.73583224713811535e-1
4.00118316226871684e0,9.96093749999999889e-1,9.84461755714230113e-1,3.53170311371625689e-1
1.25000000000000000e0,1.00000000000000003e-300,0.00000000000000000e0,1.00000000000000000e0
8.00000000000000000e0,7.70994894451177970e-1,1.24856747434297033e-1,9.83467230377259249e-1
1.81293141969945282e0,2.51616320583707420e-1,8.19559625235535272e-2,9.53928403408274228e-1
5.56977359048323706e0,4.63482390373428643e-1,1.38000528518964893e-2,9.97508186277360154e-1
1.25000000000000000e0,3.51562500000000000e-1,2.70709302677433650e-1,7.76820251631265446e-1
8.00000000000000000e0,3.55468749999999944e-1,2.54924406028573462e-4,9.99968130894733465e-1
1.53077758965082467e0,3.59375000000000056e-1,2.08757759692837774e-1,8.58162157134066073e-1
7.58471769740572199e0,9.96093749999999889e-1,9.70750474622577020e-1,6.27721310980583036e-1
1.25000000000000000e0,1.00000000000000003e-300,0.00000000000000000e0,1.00000000000000000e0
8.00000000000000000e0,6.93645160022242635e-1,5.35918664240304099e-2,9.93138476971597517e-1
1.74721242737723514e0,3.01729391594562912e-1,1.23248440728712175e-1,9.27482979515477979e-1
4.17890558612998575e0,3.53302179883030476e-2,8.56723212540962796e-7,9.99999794988550406e-1
1.25000000000000000e0,3.82812500000000000e-1,3.01115171677038385e-1,7.50800391116293153e-1
8.00000000000000000e0,3.86718749999999944e-1,5.00220901174111359e-4,9.99937458699115322e-1
7.80153741693357006e0,3.90625000000000056e-1,6.53281914820480784e-4,9.99916238557572945e-1
6.34366311394842342e0,9.96093749999999889e-1,9.75477232255456572e-1,5.57359688877889559e-1
1.25000000000000000e0,1.00000000000000003e-300,0.00000000000000000e0,1.00000000000000000e0
8.00000000000000000e0,4.92567156197765144e-2,3.46516246764148597e-11,9.99999999995668576e-1
4.02748760493705049e0,4.12690201128498302e-1,2.83094255821783394e-2,9.92894895248597420e-1
3.59550005040364340e0,7.98220771912383498e-1,4.44716591018915752e-1,8.49069108339557621e-1
1.25000000000000000e0,4.14062500000000000e-1,3.32148560767778767e-1,7.24008880179354497e-1
8.00000000000000000e0,4.17968749999999944e-1,9.31430594454167658e-4,9.99883523703205990e-1
2.27111839113058522e0,4.21875000000000056e-1,1.40847133453963436e-1,9.35342018953134846e-1
5.65147212328156456e0,9.96093749999999889e-1,9.78123544890380003e-1,5.08472118058242217e-1
1.25000000000000000e0,1.00000000000000003e-300,0.00000000000000000e0,1.00000000000000000e0
8.00000000000000000e0,1.11193483498936985e-1,2.33687073080114527e-8,9.99999997078911518e-1
1.43759088584920391e0,3.22069048211233167e-1,1.96169711066382285e-1,8.59075940784426617e-1
2.48908450984163210e0,8.28935430172350607e-1,6.26889712335845672e-1,6.72951604971064765e-1
1.25000000000000000e0,4.45312500000000000e-1,3.63773540984873023e-1,6.96449099309609299e-1
8.00000000000000000e0,4.49218749999999944e-1,1.65829961662383751e-3,9.99792562003560703e-1
6.33983272459590808e0,4.53125000000000056e-1,6.61423738808898827e-3,9.98953799465873260e-1
3.03072993556270376e0,9.96093749999999889e-1,9.88208103997718967e-1,2.31053334603135985e-1
1.25000000000000000e0,1.00000000000000003e-300,0.00000000000000000e0,1.00000000000000000e0
8.00000000000000000e0,8.89133059622508881e-1,3.90601644477656551e-1,9.39967114533225345e-1
4.43099937378428876e0,4.95156001766190457e-1,4.44019663704652359e-2,9.89802312535670969e-1
6.72244317381409928e0,2.94326491712126881e-4,1.82770455363309974e-24,1.00000000000000000e0
1.25000000000000000e0,4.76562500000000000e-1,3.95958647105049966e-1,6.68118253666166617e-1
8.00000000000000000e0,4.80468749999999944e-1,2.84001849968353991e-3,9.99644555809745761e-1
4.78253607847727835e0,4.84375000000000056e-1,3.12154943437428362e-2,9.93390919228737901e-1
5.00643604085780680e0,9.96093749999999889e-1,9.80596041466386237e-1,4.55007200310472371e-1
1.25000000000000000e0,1.00000000000000003e-300,0.00000000000000000e0,1.00000000000000000e0
8.00000000000000000e0,5.08876541125573567e-1,4.49675726680059430e-3,9.99436796397257021e-1
7.42884551524184644e0,4.82004047253212775e-1,4.42010414313631726e-3,9.99403866840557487e-1
1.77856773784151301e0,9.04471680833012215e-1,8.36460634057258900e-1,3.61292557734952557e-1
1.25000000000000000e0,5.07812500000000000e-1,4.28676063281321795e-1,6.39007471390763082e-1
8.00000000000000000e0,5.11718749999999889e-1,4.70165375106031212e-3,9.99411080819528008e-1
4.51509534253273159e0,5.15625000000000111e-1,5.02528190103695011e-2,9.88645603064251977e-1
3.74947230133693665e0,9.96093749999999889e-1,9.85432096752222320e-1,3.23720560934781187e-1
1.25000000000000000e0,1.00000000000000003e-300,0.00000000000000000e0,1.00000000000000000e0
8.00000000000000000e0,3.38904598447697936e-2,1.74028225962730920e-12,9.99999999999782507e-1
1.58332104113651440e0,4.33390856464939134e-1,2.66111754898576025e-1,8.22496454904990015e-1
3.12383895955281332e0,3.21652489765256178e-1,2.89171881449956196e-2,9.90650561036888644e-1
1.25000000000000000e0,5.39062500000000000e-1,4.61900998810235774e-1,6.09101611805744181e-1
8.00000000000000000e0,5.42968749999999889e-1,7.55437743673646050e-3,9.99052567064380947e-1
6.99775971571216360e0,5.46875000000000111e-1,1.46488555933506261e-2,9.97893374346616957e-1
4.70375355059513822e0,9.96093749999999889e-1,9.81758411371139839e-1,4.26882722076595666e-1
1.25000000000000000e0,1.00000000000000003e-300,0.00000000000000000e0,1.00000000000000000e0
8.00000000000000000e0,2.64866536840600020e-1,2.42223762058494414e-5,9.99996972170887344e-1
1.59230764152016491e0,6.78443975748450612e-1,5.39160962054553883e-1,6.14755507070472995e-1
6.43810099124675617e0,8.55365753386649885e-1,3.65752085685545458e-1,9.31720875886031696e-1
1.25000000000000000e0,5.70312500000000000e-1,4.95611201064776685e-1,5.78378774647323901e-1
8.00000000000000000e0,5.74218749999999889e-1,1.18200402518678603e-2,9.98514797465699266e-1
7.25271835562307388e0,5.78125000000000111e-1,1.87936345942762116e-2,9.97387505653848483e-1
6.34538594080368057e0,9.96093749999999889e-1,9.75470654663081804e-1,5.57471714877405433e-1
1.25000000000000000e0,1.00000000000000003e-300,0.00000000000000000e0,1.00000000000000000e0
8.00000000000000000e0,2.39960042490565684e-1,1.09928788399743177e-5,9.99998625883536385e-1
4.99890738871181384e0,5.12672504269175988e-1,3.54419135283078335e-2,9.92807369442774479e-1
3.13923099881503731e0,5.45468187056030729e-2,1.08249880451380612e-4,9.99965515798816207e-1
1.25000000000000000e0,6.01562500000000000e-1,5.29786569508050920e-1,5.46809465295564179e-1
8.00000000000000000e0,6.05468749999999889e-1,1.80606702282606751e-2,9.97724373816306742e-1
2.53493516513844952e0,6.09375000000000111e-1,2.84902651917657956e-1,8.76090341702207676e-1
6.19153520022518933e0,9.96093749999999889e-1,9.76058217356673197e-1,5.47288365164163570e-1
1.25000000000000000e0,1.00000000000000003e-300,0.00000000000000000e0,1.00000000000000000e0
8.00000000000000000e0,2.99336798398144310e-1,6.44586008322046934e-5,9.99991942447665094e-1
7.91532108612591401e0,5.23523568367636472e-1,5.96060135032468533e-3,9.99244985845639699e-1
1.96067922742804512e0,2.47756510475483083e-1,6.48451580830315538e-2,9.66384159971246270e-1
1.25000000000000000e0,6.32812500000000000e-1,5.64408845596994557e-1,5.14355326401782942e-1
8.00000000000000000e0,6.36718749999999889e-1,2.70135158989015245e-2,9.96582716269473257e-1
4.63188305491348729e0,6.40625000000000111e-1,1.27119390402764265e-1,9.71074279991187894e-1
2.26663668232504278e0,9.96093749999999889e-1,9.91167846880625536e-1,1.24119758003770175e-1
1.25000000000000000e0,1.00000000000000003e-300,0.00000000000000000e0,1.00000000000000000e0
8.00000000000000000e0,3.76344492501630157e-1,4.02424598043083284e-4,9.99949688066618769e-1
4.57454456179402769e0,5.93396006552211475e-1,9.18660113787229948e-2,9.79155196360613544e-1
4.52339049876900390e0,2.38060578362819797e-1,1.51535396283637193e-3,9.99664798099634599e-1
1.25000000000000000e0,6.64062500000000000e-1,5.99461360609411242e-1,4.80967282279577801e-1
8.00000000000000000e0,6.67968749999999889e-1,3.96322894105626058e-2,9.94957874904389139e-1
7.32544574793428183e0,6.71875000000000111e-1,5.43014143991183973e-2,9.92407402817510054e-1
3.53239522961666808e0,9.96093749999999889e-1,9.86269693173932649e-1,2.97021847593579413e-1
1.25000000000000000e0,1.00000000000000003e-300,0.00000000000000000e0,1.00000000000000000e0
8.00000000000000000e0,2.24043621742566756e-1,6.34834728309738460e-6,9.99999206454385670e-1
3.05621772730955854e0,3.94839014606986893e-1,5.84213826415932100e-2,9.80496003535209493e-1
6.86841866478789598e0,9.90614031197765144e-1,9.37281878306979732e-1,6.68201949786131899e-1
1.25000000000000000e0,6.95312500000000000e-1,6.34928828334294426e-1,4.46582840502517175e-1
8.00000000000000000e0,6.99218749999999889e-1,5.71353017463295948e-2,9.92672914095370063e-1
3.65066082763951272e0,7.03125000000000111e-1,2.76418868643359572e-1,9.15188006567059897e-1
1.32247070805169642e0,9.96093749999999889e-1,9.94837355288557990e-1,1.86450916113181202e-2
1.25000000000000000e0,1.00000000000000003e-300,0.00000000000000000e0,1.00000000000000000e0
8.00000000000000000e0,2.44532493875340151e-1,1.27847610803200635e-5,9.99998401895926259e-1
2.58646629907889292e0,5.36429387052521633e-1,1.99707031571591642e-1,9.17473154891819465e-1
3.39132007322041318e0,2.48155035660602152e-2,3.59742874483066376e-6,9.99998939223302519e-1
1.25000000000000000e0,7.26562500000000000e-1,6.70797172969755495e-1,4.11122120639158317e-1
8.00000000000000000e0,7.30468749999999889e-1,8.10612188907264969e-2,9.89488662620216952e-1
4.12679634918458760e0,7.34375000000000111e-1,2.79685797261416458e-1,9.23580826492582441e-1
4.24772492185002193e0,9.96093749999999889e-1,9.83512267729357736e-1,3.80437898490182336e-1
1.25000000000000000e0,1.00000000000000003e-300,0.00000000000000000e0,1.00000000000000000e0
8.00000000000000000e0,3.09373911800321366e-1,8.39207795573518268e-5,9.99989509517387631e-1
4.54947125934995711e0,6.28354632126502111e-1,1.20764317907712457e-1,9.72106895814577099e-1
2.85035118338419124e0,3.39280460530062555e-1,4.59121742039566294e-2,9.83646161297397792e-1
1.25000000000000000e0,7.57812500000000000e-1,7.07053384980323107e-1,3.74481861806583050e-1
8.00000000000000000e0,7.61718749999999889e-1,1.13333204440938112e-1,9.85076719955592206e-1
2.29375374317169189e0,7.65625000000000111e-1,5.41952855755343910e-1,7.11488962330126262e-1
4.97195429046405479e0,9.96093749999999889e-1,9.80728389775015530e-1,4.51906637280430512e-1
1.25000000000000000e0,1.00000000000000003e-300,0.00000000000000000e0,1.00000000000000000e0
8.00000000000000000e0,9.32364200330084714e-1,5.71063914116436644e-1,8.99599225902188881e-1
7.31243694043951109e0,7.63666428269971220e-1,1.39232519552838496e-1,9.79705224925793927e-1
7.52602897241013125e0,4.30388020977261476e-1,1.75558179905795694e-3,9.99766554242538352e-1
1.25000000000000000e0,7.89062500000000000e-1,7.43685399397248648e-1,3.36526041257555975e-1
8.00000000000000000e0,7.92968749999999889e-1,1.56332250838457032e-1,9.78974615788005376e-1
4.89260842953808606e0,7.96875000000000111e-1,3.29261438801628004e-1,9.21614358374504006e-1
5.93592039088252932e0,9.96093749999999889e-1,9.77035204045917482e-1,5.29535379391447347e-1
1.25000000000000000e0,1.00000000000000003e-300,0.00000000000000000e0,1.00000000000000000e0
8.00000000000000000e0,7.89606737348549359e-1,1.51107758184818031e-1,9.79730369783087029e-1
4.39032626250991598e0,7.77391259794057987e-1,3.31033845356808021e-1,9.12497514907811169e-1
5.21001161105232313e0,4.74401840133396036e-1,2.05455986912250858e-2,9.96023369385187984e-1
1.25000000000000000e0,8.20312500000000000e-1,7.80681992310798045e-1,2.97070436008594119e-1
8.00000000000000000e0,8.24218749999999889e-1,2.12980538066308511e-1,9.70505909074868112e-1
5.05901365593308583e0,8.28125000000000111e-1,3.85164291925445657e-1,9.08332061287628667e-1
2.53632207674672827e0,9.96093749999999889e-1,9.90122199874350017e-1,1.61938940976773110e-1
1.25000000000000000e0,1.00000000000000003e-300,0.00000000000000000e0,1.00000000000000000e0
8.00000000000000000e0,4.07882925637750304e-1,7.66097783423128542e-4,9.99904205665283818e-1
5.55123455310240388e0,5.47770431194294360e-1,3.53915378309161630e-2,9.93530032634880045e-1
2.58882065099896863e0,8.02797943124460289e-1,5.66294955331965499e-1,7.24197185128709786e-1
1.25000000000000000e0,8.51562500000000000e-1,8.18032692241104642e-1,2.55855463770926828e-1
8.00000000000000000e0,8.55468749999999889e-1,2.86835695327832874e-1,9.58624887289310390e-1
2.93068571703042835e0,8.59375000000000111e-1,6.41372336927508613e-1,7.04752875658650857e-1
7.20341512054437771e0,9.96093749999999889e-1,9.72200284680247773e-1,6.08130727524650805e-1
1.25000000000000000e0,1.00000000000000003e-300,0.00000000000000000e0,1.00000000000000000e0
8.00000000000000000e0,6.34624984968468198e-1,2.63109984499725752e-2,9.96672632175630624e-1
5.23745438741752878e0,9.15031279419054044e-2,3.63553314619579498e-6,9.99999305857727006e-1
7.97928507137112319e0,6.57455387754453113e-1,3.52130137647852157e-2,9.95517450986569630e-1
1.25000000000000000e0,8.82812500000000000e-1,8.55727703777909965e-1,2.12493845114175683e-1
8.00000000000000000e0,8.86718749999999889e-1,3.82196877893831777e-1,9.41577912602358680e-1
7.44966908748028800e0,8.90625000000000111e-1,4.21933021037308398e-1,9.29071933926630122e-1
6.27715009712846950e0,9.96093749999999889e-1,9.75731206667699302e-1,5.53000233350248949e-1
1.25000000000000000e0,1.00000000000000003e-300,0.00000000000000000e0,1.00000000000000000e0
8.00000000000000000e0,8.70000966565385170e-1,3.28214588686464304e-1,9.51489107779157073e-1
4.74817334429826587e0,4.01001526201980596e-1,1.30517437004871589e-2,9.97236935822936155e-1
3.93348977912683040e0,8.76250120886652439e-1,5.94741415169889542e-1,7.94831134825296992e-1
1.25000000000000000e0,9.14062500000000000e-1,8.93757841414010157e-1,1.66355632067869658e-1
8.00000000000000000e0,9.17968749999999889e-1,5.04223607975710308e-1,9.16032179418988290e-1
3.33012557984329760e0,9.21875000000000111e-1,7.62699477594631414e-1,6.49245704061663598e-1
3.77637848869198933e0,9.96093749999999889e-1,9.85328328226063199e-1,3.26946375737185435e-1
1.25000000000000000e0,1.00000000000000003e-300,0.00000000000000000e0,1.00000000000000000e0
8.00000000000000000e0,7.73838136415179179e-1,1.28588174545795214e-1,9.82942087760533156e-1
2.37181559501914307e0,2.29537228215122013e-1,3.04832658273758335e-2,9.87032555509225862e-1
5.17757691629230976e0,7.73232570350046444e-1,2.64068838434658837e-1,9.42498924986556075e-1
1.25000000000000000e0,9.45312500000000000e-1,9.32114471907599662e-1,1.16257709063166029e-1
8.00000000000000000e0,9.49218749999999889e-1,6.59068365153074431e-1,8.74144868818993337e-1
7.60072413121815771e0,9.53125000000000111e-1,6.94262720168164482e-1,8.55636170618789826e-1
7.39783089770935476e0,9.96093749999999889e-1,9.71460795749435557e-1,6.18322040425742236e-1
1.25000000000000000e0,1.00000000000000003e-300,0.00000000000000000e0,1.00000000000000000e0
8.00000000000000000e0,3.66660793997652945e-1,3.26674922314204607e-4,9.99959159797459973e-1
5.51021320361178368e0,8.33726204241429514e-1,3.67132118884703595e-1,9.20326778165226456e-1
5.62432304880348966e0,6.92352169235164183e-1,1.26458430617835016e-1,9.76248249934526080e-1
1.25000000000000000e0,9.76562500000000000e-1,9.70789463826966181e-1,5.92149849150451005e-2
8.00000000000000000e0,9.80468749999999889e-1,8.54023948555068357e-1,7.86203913912597696e-1
6.02516885695513338e0,9.84375000000000111e-1,9.09476145102207756e-1,6.71202383321742424e-1
4.91282253264216706e0,9.96093749999999889e-1,9.80955391649468766e-1,4.46528681693467822e-1
1.25000000000000000e0,1.00000000000000003e-300,0.00000000000000000e0,1.00000000000000000e0
8.00000000000000000e0,3.25284205423486128e-1,1.25344074705543859e-4,9.99984331131391735e-1
6.60734242264879867e0,4.36489629614698060e-1,4.18007884915864124e-3,9.99366233498991785e-1
2.78809168591396883e0,8.86541438653694058e-1,7.14792733283401649e-1,6.37651512820997080e-1
1.25000000000000000e0,1.17187500000000000e-2,3.85568558482175545e-3,9.96914260389102580e-1
8.00000000000000000e0,1.56249999999999983e-2,3.55271367880049777e-15,9.99999999999999556e-1
5.08854118606541306e0,1.95312500000000035e-2,2.00590058704426800e-9,9.99999999605800438e-1
6.22190975886769593e0,9.96093749999999889e-1,9.75942187559437069e-1,5.49327917542159150e-1
1.25000000000000000e0,1.00000000000000003e-300,0.00000000000000000e0,1.00000000000000000e0
8.00000000000000000e0,1.49793414670966740e-1,2.53478873310465850e-7,9.99999968315137266e-1
6.46042020514141768e0,1.57979675082060567e-1,6.64702183251485929e-6,9.99998971113287727e-1
3.87639291427331045e0,4.92287069664598675e-2,8.52167140896813464e-6,9.99997801642263817e-1
1.25000000000000000e0,4.29687500000000000e-2,1.95632452687662037e-2,9.84318543936863688e-1
8.00000000000000000e0,4.68749999999999931e-2,2.33093544466100607e-11,9.99999999997086331e-1
3.60767974413465708e0,5.07812500000000069e-2,2.14088000657846554e-5,9.99994065724445602e-1
5.04691700433613732e0,9.96093749999999889e-1,9.80440689690523115e-1,4.58614182863531339e-1
1.25000000000000000e0,1.00000000000000003e-300,0.00000000000000000e0,1.00000000000000000e0
8.00000000000000000e0,1.47512712064781226e-1,2.24199986301810900e-7,9.99999971974998902e-1
6.16232131095603108e0,5.65273531437924248e-1,2.97398108248847839e-2,9.95112690651290377e-1
1.89484207541681826e0,2.68647027364750102e-1,8.28686207905652422e-2,9.55373761583899972e-1
1.25000000000000000e0,7.42187500000000000e-2,3.87384325865888987e-2,9.68887299722155260e-1
8.00000000000000000e0,7.81249999999999861e-2,1.38777878078144361e-9,9.99999999826527652e-1
1.91620759898796678e0,8.20312500000000139e-2,8.29772310598629603e-3,9.95661090630148515e-1
3.89217489433940500e0,9.96093749999999889e-1,9.84881863361313781e-1,3.40616910220916447e-1
1.25000000000000000e0,1.00000000000000003e-300,0.00000000000000000e0,1.00000000000000000e0
8.00000000000000000e0,3.00259881446436339e-1,6.60660695628759002e-5,9.99991741502598841e-1
6.08183209190610796e0,4.57622497378906701e-3,5.91015165326135500e-15,9.99999999999999001e-1
7.96259264688706025e0,1.67523720178905933e-1,6.63186568138562880e-7,9.99999916712208003e-1
1.25000000000000000e0,1.05468750000000000e-1,6.01041899782998046e-2,9.51620459945685560e-1
8.00000000000000000e0,1.09374999999999986e-1,2.04806873682627867e-8,9.99999997439914079e-1
4.67414924904005602e0,1.13281250000000014e-1,3.79309288936504114e-5,9.99991884834574685e-1
7.86467967653879896e0,9.96093749999999889e-1,9.69687364139495744e-1,6.41117009646884450e-1
1.25000000000000000e0,1.00000000000000003e-300,0.00000000000000000e0,1.00000000000000000e0
8.00000000000000000e0,3.84890837631246541e-2,4.81615640607115702e-12,9.99999999999397926e-1
6.96471438254229724e0,8.92428785082302056e-1,4.52646359103847040e-1,9.17107582145222811e-1
6.65697716776048765e0,4.75591104186605662e-1,7.10153548007170718e-3,9.98929986145618232e-1
1.25000000000000000e0,1.36718750000000000e-1,8.31352292660376552e-2,9.32919624286440929e-1
8.00000000000000000e0,1.40624999999999972e-1,1.52932674524208540e-7,9.99999980883414352e-1
7.83992645697435364e0,1.44531250000000028e-1,2.59514702661410212e-7,9.99999966898320602e-1
6.98785998189123347e0,9.96093749999999889e-1,9.73020838338317318e-1,5.96309613017938389e-1
1.25000000000000000e0,1.00000000000000003e-300,0.00000000000000000e0,1.00000000000000000e0
8.00000000000000000e0,9.01335192897931847e-1,4.35602765641194101e-1,9.30996631471345593e-1
3.75274174334481359e0,9.02285968491014501e-1,6.79858182733386052e-1,7.38223184381480602e-1
5.88375536975217983e0,6.80859239237179281e-1,1.04171807454513266e-1,9.81477028309230337e-1
1.25000000000000000e0,1.67968750000000000e-1,1.07531477429036751e-1,9.13007459755849515e-1
8.00000000000000000e0,1.71874999999999972e-1,7.61555728701067849e-7,9.99999904805502160e-1
5.09416152874473482e0,1.75781250000000028e-1,1.42484690455492354e-4,9.99972028203536256e-1
7.20302623586030677e0,9.96093749999999889e-1,9.72201764424165282e-1,6.08109904106250321e-1
1.25000000000000000e0,1.00000000000000003e-300,0.00000000000000000e0,1.00000000000000000e0
8.00000000000000000e0,7.47225381010139245e-1,9.71880618176697852e-2,9.87301192696009910e-1
3.21384575107367709e0,4.96675417634833138e-1,1.05493190652529503e-1,9.65906467013060044e-1
1.34025378839578480e0,4.38540105951688020e-1,3.31284892381498608e-1,7.40640799187942567e-1
1.25000000000000000e0,1.99218750000000000e-1,1.33095313483372280e-1,8.92025111897662315e-1
8.00000000000000000e0,2.03124999999999972e-1,2.89805769071449165e-6,9.99999637742329361e-1
3.48045188991818577e0,2.07031250000000028e-1,4.16385761740328993e-3,9.98801865215988793e-1
6.71131765266181901e0,9.96093749999999889e-1,9.74074566191933777e-1,5.80285806182867070e-1
1.25000000000000000e0,1.00000000000000003e-300,0.00000000000000000e0,1.00000000000000000e0
8.00000000000000000e0,5.83836983523724484e-1,1.34999704372204335e-2,9.98302452023219988e-1
4.86438008549157530e0,8.94674303162901197e-2,7.95243131082734933e-6,9.99998365165490455e-1
7.19026250630849972e0,6.16268638236761035e-1,3.07887173108331476e-2,9.95660138948313067e-1
1.25000000000000000e0,2.30468750000000000e-1,1.59685343892662229e-1,8.70068710082355756e-1
8.00000000000000000e0,2.34374999999999972e-1,9.10521658070705661e-6,9.99998861843393483e-1
2.00390251283533871e0,2.38281250000000028e-1,5.64610336459643036e-2,9.71414310979296092e-1
1.51706157164881006e0,9.96093749999999889e-1,9.94079966610200261e-1,3.40083124232885489e-2
1.25000000000000000e0,1.00000000000000003e-300,0.00000000000000000e0,1.00000000000000000e0
8.00000000000000000e0,3.14400083516375162e-2,9.54687468342508330e-13,9.99999999999880651e-1
5.68843158573145047e0,7.45557643449501484e-1,1.88199377938743306e-1,9.64010177964685244e-1
2.63862103561405092e0,3.43146278323729348e-1,5.94710889900300702e-2,9.77031176361458420e-1
1.25000000000000000e0,2.61718750000000000e-1,1.87194699240832485e-1,8.47206388110529840e-1
8.00000000000000000e0,2.65624999999999944e-1,2.47828688806350377e-5,9.99996902107800900e-1
4.37328513775719330e0,2.69531250000000056e-1,3.23512712213526281e-3,9.99259327671828346e-1
6.10417384107131511e0,9.96093749999999889e-1,9.76392011724130149e-1,5.41340757726578192e-1
1.25000000000000000e0,1.00000000000000003e-300,0.00000000000000000e0,1.00000000000000000e0
8.00000000000000000e0,8.98607873473338259e-1,4.25169160897117038e-1,9.33130763368355098e-1
1.47161946183769032e0,2.74892900233680848e-1,1.49507206183164543e-1,8.95796881613591056e-1
3.09766160172875971e0,7.03826775375091529e-1,3.36899694886291956e-1,8.75792989255189003e-1
1.25000000000000000e0,2.92968750000000000e-1,2.15539376688186901e-1,8.23487324970179846e-1
8.00000000000000000e0,2.96874999999999944e-1,6.03377367305312447e-5,9.99992457583803507e-1
4.43258238577982411e0,3.00781250000000056e-1,4.86747252040076531e-3,9.98899812293405853e-1
7.32391050178557634e0,9.96093749999999889e-1,9.71741896521916115e-1,6.14498025982080476e-1
1.25000000000000000e0,1.00000000000000003e-300,0.00000000000000000e0,1.00000000000000000e0
8.00000000000000000e0,6.49937571870395914e-1,3.18400065640141658e-2,9.95963428583827581e-1
1.93026206881040707e0,1.56700495663244510e-1,2.79431181808509309e-2,9.85424822022458624e-1
1.94933258433593437e0,1.68883156375159160e-1,3.12110858696278415e-2,9.83865230824958803e-1
1.25000000000000000e0,3.24218750000000000e-1,2.44651373809827793e-1,7.98946971652454874e-1
8.00000000000000000e0,3.28124999999999944e-1,1.34373789823172084e-4,9.99983202288734385e-1
5.55210942105622962e0,3.32031250000000056e-1,2.19549875441899184e-3,9.99604208555269547e-1
2.64405410719336942e0,9.96093749999999889e-1,9.89704800555747721e-1,1.77159475062389882e-1
1.25000000000000000e0,1.00000000000000003e-300,0.00000000000000000e0,1.00000000000000000e0
8.00000000000000000e0,1.00752652429036971e-1,1.06182245675791323e-8,9.99999998672721935e-1
5.94220046739792451e0,5.04546494885289576e-1,1.71624518912263761e-2,9.97090935982372861e-1
7.32443558977684006e0,1.60042919837906084e-1,1.48416180626169237e-6,9.99999797368310683e-1
1.25000000000000000e0,3.55468750000000000e-1,2.74474361683864410e-1,7.73610242590344388e-1
8.00000000000000000e0,3.59374999999999944e-1,2.78216508608153065e-4,9.99965218702633218e-1
7.57461026473902166e0,3.63281250000000056e-1,4.66672260663573632e-4,9.99938377449470339e-1
6.50478411250514910e0,9.96093749999999889e-1,9.74862279143261734e-1,5.67645625766698969e-1
1.25000000000000000e0,1.00000000000000003e-300,0.00000000000000000e0,1.00000000000000000e0
8.00000000000000000e0,4.60106910941249225e-1,2.00849175081966409e-3,9.99748717642297891e-1
6.01618142361985520e0,4.35155556083373085e-1,6.69915385424015453e-3,9.98883354762364006e-1
3.41354611911810935e0,5.62861139133019606e-1,1.40599315960292764e-1,9.56582864033993618e-1
1.25000000000000000e0,3.86718750000000000e-1,3.04960812897910660e-1,7.47493521570730124e-1
8.00000000000000000e0,3.90624999999999944e-1,5.42101086242751566e-4,9.99932221287560541e-1
6.95458506367867813e0,3.94531250000000056e-1,1.55207890552572702e-3,9.99776678095699700e-1
6.90475017600692809e0,9.96093749999999889e-1,9.73337397360275358e-1,5.91598245324375993e-1
1.25000000000000000e0,1.00000000000000003e-300,0.00000000000000000e0,1.00000000000000000e0
8.00000000000000000e0,3.88522480698156869e-1,5.19193473066298524e-4,9.99935086069416945e-1
6.67307719390373677e0,2.24144758844886383e-1,4.63475876240842610e-5,9.99993054403628179e-1
2.43360571953235194e0,6.75432843977432640e-1,3.84831139313169923e-1,8.19021028439729903e-1
1.25000000000000000e0,4.17968750000000000e-1,3.36070015076740558e-1,7.20605921267824079e-1
8.00000000000000000e0,4.21874999999999944e-1,1.00339127755333271e-3,9.99874520996702376e-1
5.09726997849065810e0,4.25781250000000056e-1,1.28784514521173097e-2,9.97460281547017380e-1
3.28512872982537374e0,9.96093749999999889e-1,9.87224643510201227e-1,2.65201527710903218e-1
1.25000000000000000e0,1.00000000000000003e-300,0.00000000000000000e0,1.00000000000000000e0
8.00000000000000000e0,2.19185245441622101e-1,5.32709606322871500e-6,9.99999334111440152e-1
6.02835601120023057e0,1.75234426042152336e-1,2.75593294646950260e-5,9.99995428331342473e-1
6.92318961909040809e0,3.94150617671584769e-1,1.58742355358894305e-3,9.99770553362457570e-1
1.25000000000000000e0,4.49218750000000000e-1,3.67766650021031316e-1,6.92950034510295021e-1
8.00000000000000000e0,4.53124999999999944e-1,1.77723227409742716e-3,9.99777673040172954e-1
4.99629248637938872e0,4.57031250000000056e-1,1.99981691477305462e-2,9.95964996751376841e-1
6.85495172603987157e0,9.96093749999999889e-1,9.73527125264342374e-1,5.88732901923789909e-1
1.25000000000000000e0,1.00000000000000003e-300,0.00000000000000000e0,1.00000000000000000e0
8.00000000000000000e0,9.51778135563472460e-1,6.73419659805861492e-1,8.69458293898188739e-1
4.01351153786526993e0,2.83805607259637327e-1,6.37812988591952151e-3,9.98407016088760146e-1
6.07137487613363191e0,4.36886788320407504e-1,6.55457965067882467e-3,9.98917445355188227e-1
1.25000000000000000e0,4.80468750000000000e-1,4.00019748683586640e-1,6.64522307509566978e-1
8.00000000000000000e0,4.84374999999999944e-1,3.03007765524298828e-3,9.99620737233926304e-1
2.30773988267173991e0,4.88281250000000056e-1,1.91219180400703015e-1,9.12138643767973378e-1
6.04749403981259093e0,9.96093749999999889e-1,9.76608637613596509e-1,5.37416123553980718e-1
1.25000000000000000e0,1.00000000000000003e-300,0.00000000000000000e0,1.00000000000000000e0
8.00000000000000000e0,8.81917241022165399e-1,3.65950768344978361e-1,9.44637914295528125e-1
3.65895842143800110e0,7.29120787700594519e-1,3.14766861277560206e-1,9.01850030354810261e-1
4.27484128804644570e0,7.65918359202260035e-1,3.19814744769472858e-1,9.13791296710566026e-1
1.25000000000000000e0,5.11718750000000000e-1,4.32801904260070591e-1,6.35313101199220798e-1
8.00000000000000000e0,5.15624999999999889e-1,4.99656713600770373e-3,9.99374059518163604e-1
2.02686068706680089e0,5.19531250000000111e-1,2.65206696296846012e-1,8.58953015035511802e-1
6.02873457199893892e0,9.96093749999999889e-1,9.76680345458153076e-1,5.36105584727281870e-1
1.25000000000000000e0,1.00000000000000003e-300,0.00000000000000000e0,1.00000000000000000e0
8.00000000000000000e0,1.71515832025761483e-1,7.48917045718115313e-7,9.99999906385338644e-1
2.52082918590167537e0,7.83792455822549528e-1,5.41126735956719784e-1,7.34167663560645112e-1
3.38075017952360213e0,7.51989409236557549e-1,3.81507222573915949e-1,8.67517777051677763e-1
1.25000000000000000e0,5.42968750000000000e-1,4.66088667576894877e-1,6.05306463256161997e-1
8.00000000000000000e0,5.46874999999999889e-1,8.00026850322764667e-3,9.98996448599123621e-1
3.30825429904507473e0,5.50781250000000111e-1,1.39025079039436394e-1,9.55760998115825156e-1
7.70561737136449665e0,9.96093749999999889e-1,9.70291234691094795e-1,6.33603991635964148e-1
1.25000000000000000e0,1.00000000000000003e-300,0.00000000000000000e0,1.00000000000000000e0
8.00000000000000000e0,6.52714259886124637e-1,3.29446430843614718e-2,9.95821312720550411e-1
3.24780449585523456e0,4.50421794935209618e-1,7.49934822379206140e-2,9.76283549248024185e-1
3.61500073515344411e0,4.76279185013481765e-1,6.84651326176273917e-2,9.80572482584898930e-1
1.25000000000000000e0,5.74218750000000000e-1,4.99858074363655092e-1,5.74479597592842728e-1
8.00000000000000000e0,5.78124999999999889e-1,1.24788338024508314e-2,9.98431562746281975e-1
1.56921825226163492e0,5.82031250000000111e-1,4.27710043570006249e-1,7.00710225023399635e-1
3.64737479732139036e0,9.96093749999999889e-1,9.85825953466388571e-1,3.11311704411331547e-1
1.25000000000000000e0,1.00000000000000003e-300,0.00000000000000000e0,1.00000000000000000e0
8.00000000000000000e0,7.40957641687600699e-1,9.08546272777526059e-2,9.88164315378538327e-1
1.65767010068520904e0,1.96675976681035536e-1,6.74951663577596783e-2,9.58720091042186251e-1
5.82216271449578926e0,6.88206836593963089e-1,1.13546437004122175e-1,9.79511467273299630e-1
1.25000000000000000e0,6.05468750000000000e-1,5.34090269954182406e-1,5.42801981357186825e-1
8.00000000000000000e0,6.09374999999999889e-1,1.90141565087777742e-2,9.97603220596890883e-1
7.28622259170515463e0,6.13281250000000111e-1,2.83688162956312294e-2,9.96058008632160763e-1
5.26023143396014348e0,9.96093749999999889e-1,9.79622469995049983e-1,4.77045785492660745e-1
1.25000000000000000e0,1.00000000000000003e-300,0.00000000000000000e0,1.00000000000000000e0
8.00000000000000000e0,2.09509942019394657e-1,3.71224895211124329e-6,9.99999535968127296e-1
3.81608883047010750e0,3.09149770910153165e-1,1.13354651106732547e-2,9.97017053293905553e-1
7.54784434015164152e0,7.50573934628846473e-1,1.14680445618317861e-1,9.83991583893419008e-1
1.25000000000000000e0,6.36718750000000000e-1,5.68767207294443744e-1,5.10234033184334024e-1
8.00000000000000000e0,6.40624999999999889e-1,2.83681530856973625e-2,9.96409174415853194e-1
7.64672571106348187e0,6.44531250000000111e-1,3.47809170740402962e-2,9.95381244162972356e-1
5.74495232308981940e0,9.96093749999999889e-1,9.77765742243168590e-1,5.15552732233232502e-1
1.25000000000000000e0,1.00000000000000003e-300,0.00000000000000000e0,1.00000000000000000e0
8.00000000000000000e0,9.19041556953743566e-1,5.08957123275135093e-1,9.14934337376352325e-1
6.56911317101912573e0,8.34927593132306356e-1,3.05704754126232991e-1,9.45972824974287585e-1
1.94975212635472417e0,9.83106218536704546e-1,9.67325637819661854e-1,1.72964934184318991e-1
1.25000000000000000e0,6.67968750000000000e-1,6.03872401009984405e-1,4.76725168901523000e-1
8.00000000000000000e0,6.71874999999999889e-1,4.15248290067928294e-2,9.94712575292542756e-1
5.40228423353983089e0,6.75781250000000111e-1,1.20382783718393935e-1,9.76536283537248750e-1
1.62968870165059343e0,9.96093749999999889e-1,9.93641861547763128e-1,4.48840727072663676e-2
1.25000000000000000e0,1.00000000000000003e-300,0.00000000000000000e0,1.00000000000000000e0
8.00000000000000000e0,3.60584381273838517e-1,2.85795436943922813e-4,9.99964271102761870e-1
5.78861507691908628e0,2.29807386667744140e-1,2.00993461373040011e-4,9.99965274911102875e-1
5.70079993829131126e0,8.47293184897353058e-1,3.88807466896734344e-1,9.17260388728243337e-1
1.25000000000000000e0,6.99218750000000000e-1,6.39390724967884405e-1,4.42210972272928160e-1
8.00000000000000000e0,7.03124999999999889e-1,5.97393259860189776e-2,9.92329801091215824e-1
7.59162516565993428e0,7.07031250000000111e-1,7.19439633787244542e-2,9.90213266724666363e-1
2.05300325108692050e0,9.96093749999999889e-1,9.91996948281905988e-1,9.52125241615826567e-2
1.25000000000000000e0,1.00000000000000003e-300,0.00000000000000000e0,1.00000000000000000e0
8.00000000000000000e0,6.21619016237673350e-2,2.22943252955807997e-10,9.99999999972132070e-1
4.78694995987461880e0,9.00158030026432243e-1,6.04402413955726026e-1,8.23883425838851657e-1
3.93302556104026735e0,8.47732354031904833e-3,7.10867634243486376e-9,9.99999998192568018e-1
1.25000000000000000e0,7.30468750000000000e-1,6.75308244025013549e-1,4.06609020885959349e-1
8.00000000000000000e0,7.34374999999999889e-1,8.45946838330781103e-2,9.89012268074128342e-1
6.63108895102050155e0,7.38281250000000111e-1,1.33711047678878259e-1,9.78586562191270826e-1
3.76615753729129210e0,9.96093749999999889e-1,9.85367745866980949e-1,3.25723160740380213e-1
1.25000000000000000e0,1.00000000000000003e-300,0.00000000000000000e0,1.00000000000000000e0
8.00000000000000000e0,7.11909588981143315e-1,6.59779384193478757e-2,9.91504390828068405e-1
2.96798710926668718e0,3.91936876731051598e-1,6.20398458623919943e-2,9.78651627828659998e-1
6.90001641603885219e0,8.36838556374459586e-1,2.92567670089646403e-1,9.51076071472299889e-1
1.25000000000000000e0,7.61718750000000000e-1,7.11612072962624520e-1,3.69812562680657431e-1
8.00000000000000000e0,7.65624999999999889e-1,1.18067087021248657e-1,9.84417768023092665e-1
6.56920866027940065e0,7.69531250000000111e-1,1.78894326500508571e-1,9.70441514682316875e-1
1.62981977523304522e0,9.96093749999999889e-1,9.93641351800869543e-1,4.48974857533285879e-2
1.25000000000000000e0,1.00000000000000003e-300,0.00000000000000000e0,1.00000000000000000e0
8.00000000000000000e0,2.50160682103341969e-1,1.53374238431134610e-5,9.99998082809155031e-1
4.50610305607551709e0,2.40193533745696186e-1,1.61713185837824062e-3,9.99640898089247609e-1
1.95417160738725215e0,2.51750304678353132e-1,6.75138060019760955e-2,9.64862080338522388e-1
1.25000000000000000e0,7.92968750000000000e-1,7.48290257271211123e-1,3.31680561994058543e-1
8.00000000000000000e0,7.96874999999999889e-1,1.62600402725846582e-1,9.78062467497596622e-1
7.43941417679889128e0,8.00781250000000111e-1,1.91513727035588999e-1,9.71828056289052444e-1
4.43790554546285421e0,9.96093749999999889e-1,9.82780464914874474e-1,4.00423932593197252e-1
1.25000000000000000e0,1.00000000000000003e-300,0.00000000000000000e0,1.00000000000000000e0
8.00000000000000000e0,5.34140682007091527e-1,6.62590573235024519e-3,9.99169350868270523e-1
4.43083507171832025e0,9.80853147480047483e-1,9.17906963595117253e-1,5.68811815469000615e-1
3.98756730905734003e0,3.01994252040458377e-1,8.44227944681816451e-3,9.97876120893291807e-1
1.25000000000000000e0,8.24218750000000000e-1,7.85331671667452991e-1,2.92021198800538229e-1
8.00000000000000000e0,8.28124999999999889e-1,2.21190853762326389e-1,9.69234535486305115e-1
4.44958566781133413e0,8.32031250000000111e-1,4.41219276742808530e-1,8.77394745238438856e-1
1.51532997994218022e0,9.96093749999999889e-1,9.94086703786937198e-1,3.38517211461985545e-2
1.25000000000000000e0,1.00000000000000003e-300,0.00000000000000000e0,1.00000000000000000e0
8.00000000000000000e0,7.74664165101057733e-2,1.29690370971149773e-9,9.99999999837887010e-1
1.35588444629684091e0,6.49766747101239162e-1,5.57340729785417266e-1,5.48235443635472164e-1
4.50034168682759628e0,5.50063710188624100e-1,6.78843673195096836e-2,9.84500688898962917e-1
1.25000000000000000e0,8.55468750000000000e-1,8.22725933129023645e-1,2.50562553556451018e-1
8.00000000000000000e0,8.59374999999999889e-1,2.97482706523854668e-1,9.56824148173442190e-1
5.59756863780785352e0,8.63281250000000111e-1,4.39145223883534996e-1,9.01845994904974968e-1
6.16170134191634133e0,9.96093749999999889e-1,9.76172195125353359e-1,5.45270951108607127e-1
1.25000000000000000e0,1.00000000000000003e-300,0.00000000000000000e0,1.00000000000000000e0
8.00000000000000000e0,7.62586156720317376e-1,1.14369793731586941e-1,9.84932691409204808e-1
2.79228636273182929e0,8.87239305625371344e-1,7.16003194206363824e-1,6.37111500231890560e-1
7.54872829042142257e0,4.46156670614072937e-1,2.25982885392641457e-3,9.99700340634345319e-1
1.25000000000000000e0,8.86718750000000000e-1,8.60463325912574573e-1,2.06895332752845940e-1
8.00000000000000000e0,8.90624999999999889e-1,3.95875890689015686e-1,9.38946334752429834e-1
4.93028015049640089e0,8.94531250000000111e-1,5.77234577638011226e-1,8.39773981536115599e-1
7.47890406771330163e0,9.96093749999999889e-1,9.71152588264383887e-1,6.22446121352519310e-1
1.25000000000000000e0,1.00000000000000003e-300,0.00000000000000000e0,1.00000000000000000e0
8.00000000000000000e0,8.05231270487638540e-1,1.76752292791464261e-1,9.75980894715420155e-1
2.49041792238131166e0,8.07784338044257311e-1,5.87661005110572177e-1,7.00663715409089782e-1
7.36745692056138068e0,7.84072354963427642e-1,1.66599396825653168e-1,9.75567504391117390e-1
1.25000000000000000e0,9.17968750000000000e-1,8.98534736537033307e-1,1.60344441735066956e-1
8.00000000000000000e0,9.21874999999999889e-1,5.21646504141134115e-1,9.11944942231428746e-1
1.44682128803106025e0,9.25781250000000111e-1,8.94424346281292637e-1,2.11405469571515764e-1
4.72668584989150986e0,9.96093749999999889e-1,9.81670297883360243e-1,4.29086596336395842e-1
1.25000000000000000e0,1.00000000000000003e-300,0.00000000000000000e0,1.00000000000000000e0
8.00000000000000000e0,5.82451848840719322e-1,1.32458619743770455e-2,9.98334591976425267e-1
7.46101600560359657e0,7.99615674418419076e-1,1.88536662819527301e-1,9.72387373176190728e-1
5.28161400475073606e0,8.19953623399669596e-1,3.50484086082870960e-1,9.21544878637468146e-1
1.25000000000000000e0,9.49218750000000000e-1,9.36931597111686498e-1,1.09609820522388726e-1
8.00000000000000000e0,9.53124999999999889e-1,6.81081193211528602e-1,8.66882061867334075e-1
5.57563081989064813e0,9.57031250000000111e-1,7.82800476840542547e-1,7.60438988825950624e-1
1.53372496383963153e0,9.96093749999999889e-1,9.94015135982635689e-1,3.55322724213576399e-2
1.25000000000000000e0,1.00000000000000003e-300,0.00000000000000000e0,1.00000000000000000e0
8.00000000000000000e0,5.29510805322388478e-1,6.18014428948011982e-3,9.99225385115434350e-1
4.25601991935400292e0,2.00029480656667147e-1,1.06033274556736174e-3,9.99750761720392123e-1
3.22628857893869281e0,7.84087068041117163e-1,4.56235125812151199e-1,8.27922554006068401e-1
1.25000000000000000e0,9.80468750000000000e-1,9.75645835697024788e-1,5.11986589133527348e-2
8.00000000000000000e0,9.84374999999999889e-1,8.81626435029832511e-1,7.65873144018787477e-1
2.58880099648376927e0,9.88281250000000111e-1,9.69944261412195474e-1,2.58258724965174047e-1
2.68385563360061496e0,9.96093749999999889e-1,9.89550637174191006e-1,1.82774777870917116e-1
1.25000000000000000e0,1.00000000000000003e-300,0.00000000000000000e0,1.00000000000000000e0
8.00000000000000000e0,8.66266154998811544e-1,3.17110611300133349e-1,9.53440938441216468e-1
1.73217609146377072e0,3.25297010022040922e-4,9.09190577206830020e-7,9.99999475116440939e-1
5.58417213690700009e0,6.70205051146695041e-1,1.07032054561250561e-1,9.79931699534780432e-1
1.25000000000000000e0,1.56250000000000000e-2,5.52427172801990204e-3,9.95578135800088027e-1
8.00000000000000000e0,1.95312499999999965e-2,2.11758236813574769e-14,9.99999999999997335e-1
5.18920152948703617e0,2.34375000000000035e-2,3.47649130323400556e-9,9.99999999330052791e-1
7.29550675227073953e0,9.96093749999999889e-1,9.71849930505926829e-1,6.13012191755612279e-1
1.25000000000000000e0,1.00000000000000003e-300,0.00000000000000000e0,1.00000000000000000e0
8.00000000000000000e0,5.00362794136890443e-1,3.92898230076418366e-3,9.99508030927915736e-1
6.88711070752469823e0,5.82573988954209199e-1,2.42073350010648738e-2,9.96448205184931157e-1
3.78538949141511694e0,1.53016571771331655e-1,8.20195841033216503e-4,9.99783260490517245e-1
1.25000000000000000e0,4.68750000000000000e-2,2.18110513852054592e-2,9.82512765063412563e-1
8.00000000000000000e0,5.07812499999999931e-2,4.42208509935682930e-11,9.99999999994472422e-1
6.60719045141013339e0,5.46875000000000069e-2,4.58127234148783976e-9,9.99999999306623200e-1
7.85004645463777706e0,9.96093749999999889e-1,9.69742902592872547e-1,6.40436323673514107e-1
1.25000000000000000e0,1.00000000000000003e-300,0.00000000000000000e0,1.00000000000000000e0
8.00000000000000000e0,2.78021794374581077e-1,3.56969191697677836e-5,9.99995537815415614e-1
6.06154698674799874e0,1.08380080973802251e-2,1.22674384610209966e-12,9.99999999999797606e-1
6.17425434099277481e0,1.92913639320977381e-1,3.86944781126541217e-5,9.99993732829363435e-1
1.25000000000000000e0,7.81250000000000000e-2,4.13035649781470365e-2,9.66818361818216454e-1
8.00000000000000000e0,8.20312499999999861e-2,2.05038131444049201e-9,9.99999999743702350e-1
3.80784426897298545e0,8.59375000000000139e-2,8.74044937057330800e-5,9.99977045460813452e-1
4.13905128673650324e0,9.96093749999999889e-1,9.83930681519745498e-1,3.68609673310890784e-1
1.25000000000000000e0,1.00000000000000003e-300,0.00000000000000000e0,1.00000000000000000e0
8.00000000000000000e0,6.79610890256299172e-2,4.55074641862490674e-10,9.99999999943115614e-1
4.17991593916667625e0,6.12704924874378776e-1,1.29041266040926389e-1,9.67486837117752518e-1
1.44378284551203251e0,3.96657661403878592e-1,2.63147766932744775e-1,8.09364890000323745e-1
1.25000000000000000e0,1.09375000000000000e-1,6.28995563927282897e-2,9.49355596166257643e-1
8.00000000000000000e0,1.13281249999999986e-1,2.71184123855198237e-8,9.99999996610198449e-1
5.74657457496505231e0,1.17187500000000014e-1,4.45919938463151547e-6,9.99999224023365829e-1
3.22873103985330090e0,9.96093749999999889e-1,9.87442582476389386e-1,2.57746590633049388e-1
1.25000000000000000e0,1.00000000000000003e-300,0.00000000000000000e0,1.00000000000000000e0
8.00000000000000000e0,5.56375345690867107e-1,9.18212111690122103e-3,9.98847597447205970e-1
4.22701485262950882e0,7.02569718450831715e-1,2.24881604908189370e-1,9.41515345773803025e-1
7.50862686370965093e0,4.64157839383005921e-1,3.14135518882325843e-3,9.99581063147341409e-1
1.25000000000000000e0,1.40625000000000000e-1,8.61148737697211009e-2,9.30493379133953469e-1
8.00000000000000000e0,1.44531249999999972e-1,1.90411892737592032e-7,9.99999976198511442e-1
6.47408485988853499e0,1.48437500000000028e-1,4.33015224752902264e-6,9.99999331154863058e-1
3.72970883134985343e0,9.96093749999999889e-1,9.85508325072336988e-1,3.21339278451841626e-1
1.25000000000000000e0,1.00000000000000003e-300,0.00000000000000000e0,1.00000000000000000e0
8.00000000000000000e0,3.90165829894613125e-1,5.37024198012182809e-4,9.99932856198351927e-1
6.04090466635534540e0,5.79887589465215569e-1,3.71862635660184446e-2,9.93746517221412495e-1
3.86381898296531290e0,5.50155779405940848e-1,9.93764875238422052e-2,9.73274371523999426e-1
1.25000000000000000e0,1.71875000000000000e-1,1.10666427132481787e-1,9.10440880236913719e-1
8.00000000000000000e0,1.75781249999999972e-1,9.11549773956588404e-7,9.99999886056232801e-1
4.42232710419921204e0,1.79687500000000028e-1,5.04933464737958998e-4,9.99885799459198532e-1
7.76673006260534748e0,9.96093749999999889e-1,9.70059179531463700e-1,6.36520474494121413e-1
1.25000000000000000e0,1.00000000000000003e-300,0.00000000000000000e0,1.00000000000000000e0
8.00000000000000000e0,6.07207948587529245e-2,1.84798986070008451e-10,9.99999999976900145e-1
3.35638186533469707e0,4.75213780305239197e-1,8.23220517422143666e-2,9.74729143606361648e-1
6.93870785523904487e0,9.66125210834434256e-2,9.06657762977417233e-8,9.99999986933333695e-1
1.25000000000000000e0,2.03125000000000000e-1,1.36365410100290824e-1,8.89332211190383637e-1
8.00000000000000000e0,2.07031249999999972e-1,3.37510458011362288e-6,9.99999578111304466e-1
5.44679289846681058e0,2.10937500000000028e-1,2.08355844651563447e-4,9.99961743805623082e-1
5.08024892315734178e0,9.96093749999999889e-1,9.80312791922979820e-1,4.61557622725427219e-1
1.25000000000000000e0,1.00000000000000003e-300,0.00000000000000000e0,1.00000000000000000e0
8.00000000000000000e0,3.16582251407453441e-1,1.00900311361616583e-4,9.99987386904278241e-1
6.25744308397406712e0,2.43644234483326727e-1,1.45432490767332669e-4,9.99976757059572563e-1
5.73256737436167896e0,1.53103260649913864e-1,2.12749423102535150e-5,9.99996288725843674e-1
1.25000000000000000e0,2.34375000000000000e-1,1.63075645530101981e-1,8.67259298261020328e-1
8.00000000000000000e0,2.38281249999999972e-1,1.03924742616505219e-5,9.99998700934810802e-1
1.65756929153576493e0,2.42187500000000028e-1,9.53210482738897080e-2,9.41354984882907586e-1
4.01051042415201664e0,9.96093749999999889e-1,9.84425817644843715e-1,3.54230223957050949e-1
1.25000000000000000e0,1.00000000000000003e-300,0.00000000000000000e0,1.00000000000000000e0
8.00000000000000000e0,9.06103096062906843e-1,4.54381786550856814e-1,9.27066968521297774e-1
1.25715511263115332e0,9.45653495300575742e-1,9.32162011512849831e-1,1.17624805266106386e-1
3.75968612707220018e0,3.88178322236854001e-1,2.85027392338731700e-2,9.92338214014793385e-1
1.25000000000000000e0,2.65625000000000000e-1,1.90693629247813717e-1,8.44287515293758339e-1
8.00000000000000000e0,2.69531249999999944e-1,2.78530656887526136e-5,9.99996518324361983e-1
5.70653257385129109e0,2.73437500000000056e-1,6.11522244778571087e-4,9.99892811175951857e-1
7.83830956270685419e0,9.96093749999999889e-1,9.69787450708741283e-1,6.39888847952429840e-1
1.25000000000000000e0,1.00000000000000003e-300,0.00000000000000000e0,1.00000000000000000e0
8.00000000000000000e0,2.84536615995421016e-1,4.29640582774037334e-5,9.99994629391764422e-1
3.37399039044976234e0,1.37483518074077438e-2,5.22968510063748889e-7,9.99999844999971632e-1
6.11878016020637006e0,1.86366684097265534e-1,3.43197326571609748e-5,9.99994391002055560e-1
1.25000000000000000e0,2.96875000000000000e-1,2.19137666996119529e-1,8.20464092898713582e-1
8.00000000000000000e0,3.00781249999999944e-1,6.69893985957587267e-5,9.99991626079750784e-1
6.32442453235853463e0,3.04687500000000056e-1,5.44098597411722760e-4,9.99913948968296884e-1
5.93899617163697258e0,9.96093749999999889e-1,9.77023442277522691e-1,5.29755431452368586e-1
1.25000000000000000e0,1.00000000000000003e-300,0.00000000000000000e0,1.00000000000000000e0
8.00000000000000000e0,7.74237218442976882e-1,1.29119654718138605e-1,9.82867129849396171e-1
7.44009523733984679e0,9.10865817413650802e-1,4.99271650759674612e-1,9.11222564892941733e-1
7.98316664481535554e0,5.26915334694422199e-1,6.00635142548168813e-3,9.99245639007354525e-1
1.25000000000000000e0,3.28125000000000000e-1,2.48341414784128550e-1,7.95823020655757829e-1
8.00000000000000000e0,3.32031249999999944e-1,1.47717409614533463e-4,9.99981534130383043e-1
7.17421693477081135e0,3.35937500000000056e-1,3.99278207412908552e-4,9.99944335830830755e-1
7.56815976632060483e0,9.96093749999999889e-1,9.70813387189404575e-1,6.26903736747148055e-1
1.25000000000000000e0,1.00000000000000003e-300,0.00000000000000000e0,1.00000000000000000e0
8.00000000000000000e0,5.85116301167545316e-1,1.37384450419102775e-2,9.98272282869946737e-1
1.73957449512090534e0,7.44400879898421408e-1,5.98409547760940685e-1,5.91879910644129259e-1
1.76559556607389823e0,9.10820117351249792e-1,8.47958120862622233e-1,3.44095833907589244e-1
1.25000000000000000e0,3.59375000000000000e-1,2.78249778662878366e-1,7.70388055410965444e-1
8.00000000000000000e0,3.63281249999999944e-1,3.03349906861102880e-4,9.99962076228280483e-1
2.65466389141511172e0,3.67187500000000056e-1,6.99718873557755999e-2,9.73044300346174729e-1
7.97541923914104700e0,9.96093749999999889e-1,9.69267169916902205e-1,6.46201044912037115e-1
1.25000000000000000e0,1.00000000000000003e-300,0.00000000000000000e0,1.00000000000000000e0
8.00000000000000000e0,5.14414387716897181e-1,4.90348504796717100e-3,9.99385745409648085e-1
3.89688040624605492e0,9.74281439080186829e-1,9.03450937389867148e-1,5.48871390070709730e-1
6.84428354562260211e0,3.45243978676990082e-1,6.89928609346815327e-4,9.99899166666821326e-1
1.25000000000000000e0,3.90625000000000000e-1,3.08816177750818266e-1,7.44174615330396083e-1
8.00000000000000000e0,3.94531249999999944e-1,5.87017796366229696e-4,9.99926603923777635e-1
4.49254854425089434e0,3.98437500000000056e-1,1.60176510162929019e-2,9.96412206572723558e-1
1.62412898213369772e0,9.96093749999999889e-1,9.93663483611202492e-1,4.43166780971893937e-2
1.25000000000000000e0,1.00000000000000003e-300,0.00000000000000000e0,1.00000000000000000e0
8.00000000000000000e0,2.78449069664929993e-1,3.61381710810356892e-5,9.99995482657193180e-1
2.44017199508380145e0,4.32413906714828045e-1,1.29280352954772304e-1,9.44847490263189149e-1
5.43048977042781189e0,4.50701575332459470e-1,1.31961780941443098e-2,9.97556797366073056e-1
1.25000000000000000e0,4.21875000000000000e-1,3.40000642491042560e-1,7.17190965706835715e-1
8.00000000000000000e0,4.25781249999999944e-1,1.08017037246697987e-3,9.99864914852704345e-1
3.34880587796214968e0,4.29687500000000056e-1,5.90880519186960385e-2,9.81977096882012623e-1
4.05220982769969851e0,9.96093749999999889e-1,9.84265165307519396e-1,3.58941424225534544e-1
1.25000000000000000e0,1.00000000000000003e-300,0.00000000000000000e0,1.00000000000000000e0
8.00000000000000000e0,9.07780809247924481e-1,4.61156122760426779e-1,9.25620296568066436e-1
4.10307386796921492e0,3.66612199559313012e-1,1.62895381627741372e-2,9.96005227895043976e-1
3.00940676993923262e0,6.68919773593188438e-1,2.98180635503077440e-1,8.89000498928483207e-1
1.25000000000000000e0,4.53125000000000000e-1,3.71768449267294687e-1,6.89438917458601086e-1
8.00000000000000000e0,4.57031249999999944e-1,1.90356263510270754e-3,9.99761856271600191e-1
6.59196574427187443e0,4.60937500000000056e-1,6.06373010904505405e-3,9.99077758538215899e-1
3.26434406271437183e0,9.96093749999999889e-1,9.87304956607669260e-1,2.62462227159812822e-1
1.25000000000000000e0,1.00000000000000003e-300,0.00000000000000000e0,1.00000000000000000e0
8.00000000000000000e0,9.62648137879114074e-1,7.37463619537167103e-1,8.46055175877504895e-1
3.35401556920260191e0,4.34974166610118118e-1,6.12915820941762612e-2,9.81318598239258710e-1
3.70883804489858449e0,5.55727367741383205e-1,1.13170616329367674e-1,9.68135880870826804e-1
1.25000000000000000e0,4.84375000000000000e-1,4.04089113007527145e-1,6.60914158780162464e-1
8.00000000000000000e0,4.88281249999999944e-1,3.23117426778526126e-3,9.99595531096648449e-1
7.63621683028759435e0,4.92187500000000056e-1,4.45699710486740369e-3,9.99415200882454724e-1
5.76584469241788611e0,9.96093749999999889e-1,9.77685792991100699e-1,5.17113668410158156e-1
1.25000000000000000e0,1.00000000000000003e-300,0.00000000000000000e0,1.00000000000000000e0
8.00000000000000000e0,5.49267286237409280e-1,8.28456804725545559e-3,9.98960656017348070e-1
3.54747962841065601e0,7.27548774202659843e-1,3.23562856741456351e-1,8.95659153452763701e-1
4.91867054929025471e0,8.44076376174598408e-1,4.34406244684580722e-1,8.90599530009629992e-1
1.25000000000000000e0,5.15625000000000000e-1,4.36935626566079705e-1,6.31606279851538499e-1
8.00000000000000000e0,5.19531249999999889e-1,5.30754158083958719e-3,9.99335011625751668e-1
1.49045773316174746e0,5.23437500000000111e-1,3.81048201682807397e-1,7.24795203867196314e-1
6.87847037770552561e0,9.96093749999999889e-1,9.73437516572292383e-1,5.90090133173156062e-1
1.25000000000000000e0,1.00000000000000003e-300,0.00000000000000000e0,1.00000000000000000e0
8.00000000000000000e0,2.71263788354190183e-1,2.93180162386178582e-5,9.99996335200962871e-1
2.73314767098054290e0,8.33815015894288081e-1,6.08515811051032030e-1,7.09549809427205358e-1
5.06786834192462265e0,2.39285981297143735e-1,7.11925294936163896e-4,9.99859481591124144e-1
1.25000000000000000e0,5.46875000000000000e-1,4.70283874956108405e-1,6.01498508477506300e-1
8.00000000000000000e0,5.50781249999999889e-1,8.46902039533730007e-3,9.98937429138432864e-1
5.91627567308023572e0,5.54687500000000111e-1,3.05998749446431406e-2,9.94760835012429956e-1
4.17610327911097556e0,9.96093749999999889e-1,9.83788004434246632e-1,3.72676147123845669e-1
1.25000000000000000e0,1.00000000000000003e-300,0.00000000000000000e0,1.00000000000000000e0
8.00000000000000000e0,8.41927945853058191e-1,2.52463966549887175e-1,9.64281903408655494e-1
5.88243653543759137e0,7.89221281384016038e-1,2.48472535522558019e-1,9.52600763577990617e-1
4.99856180179631338e0,6.03917497710426687e-2,8.06568506280392823e-7,9.99999838639833105e-1
1.25000000000000000e0,5.78125000000000000e-1,5.04112176430125403e-1,5.70567139069837692e-1
8.00000000000000000e0,5.82031249999999889e-1,1.31695345139721115e-2,9.98344244553811655e-1
2.06189862440805882e0,5.85937500000000111e-1,3.32148963795726337e-1,8.22188464808093711e-1
4.32734190538758412e0,9.96093749999999889e-1,9.83205840406737308e-1,3.88914430321192217e-1
1.25000000000000000e0,1.00000000000000003e-300,0.00000000000000000e0,1.00000000000000000e0
8.00000000000000000e0,5.90996754435764160e-1,1.48826670870654629e-2,9.98127439783201398e-1
7.54168440354987979e0,2.35757533168907685e-1,1.85068899247808620e-5,9.99997546033819296e-1
1.75137374526821077e0,9.92190602178197878e-1,9.86362979023683750e-1,8.60917400727314458e-2
1.25000000000000000e0,6.09375000000000000e-1,5.38400917495806319e-1,5.38780599939147065e-1
8.00000000000000000e0,6.13281249999999889e-1,2.00114010959524594e-2,9.97476397008866256e-1
6.30350855120923370e0,6.17187500000000111e-1,4.77411123939559534e-2,9.92269540871355993e-1
7.94615117344073951e0,9.96093749999999889e-1,9.69378208023871091e-1,6.44868787845513269e-1
1.25000000000000000e0,1.00000000000000003e-300,0.00000000000000000e0,1.00000000000000000e0
8.00000000000000000e0,2.16157019690399466e-1,4.76600781735256779e-6,9.99999404247780554e-1
2.45833666628459468e0,4.44041368837133632e-1,1.35908962481815165e-1,9.42309848491916235e-1
1.53010102390544489e0,5.18041678319605126e-1,3.65551977499891600e-1,7.42772159985118030e-1
1.25000000000000000e0,6.40625000000000000e-1,5.73132258761322788e-1,5.06098055661491464e-1
8.00000000000000000e0,6.44531249999999889e-1,2.97818609238130194e-2,9.96227839150846228e-1
3.74221804545959458e0,6.48437500000000111e-1,1.97683077714115168e-1,9.42842629751337369e-1
1.90931894129607826e0,9.96093749999999889e-1,9.92554970452511620e-1,7.68062391376986703e-2
1.25000000000000000e0,1.00000000000000003e-300,0.00000000000000000e0,1.00000000000000000e0
8.00000000000000000e0,5.13408839769908809e-1,4.82732719246721509e-3,9.99395305855006910e-1
7.22592377121327445e0,3.52279048834134301e-1,5.31910625489453656e-4,9.99926371690363025e-1
5.81266354711260647e0,2.45061358978091448e-1,2.81877305190881178e-4,9.99951500684439498e-1
1.25000000000000000e0,6.71875000000000000e-1,6.08289895048640505e-1,4.72467369935627157e-1
8.00000000000000000e0,6.75781249999999889e-1,4.34959782208731022e-2,9.94456635782532294e-1
2.33936067996546626e0,6.79687500000000111e-1,4.05238715593745080e-1,8.00827352020822669e-1
5.05773487401893362e0,9.96093749999999889e-1,9.80399178658742709e-1,4.59572092131964760e-1
1.25000000000000000e0,1.00000000000000003e-300,0.00000000000000000e0,1.00000000000000000e0
8.00000000000000000e0,1.56828276330998051e-1,3.65927420211525945e-7,9.99999954259065182e-1
4.95867238484788686e0,3.58240457658212108e-1,6.15599211011129757e-3,9.98755478360961013e-1
7.64862254780018702e0,9.63287079948713654e-1,7.51196838107614173e-1,8.33705548867764490e-1
1.25000000000000000e0,7.03125000000000000e-1,6.43858857682858554e-1,4.37822138476145040e-1
8.00000000000000000e0,7.07031249999999889e-1,6.24466113488964455e-2,9.91972199430043888e-1
5.05778597010066733e0,7.10937500000000111e-1,1.78071758871709673e-1,9.61969688453024219e-1
4.22826938465004787e0,9.96093749999999889e-1,9.83587162103074952e-1,3.78342307363377817e-1
1.25000000000000000e0,1.00000000000000003e-300,0.00000000000000000e0,1.00000000000000000e0
8.00000000000000000e0,9.85137060197303072e-1,8.87101386362582400e-1,7.61353022384579581e-1
6.54189093667082489e0,8.31047907149695675e-2,8.55680262762351564e-8,9.99999986919985373e-1
4.15713024092838168e0,2.94139893289866450e-1,6.17603108449589315e-3,9.98510855472413805e-1
1.25000000000000000e0,7.34375000000000000e-1,6.79825349982222882e-1,4.02077299870197524e-1
8.00000000000000000e0,7.38281249999999889e-1,8.82621923863331492e-2,9.88516096504077679e-1
6.10222734312992543e0,7.42187500000000111e-1,1.62123050512691491e-1,9.71429289787265504e-1
2.05739680374972522e0,9.96093749999999889e-1,9.91979890125646802e-1,9.57909581746484856e-2
1.25000000000000000e0,1.00000000000000003e-300,0.00000000000000000e0,1.00000000000000000e0
8.00000000000000000e0,4.21556677456464968e-1,9.97350439351652211e-4,9.99875276763059762e-1
6.30130755511345342e0,5.08914799534068152e-1,1.41736084143197182e-2,9.97737159143518237e-1
4.63322562049143016e0,1.27029265031524119e-1,7.04991790661518706e-5,9.99984783575497582e-1
1.25000000000000000e0,7.65625000000000000e-1,7.16176609187199720e-1,3.65122458811706352e-1
8.00000000000000000e0,7.69531249999999889e-1,1.22973090258350931e-1,9.83731583238549701e-1
6.67682309367228299e0,7.73437500000000111e-1,1.79901574898425620e-1,9.70732455438351516e-1
3.37893805868225172e0,9.96093749999999889e-1,9.86862240379077993e-1,2.77443500213320426e-1
1.25000000000000000e0,1.00000000000000003e-300,0.00000000000000000e0,1.00000000000000000e0
8.00000000000000000e0,9.42136954699890339e-2,6.20743688274114211e-9,9.99999999224070346e-1
1.81963444862049073e0,3.70656673171652074e-1,1.64318431816275201e-1,9.06059425197192292e-1
2.66836745286127552e0,3.47481608655471064e-1,5.95713468127391094e-2,9.77245255191194429e-1
1.25000000000000000e0,7.96875000000000000e-1,7.52900789665934989e-1,3.26811316173616306e-1
8.00000000000000000e0,8.00781249999999889e-1,1.69087368760689305e-1,9.77112164690371321e-1
6.46515377651667222e0,8.04687500000000111e-1,2.45394989850966000e-1,9.57384182391971428e-1
7.56558818375924602e0,9.96093749999999889e-1,9.70823158393034680e-1,6.26776500013949800e-1
1.25000000000000000e0,1.00000000000000003e-300,0.00000000000000000e0,1.00000000000000000e0
8.00000000000000000e0,2.64556278525560629e-1,2.39963165493368175e-5,9.99997000428940575e-1
4.66122579236980528e0,4.41516764035441156e-1,2.21319011514698322e-2,9.95210091902573812e-1
3.99333978013601154e0,3.45419408008638129e-1,1.43371112225572448e-2,9.96390289327748757e-1
1.25000000000000000e0,8.28125000000000000e-1,7.89986863405912398e-1,2.86944013831711642e-1
8.00000000000000000e0,8.32031249999999889e-1,2.29676787490196654e-1,9.67908097354055696e-1
3.01758883177535608e0,8.35937500000000111e-1,5.82307725989774538e-1,7.48782112310958259e-1
4.00083698285743594e0,9.96093749999999889e-1,9.84463089573552774e-1,3.53130929851031838e-1
1.25000000000000000e0,1.00000000000000003e-300,0.00000000000000000e0,1.00000000000000000e0
8.00000000000000000e0,8.00851822723416262e-1,1.69206618680997872e-1,9.77094634588497657e-1
6.48948210902744904e0,9.84784162483265391e-3,9.50216748757298612e-14,9.99999999999985345e-1
7.87469889177009463e0,1.28208084283869539e-1,9.44283660428506634e-8,9.99999988008637430e-1
1.25000000000000000e0,8.59375000000000000e-1,8.27424534673318335e-1,2.45235445854453643e-1
8.00000000000000000e0,8.63281249999999889e-1,3.08473930365736337e-1,9.54939965757750642e-1
3.42991507705301046e0,8.67187500000000111e-1,6.13384612492295922e-1,7.58001801906604822e-1
5.16191730310674757e0,9.96093749999999889e-1,9.79999493035476066e-1,4.68669484181729157e-1
1.25000000000000000e0,1.00000000000000003e-300,0.00000000000000000e0,1.00000000000000000e0
8.00000000000000000e0,5.93240108228201279e-1,1.53406599664932496e-2,9.98069422802280726e-1
2.47021251183468848e0,4.00792053860641317e-1,1.04502287972010194e-1,9.56300926866805234e-1
4.95533916860586032e0,3.88439746075164294e-3,1.13313359917990384e-12,9.99999999999771294e-1
1.25000000000000000e0,8.90625000000000000e-1,8.65204166377889994e-1,2.01252449553415397e-1
8.00000000000000000e0,8.94531249999999889e-1,4.09981383093974527e-1,9.36177532923876066e-1
4.18939416960347444e0,8.98437500000000111e-1,6.38472735887807286e-1,7.84384773351216036e-1
1.76710068609099835e0,9.96093749999999889e-1,9.93107608066104763e-1,5.98048424196893635e-2
1.25000000000000000e0,1.00000000000000003e-300,0.00000000000000000e0,1.00000000000000000e0
8.00000000000000000e0,9.17904736070340732e-1,5.03942383084437950e-1,9.16097114727025152e-1
4.96521649917121977e0,2.51369098668874358e-2,1.14078077143199475e-8,9.99999997702455068e-1
5.80490107287187129e0,4.48676363557751756e-1,9.53908259009326152e-3,9.98350193711937228e-1
1.25000000000000000e0,9.21875000000000000e-1,9.03316716180858403e-1,1.54269870207406290e-1
8.00000000000000000e0,9.25781249999999889e-1,5.39593917605389439e-1,9.07596122003545003e-1
6.82164375693537295e0,9.29687500000000111e-1,6.08143735476915470e-1,8.71676921308647934e-1
6.68450250377645716e0,9.96093749999999889e-1,9.74176802429033817e-1,5.78678134506476205e-1
1.25000000000000000e0,1.00000000000000003e-300,0.00000000000000000e0,1.00000000000000000e0
8.00000000000000000e0,3.28902612518504611e-1,1.36942605078571751e-4,9.99982881148707592e-1
2.67508081509731710e0,2.38618322287038609e-1,2.16424957869011669e-2,9.91854118412492602e-1
1.53225100092822686e0,8.41323728409406613e-1,7.67405120615364034e-1,3.86030260401233227e-1
1.25000000000000000e0,9.53125000000000000e-1,9.41753680768353973e-1,1.02852484961291013e-1
8.00000000000000000e0,9.57031249999999889e-1,7.03734678156666016e-1,8.58934609762711743e-1
1.67722037120256573e0,9.60937500000000111e-1,9.35353852399170238e-1,1.95351296927077228e-1
5.29349988029571250e0,9.96093749999999889e-1,9.79494922294580683e-1,4.79835268609124233e-1
1.25000000000000000e0,1.00000000000000003e-300,0.00000000000000000e0,1.00000000000000000e0
8.00000000000000000e0,7.40143911316408776e-1,9.00594658188413055e-2,9.88272308239241837e-1
7.08785034460015595e0,8.91707006576325512e-2,3.62519949240764476e-8,9.99999994885332866e-1
4.23204943543532863e0,5.56720433692134975e-1,8.38540212581986993e-2,9.79518297172775276e-1
1.25000000000000000e0,9.84375000000000000e-1,9.80507047011742516e-1,4.28451934758070502e-2
8.00000000000000000e0,9.88281249999999889e-1,9.10006400466469967e-1,7.40076225294282630e-1
1.67999891395447776e0,9.92187500000000111e-1,9.86909900815704511e-1,7.57062921116807702e-2
7.21946177020436153e0,9.96093749999999889e-1,9.72139227586721999e-1,6.08988418724356828e-1
1.25000000000000000e0,1.00000000000000003e-300,0.00000000000000000e0,1.00000000000000000e0
8.00000000000000000e0,6.56481220594287151e-1,3.44967718838239748e-2,9.95621385002849024e-1
7.42860100307734683e0,8.35692212344838481e-1,2.63580619964074059e-1,9.59650469539910400e-1
7.06915194471366704e0,1.57131683463376248e-1,2.08097287947561625e-6,9.99999705625971180e-1
1.25000000000000000e0,1.95312500000000000e-2,7.30150772080674117e-3,9.94154516355638895e-1
8.00000000000000000e0,2.34374999999999965e-2,9.10521658070705498e-14,9.99999999999988565e-1
6.10074133385205641e0,2.73437500000000035e-2,2.90854271104032670e-10,9.99999999952324803e-1
1.96170483605237678e0,9.96093749999999889e-1,9.92351484673583584e-1,8.33932375917225410e-2
1.25000000000000000e0,1.00000000000000003e-300,0.00000000000000000e0,1.00000000000000000e0
8.00000000000000000e0,4.04395537757409329e-1,7.15238425217849198e-4,9.99910567208069367e-1
6.30932847224175930e0,4.53916559995377611e-1,6.85092292395566259e-3,9.98911016524785533e-1
4.04393412166973576e0,4.36468334846722428e-1,3.49939209888441433e-2,9.91230209499327275e-1
1.25000000000000000e0,5.07812500000000000e-2,2.41062265503000431e-2,9.80668075642544435e-1
8.00000000000000000e0,5.46874999999999931e-2,8.00026850322765106e-11,9.99999999989999666e-1
4.60760908742668107e0,5.85937500000000069e-2,2.10252139583850755e-6,9.99999543684569003e-1
7.83219267870299518e0,9.96093749999999889e-1,9.69810668540158738e-1,6.39602984678578679e-1
1.25000000000000000e0,1.00000000000000003e-300,0.00000000000000000e0,1.00000000000000000e0
8.00000000000000000e0,1.63636501397377288e-1,5.14092756225230254e-7,9.99999935738390966e-1
2.38406390667660162e0,3.61248555668680638e-1,8.82635781467554781e-2,9.61982354027496211e-1
5.62342239392455667e0,7.33063777488496271e-2,4.15157379362780758e-7,9.99999926173525511e-1
1.25000000000000000e0,8.20312500000000000e-2,4.39009746108296045e-2,9.64722261870867515e-1
8.00000000000000000e0,8.59374999999999861e-2,2.97482706523854628e-9,9.99999999628146563e-1
2.90810981730464846e0,8.98437500000000139e-2,9.04956706489464858e-4,9.99688723752870434e-1
7.89217330224346370e0,9.96093749999999889e-1,9.69583024330861964e-1,6.42390268551347732e-1
1.25000000000000000e0,1.00000000000000003e-300,0.00000000000000000e0,1.00000000000000000e0
8.00000000000000000e0,3.70879238389534294e-1,3.57981167089074835e-4,9.99955245344314125e-1
5.45981440297327936e0,1.79725345778933843e-1,8.51736526555608677e-5,9.99984399356930731e-1
5.83575255289906636e0,5.07194488927780185e-1,1.90314328576079092e-2,9.96712803950185688e-1
1.25000000000000000e0,1.13281250000000000e-1,6.57199978770277582e-2,9.47069046169115247e-1
8.00000000000000000e0,1.17187499999999986e-1,3.55672522683869399e-8,9.99999995554093357e-1
6.36276101000839844e0,1.21093750000000014e-1,1.46596190025909477e-6,9.99999769602723743e-1
3.01883890357566997e0,9.96093749999999889e-1,9.88254096571585028e-1,2.29426580559369514e-1
1.25000000000000000e0,1.00000000000000003e-300,0.00000000000000000e0,1.00000000000000000e0
8.00000000000000000e0,4.57315419630504039e-1,1.91305193528472600e-3,9.99760668124910268e-1
5.75539057742571458e0,1.09361529298439564e-1,2.93961347666237294e-6,9.99999489241085060e-1
1.89612753980327398e0,9.02684667153152986e-1,8.23551399587873934e-1,4.00565430951188906e-1
1.25000000000000000e0,1.44531250000000000e-1,8.91152846081127298e-2,9.28048625278153350e-1
8.00000000000000000e0,1.48437499999999972e-1,2.35694284103637675e-7,9.99999970538211436e-1
4.92937414586776868e0,1.52343750000000028e-1,9.37210005115381514e-5,9.99980986531190275e-1
1.85101290099555627e0,9.96093749999999889e-1,9.92781501285385670e-1,6.96686145638235194e-2
1.25000000000000000e0,1.00000000000000003e-300,0.00000000000000000e0,1.00000000000000000e0
8.00000000000000000e0,3.58773265188574442e-1,2.74511526641221641e-4,9.99965681937399764e-1
2.35063428577268496e0,7.83380437928826723e-1,5.63337479228726012e-1,7.02929747966266727e-1
1.37342331151012331e0,2.61541423260496231e-1,1.58502647606523966e-1,8.81922327763109193e-1
1.25000000000000000e0,1.75781250000000000e-1,1.13819241098643373e-1,9.07857849642651149e-1
8.00000000000000000e0,1.79687499999999972e-1,1.08678323675059791e-6,9.99999864152030793e-1
2.95171032921643928e0,1.83593750000000028e-1,6.71617088766428890e-3,9.97719580004225115e-1
6.51305255613988265e0,9.96093749999999889e-1,9.74830731301109754e-1,5.68163239039782719e-1
1.25000000000000000e0,1.00000000000000003e-300,0.00000000000000000e0,1.00000000000000000e0
8.00000000000000000e0,2.66394430586842645e-1,2.53630295464379155e-5,9.99996829586126568e-1
6.95879948145011440e0,3.63599951087962836e-1,8.75929674522720890e-4,9.99874079091779056e-1
6.50037019967567176e0,1.61861843084807333e-1,7.23013412660329577e-6,9.99998887731618158e-1
1.25000000000000000e0,2.07031250000000000e-1,1.39651267040652866e-1,8.86624277108031489e-1
8.00000000000000000e0,2.10937499999999972e-1,3.91949717794270590e-6,9.99999510062012598e-1
2.45356615429045632e0,2.14843750000000028e-1,2.29783542658718171e-2,9.90570177328241042e-1
5.53155339445220307e0,9.96093749999999889e-1,9.78582734763135509e-1,4.99153102980386731e-1
1.25000000000000000e0,1.00000000000000003e-300,0.00000000000000000e0,1.00000000000000000e0
8.00000000000000000e0,9.93681585441663628e-2,9.50556494909622280e-9,9.99999998811804347e-1
5.28548717324156314e0,8.71375635110780422e-1,4.83010390748272289e-1,8.82656101340192456e-1
2.59243865025928244e0,4.62563647265596956e-1,1.35511967869377137e-1,9.45378211468154483e-1
1.25000000000000000e0,2.38281250000000000e-1,1.66480103469673568e-1,8.64435864300804213e-1
8.00000000000000000e0,2.42187499999999972e-1,1.18362408407929230e-5,9.99998520462233365e-1
4.01154438115190715e0,2.46093750000000028e-1,3.60888438912655577e-3,9.99099154073907814e-1
1.57763939321739599e0,9.96093749999999889e-1,9.93844302667265866e-1,3.96930795083434429e-2
1.25000000000000000e0,1.00000000000000003e-300,0.00000000000000000e0,1.00000000000000000e0
8.00000000000000000e0,8.28706882316510018e-1,2.22437274462197437e-1,9.69040501955426126e-1
6.39105644280789420e0,1.99194616702698113e-1,3.32386650904290291e-5,9.99994799117897348e-1
4.12301095336442813e0,8.69450794170916197e-1,5.61702691139025267e-1,8.18679994502125252e-1
1.25000000000000000e0,2.69531250000000000e-1,1.94205447050818769e-1,8.41355352279807511e-1
8.00000000000000000e0,2.73437499999999944e-1,3.12510488407329948e-5,9.99996093565484467e-1
5.06243250588886440e0,2.77343750000000056e-1,1.51467047167863525e-3,9.99700619844603344e-1
3.33813336462480947e0,9.96093749999999889e-1,9.87019860257490445e-1,2.72143337785552164e-1
1.25000000000000000e0,1.00000000000000003e-300,0.00000000000000000e0,1.00000000000000000e0
8.00000000000000000e0,2.66206100177441840e-1,2.52199386474311642e-5,9.99996847472884753e-1
6.23391803272534162e0,7.71708142897296057e-1,1.98788722922259548e-1,9.65072185944453431e-1
5.27442823478486389e0,8.03064911733599729e-1,3.14495287924427158e-1,9.30911858302503337e-1
1.25000000000000000e0,3.00781250000000000e-1,2.22747813574441428e-1,8.17428097983515345e-1
8.00000000000000000e0,3.04687499999999944e-1,7.42740488624131804e-5,9.99990715442187206e-1
4.82057334732962772e0,3.08593750000000056e-1,3.45583651128268969e-3,9.99282122949231355e-1
4.67888749751728028e0,9.96093749999999889e-1,9.81853963918772443e-1,4.24479145946985326e-1
1.25000000000000000e0,1.00000000000000003e-300,0.00000000000000000e0,1.00000000000000000e0
8.00000000000000000e0,1.07861112410319038e-1,1.83197338564722217e-8,9.99999997710033228e-1
2.12750671472167596e0,7.94302969225100242e-1,6.12660582052885427e-1,6.40308382179566538e-1
2.49057326471665874e0,2.07046651835298690e-1,1.97978383383446595e-2,9.92003294322368334e-1
1.25000000000000000e0,3.32031250000000000e-1,2.52042454609784139e-1,7.92686675652972017e-1
8.00000000000000000e0,3.35937499999999944e-1,1.62206363307784490e-4,9.99979722765563017e-1
4.71837843983666971e0,3.39843750000000056e-1,6.14325149373643256e-3,9.98694853153859530e-1
5.28099608351476490e0,9.96093749999999889e-1,9.79542858579439679e-1,4.78789493540289823e-1
1.25000000000000000e0,1.00000000000000003e-300,0.00000000000000000e0,1.00000000000000000e0
8.00000000000000000e0,2.25017055799980881e-2,6.57239268234129969e-14,9.99999999999991784e-1
3.35062356386333704e0,4.48630137034342624e-1,6.81724996649799575e-2,9.79147520271719918e-1
7.09155129641294479e0,1.93611337222137081e-1,8.77471623162585670e-6,9.99998762647418826e-1
1.25000000000000000e0,3.63281250000000000e-1,2.82035469056296673e-1,7.67153713649988411e-1
8.00000000000000000e0,3.67187499999999944e-1,3.30447983722961369e-4,9.99958688029151888e-1
1.54862547363154590e0,3.71093750000000056e-1,2.15422666882938457e-1,8.54993344663611099e-1
7.60025038605090231e0,9.96093749999999889e-1,9.70691461214361451e-1,6.28485628831790377e-1
1.25000000000000000e0,1.00000000000000003e-300,0.00000000000000000e0,1.00000000000000000e0
8.00000000000000000e0,1.65182094438023341e-1,5.54247506357881885e-7,9.99999930719044916e-1
3.85168592038098723e0,6.26322391981375404e-1,1.64941325904839092e-1,9.54279624771412927e-1
1.72215961397159845e0,6.70819006495548820e-1,5.02790139781235212e-1,6.66485734713501921e-1
1.25000000000000000e0,3.94531250000000000e-1,3.12681193214836672e-1,7.40843682777883261e-1
8.00000000000000000e0,3.98437499999999944e-1,6.35157823147838212e-4,9.99920583201014512e-1
7.48663709632819518e0,4.02343750000000056e-1,1.09588043686863136e-3,9.99853552262755296e-1
7.81216722185490653e0,9.96093749999999889e-1,9.69886682972989855e-1,6.38664542831628879e-1
1.25000000000000000e0,1.00000000000000003e-300,0.00000000000000000e0,1.00000000000000000e0
8.00000000000000000e0,1.98340914025720849e-1,2.39496120190900030e-6,9.99999700629536137e-1
4.07739591808058321e0,5.51059735453236499e-1,8.80571350877729642e-2,9.77646563591229256e-1
1.93901846650987864e0,3.87676061041020148e-1,1.59233250560830292e-1,9.14435964166117388e-1
1.25000000000000000e0,4.25781250000000000e-1,3.43940379232944959e-1,7.13764011713910351e-1
8.00000000000000000e0,4.29687499999999944e-1,1.16204182235880729e-3,9.99854670871742957e-1
7.27529957995284349e0,4.33593750000000056e-1,2.28912864726548045e-3,9.99685045026123320e-1
4.53980829124338925e0,9.96093749999999889e-1,9.82388573772120077e-1,4.10766306455286168e-1
1.25000000000000000e0,1.00000000000000003e-300,0.00000000000000000e0,1.00000000000000000e0
8.00000000000000000e0,6.41837933544593398e-1,2.88007002765577301e-2,9.96353716430865899e-1
4.71674730995437130e0,9.21485836097417632e-1,6.79989180109452418e-1,7.85397849905882572e-1
6.34191263467073441e0,4.94491105400811648e-1,1.14915821655072973e-2,9.98179162126798136e-1
1.25000000000000000e0,4.57031250000000000e-1,3.75778882474969489e-1,6.85915734574214842e-1
8.00000000000000000e0,4.60937499999999944e-1,2.03768165680130514e-3,9.99745062432776166e-1
2.37883623153902590e0,4.64843750000000056e-1,1.61650788851141702e-1,9.28559789923412149e-1
4.10493298457004130e0,9.96093749999999889e-1,9.84062080066349876e-1,3.64834218618415806e-1
1.25000000000000000e0,1.00000000000000003e-300,0.00000000000000000e0,1.00000000000000000e0
8.00000000000000000e0,1.94373770345919183e-1,2.03751714303716866e-6,9.99999745310130139e-1
7.94913539395201951e0,2.53180305435307673e-1,1.81043800493270799e-5,9.99997722453773719e-1
3.90214628243120387e0,2.00681283913581865e-1,1.89792820204010720e-3,9.99513275758466491e-1
1.25000000000000000e0,4.88281250000000000e-1,4.08166690049085679e-1,6.57293781900529228e-1
8.00000000000000000e0,4.92187499999999944e-1,3.44385326183528325e-3,9.99568868342150640e-1
5.09608726261649281e0,4.96093750000000056e-1,2.80909439280153245e-2,9.94424440790761199e-1
7.44130680948728696e0,9.96093749999999889e-1,9.71295505711889717e-1,6.20542599333616884e-1
1.25000000000000000e0,1.00000000000000003e-300,0.00000000000000000e0,1.00000000000000000e0
8.00000000000000000e0,7.22270555684190185e-1,7.40626564425198447e-2,9.90427521895443919e-1
6.27277052862336859e0,4.74673481489844562e-1,9.33469007283215663e-3,9.98505999258167409e-1
2.59527287347009405e0,7.64528911017805513e-1,4.98167493878633794e-1,7.66691289484910277e-1
1.25000000000000000e0,5.19531250000000000e-1,4.41077185375786662e-1,6.27886969010882035e-1
8.00000000000000000e0,5.23437499999999889e-1,5.63532106474307504e-3,9.99293842022846768e-1
7.95604529033880681e0,5.27343750000000111e-1,6.15128305292204566e-3,9.99224754527685111e-1
6.91276896203635260e0,9.96093749999999889e-1,9.73306849916792727e-1,5.92056649029364168e-1
1.25000000000000000e0,1.00000000000000003e-300,0.00000000000000000e0,1.00000000000000000e0
8.00000000000000000e0,9.54834311755803355e-1,6.90914226268071641e-1,8.63495099160535018e-1
6.33644321811152622e0,1.84728977310442133e-1,2.25133871247953205e-5,9.99996446965626617e-1
5.22446200950071216e0,8.19374336319924623e-1,3.53176552052155479e-1,9.19989812713817523e-1
1.25000000000000000e0,5.50781250000000000e-1,4.74486580525681489e-1,5.97677694984567132e-1
8.00000000000000000e0,5.54687499999999889e-1,8.96163048277553997e-3,9.98875379432410782e-1
7.50748364388709888e0,5.58593750000000111e-1,1.26278059120812879e-2,9.98308692351307037e-1
6.23569825466256589e0,9.96093749999999889e-1,9.75889520519029663e-1,5.50249000935808863e-1
1.25000000000000000e0,1.00000000000000003e-300,0.00000000000000000e0,1.00000000000000000e0
8.00000000000000000e0,5.88611490411494742e-2,1.44088687838009946e-10,9.99999999981988852e-1
3.74529923096997663e0,9.49574366768501932e-2,1.48094893829003307e-4,9.99960456315107993e-1
4.65658499608980492e0,7.20773314492362260e-1,2.17684524854008299e-1,9.48645180903720187e-1
1.25000000000000000e0,5.82031250000000000e-1,5.08373470600402277e-1,5.66641330287713685e-1
8.00000000000000000e0,5.85937499999999889e-1,1.38934579173386405e-2,9.98252668942738008e-1
4.70602319447789341e0,5.89843750000000111e-1,8.33840374032306236e-2,9.81668976747644195e-1
6.16711441479856148e0,9.96093749999999889e-1,9.76151513943323779e-1,5.45638040056350526e-1
1.25000000000000000e0,1.00000000000000003e-300,0.00000000000000000e0,1.00000000000000000e0
8.00000000000000000e0,8.57490572279857588e-1,2.92304048803517458e-1,9.57702980205008991e-1
2.86431279324460775e0,1.16306656955202925e-1,2.10668316141521391e-3,9.99264001761847709e-1
7.49782155116554350e0,1.57942086693765305e-1,9.78318053082175080e-7,9.99999869519638263e-1
1.25000000000000000e0,6.13281250000000000e-1,5.42718478706188834e-1,5.34745232772280810e-1
8.00000000000000000e0,6.17187499999999889e-1,2.10541141452491413e-2,9.97343670192028631e-1
6.18659730895888060e0,6.21093750000000111e-1,5.25226507857903813e-2,9.91317088582399863e-1
5.13500095059862360e0,9.96093749999999889e-1,9.80102739356296992e-1,4.66341129593398795e-1
1.25000000000000000e0,1.00000000000000003e-300,0.00000000000000000e0,1.00000000000000000e0
8.00000000000000000e0,4.25900776494927413e-1,1.08259858466655924e-3,9.99864611038687734e-1
2.00858426990453154e0,3.33659077796255588e-2,1.08125847403182582e-3,9.99461535083005059e-1
1.58267559006344527e0,9.73801142208685633e-2,2.50655133143098847e-2,9.84088647849217235e-1
1.25000000000000000e0,6.44531250000000000e-1,5.77503969380462778e-1,5.01947281483653862e-1
8.00000000000000000e0,6.48437499999999889e-1,3.12568336788143497e-2,9.96038398870915942e-1
5.28317541186697781e0,6.52343750000000111e-1,1.04675932219883708e-1,9.79288869506047543e-1
7.48787276906659827e0,9.96093749999999889e-1,9.71118498887548087e-1,6.22897920559244422e-1
1.25000000000000000e0,1.00000000000000003e-300,0.00000000000000000e0,1.00000000000000000e0
8.00000000000000000e0,6.53549535963975359e-1,3.32834307069215657e-2,9.95777697888602820e-1
1.98188100685365498e0,8.15021181456359045e-1,6.66725892737609405e-1,5.74406619611333769e-1
2.92370390077121556e0,1.08435146707961394e-1,1.51050780657024692e-3,9.99483101194155621e-1
1.25000000000000000e0,6.75781250000000000e-1,6.12713814563736525e-1,4.68193742235036681e-1
8.00000000000000000e0,6.79687499999999889e-1,4.55485193373172531e-2,9.94189637167099516e-1
6.55793155764695257e0,6.83593750000000111e-1,8.25310057462789876e-2,9.86951179268519607e-1
4.44844855368137360e0,9.96093749999999889e-1,9.82739912030455409e-1,4.01505704452422951e-1
1.25000000000000000e0,1.00000000000000003e-300,0.00000000000000000e0,1.00000000000000000e0
8.00000000000000000e0,9.17921681157167768e-1,5.04016812587785079e-1,9.16079931962555438e-1
1.36798414838267490e0,9.43348943083037739e-1,9.23319908417034818e-1,1.53003044431566926e-1
6.22675925510702655e0,1.56315918216023420e-1,9.57749653847884481e-6,9.99998461874846090e-1
1.25000000000000000e0,7.07031250000000000e-1,6.48333200477223315e-1,4.33416155164591144e-1
8.00000000000000000e0,7.10937499999999889e-1,6.52606479433148062e-2,9.91599538182062257e-1
7.44562092842534184e0,7.14843750000000111e-1,8.21317916624100669e-2,9.88555672546497677e-1
1.81506906275171787e0,9.96093749999999889e-1,9.92921176171556619e-1,6.53808617402754089e-2
1.25000000000000000e0,1.00000000000000003e-300,0.00000000000000000e0,1.00000000000000000e0
8.00000000000000000e0,8.71103586268873187e-1,3.31557162016066775e-1,9.50896030181496155e-1
1.25033467053435743e0,1.08156057899577718e-1,6.19783895460895712e-2,9.50115110806117658e-1
2.89974300208268687e0,4.16223207898838155e-1,7.87306939380802984e-2,9.72116757301890289e-1
1.25000000000000000e0,7.38281250000000000e-1,6.84348466749733819e-1,3.97526717466641033e-1
8.00000000000000000e0,7.42187499999999889e-1,9.20680797279834900e-2,9.87999353972742855e-1
2.11626869009342045e0,7.46093750000000111e-1,5.38017818661784442e-1,6.94265249871563239e-1
2.37215966219082475e0,9.96093749999999889e-1,9.90758572818620120e-1,1.38817267968229741e-1
1.25000000000000000e0,1.00000000000000003e-300,0.00000000000000000e0,1.00000000000000000e0
8.00000000000000000e0,1.62851818918170466e-1,4.94698859430839278e-7,9.99999938162629221e-1
3.23344381258357316e0,4.20943274775709142e-1,6.09463982067487281e-2,9.80740285967243608e-1
5.08887397538637742e0,5.54633556403132388e-1,4.98057537036345338e-2,9.90010903571387768e-1
1.25000000000000000e0,7.69531250000000000e-1,7.20746971261097436e-1,3.60411229213862372e-1
8.00000000000000000e0,7.73437499999999889e-1,1.28056550700572508e-1,9.83017025926507859e-1
6.36754937545629218e0,7.77343750000000111e-1,2.01128485738371832e-1,9.65349030226471672e-1
2.88100575207499787e0,9.96093749999999889e-1,9.88787368972949388e-1,2.10402801709445531e-1
1.25000000000000000e0,1.00000000000000003e-300,0.00000000000000000e0,1.00000000000000000e0
8.00000000000000000e0,4.29835590134644008e-1,1.16524963557027429e-3,9.99854269486375236e-1
1.27754797186935320e0,9.19267577100981725e-1,8.98039269632860959e-1,1.67436989146449416e-1
1.74036641995189711e0,6.20861136189887475e-1,4.36249092082154621e-1,7.19410573562885958e-1
1.25000000000000000e0,8.00781250000000000e-1,7.57516975706255202e-1,3.21917859991430189e-1
8.00000000000000000e0,8.04687499999999889e-1,1.75799663907851678e-1,9.76121993990686776e-1
3.95322966400999576e0,8.08593750000000111e-1,4.31754628212040137e-1,8.66778160873739267e-1
2.89986061956733465e0,9.96093749999999889e-1,9.88714403060116709e-1,2.13022000571753745e-1
1.25000000000000000e0,1.00000000000000003e-300,0.00000000000000000e0,1.00000000000000000e0
8.00000000000000000e0,4.42874974760343321e-2,1.47995709380918266e-11,9.99999999998150035e-1
2.23428234225139022e0,1.81068954516376834e-1,2.19691847262170753e-2,9.90106874570652384e-1
4.09901114326203242e0,3.37689948769366310e-1,1.16785944714320501e-2,9.97138210346078635e-1
1.25000000000000000e0,8.32031250000000000e-1,7.94647548013177385e-1,2.81838237504562716e-1
8.00000000000000000e0,8.35937499999999889e-1,2.38446232180266920e-1,9.66523841590377741e-1
3.21625492849852890e0,8.39843750000000111e-1,5.70430889036178890e-1,7.68957618583855806e-1
4.91272864799248055e0,9.96093749999999889e-1,9.80955752106563827e-1,4.46520081391414636e-1
1.25000000000000000e0,1.00000000000000003e-300,0.00000000000000000e0,1.00000000000000000e0
8.00000000000000000e0,2.94219205220542790e-1,5.61523768230516579e-5,9.99992980780456509e-1
2.09906896820757538e0,4.07254065412416821e-1,1.51733203555781182e-1,9.24597568550646343e-1
6.33353915269253775e0,7.02979771044738300e-1,1.07301651946046836e-1,9.82238130469361814e-1
1.25000000000000000e0,8.63281250000000000e-1,8.32128478588509801e-1,2.39873140527447487e-1
8.00000000000000000e0,8.67187499999999889e-1,3.19818861632343521e-1,9.52967463502355283e-1
7.04357574536697939e0,8.71093750000000111e-1,3.78305423400771335e-1,9.34745639016413388e-1
2.56524158519459888e0,9.96093749999999889e-1,9.90010136221000758e-1,1.66025441376262461e-1
1.25000000000000000e0,1.00000000000000003e-300,0.00000000000000000e0,1.00000000000000000e0
8.00000000000000000e0,3.36435629906191025e-1,1.64140542682138712e-4,9.99979480958616551e-1
6.35726099426392466e0,2.62820876810110349e-1,2.04468430578858804e-4,9.99967834253070786e-1
2.94693295087199658e0,7.33473141508511617e-2,4.53276660672603229e-4,9.99846163942239574e-1
1.25000000000000000e0,8.94531250000000000e-1,8.69950207998769987e-1,1.95563467720293760e-1
8.00000000000000000e0,8.98437499999999889e-1,4.24524701855702402e-1,9.33261469168534918e-1
2.81782448990270495e0,9.02343750000000111e-1,7.48593703244747388e-1,6.12637061265403071e-1
2.03129935270408168e0,9.96093749999999889e-1,9.92081218900045525e-1,9.23673470403549857e-2
1.25000000000000000e0,1.00000000000000003e-300,0.00000000000000000e0,1.00000000000000000e0
8.00000000000000000e0,4.08923045142728370e-1,7.81866651278186856e-4,9.99902233220930081e-1
7.68534793355502188e0,1.38573781946433883e-1,2.53233048938811340e-7,9.99999967049887806e-1
6.38536404038313776e0,7.42471181602013530e-1,1.49362707674012801e-1,9.74983809481851704e-1
1.25000000000000000e0,9.25781250000000000e-1,9.08103764178392336e-1,1.48128347532812343e-1
8.00000000000000000e0,9.29687499999999889e-1,5.58079325413882166e-1,9.02959018528723290e-1
1.83087421930395067e0,9.33593750000000111e-1,8.81785460722859793e-1,3.11533492752221419e-1
5.84920047520427033e0,9.96093749999999889e-1,9.77366878798472283e-1,5.23264524715171375e-1
1.25000000000000000e0,1.00000000000000003e-300,0.00000000000000000e0,1.00000000000000000e0
8.00000000000000000e0,3.41037290136227966e-1,1.82984772399987227e-4,9.99977125072115669e-1
7.93352310656337067e0,4.07882305480598006e-1,8.13147545692292635e-4,9.99897468424274960e-1
6.26408030657330528e0,3.62054981451365165e-1,1.72237695193869396e-3,9.99724839931116160e-1
1.25000000000000000e0,9.57031250000000000e-1,9.46580707628560614e-1,9.59750848205238039e-2
8.00000000000000000e0,9.60937499999999889e-1,7.27044735918986218e-1,8.50181076820273218e-1
6.30390173580963165e0,9.64843750000000111e-1,7.98028459121524314e-1,7.75884098392322308e-1
2.32632012915564701e0,9.96093749999999889e-1,9.90936342065654618e-1,1.32409588249195104e-1
1.25000000000000000e0,1.00000000000000003e-300,0.00000000000000000e0,1.00000000000000000e0
8.00000000000000000e0,5.93884434115352633e-1,1.54744613112847203e-2,9.98052468846054919e-1
6.92758162686368451e0,7.41900082266511163e-2,1.49357034345082251e-8,9.99999997844023492e-1
2.05619520501932129e0,9.03844499252954847e-1,8.12306851020363929e-1,4.43253761642190880e-1
1.25000000000000000e0,9.88281250000000000e-1,9.85373083360787771e-1,3.40504008603779509e-2
8.00000000000000000e0,9.92187499999999889e-1,9.39182540640998487e-1,7.04698803638033278e-1
3.66159640596015379e0,9.96093750000000111e-1,9.85771082004123000e-1,3.13056085024182973e-1
6.88365211477503181e0,9.96093749999999889e-1,9.73417774683624448e-1,5.90388201093507980e-1
1.25000000000000000e0,1.00000000000000003e-300,0.00000000000000000e0,1.00000000000000000e0
8.00000000000000000e0,1.86412790717440657e-1,1.45816162757114341e-6,9.99999817729680274e-1
5.28752931603230536e0,1.99829357056842127e-1,2.00546690532260754e-4,9.99962068673890037e-1
2.09564847435103729e0,1.69273865817558544e-1,2.41766223802593397e-2,9.88389596989738828e-1
1.25000000000000000e0,2.34375000000000000e-2,9.17041746136691704e-3,9.92656913502769744e-1
8.00000000000000000e0,2.73437499999999965e-2,3.12510488407330119e-13,9.99999999999960920e-1
4.67025314609054476e0,3.12500000000000069e-2,9.34476917644894491e-8,9.99999979990871535e-1
3.54146345140179619e0,9.96093749999999889e-1,9.86234689005553666e-1,2.98160841571371404e-1
1.25000000000000000e0,1.00000000000000003e-300,0.00000000000000000e0,1.00000000000000000e0
8.00000000000000000e0,5.14653536456535221e-1,4.92175159959769640e-3,9.99383452230336644e-1
7.21356781077338383e0,5.24465374874125700e-1,9.50951318864559636e-3,9.98676287223535963e-1
1.33878003607969731e0,1.51079661191033665e-1,7.96411242381246942e-2,9.39891844627925077e-1
1.25000000000000000e0,5.46875000000000000e-2,2.64460057458470420e-2,9.78786643472925655e-1
8.00000000000000000e0,5.85937499999999931e-2,1.38934579173386484e-10,9.99999999982633225e-1
6.33629932493204251e0,6.25000000000000139e-2,2.34603975255364343e-8,9.99999996297460614e-1
6.94539612991502509e0,9.96093749999999889e-1,9.73182567102764184e-1,5.93913349050744999e-1
1.25000000000000000e0,1.00000000000000003e-300,0.00000000000000000e0,1.00000000000000000e0
8.00000000000000000e0,2.41085728607686178e-1,1.14122695268231269e-5,9.99998573459186635e-1
6.64970846095820889e0,3.28711837892115000e-2,1.37168518436848054e-10,9.99999999979372278e-1
1.86506240611197427e0,9.46319336976557679e-1,9.02212504729713372e-1,2.87484921696460727e-1
1.25000000000000000e0,8.59375000000000000e-2,4.65295009323201739e-2,9.62599891107790762e-1
8.00000000000000000e0,8.98437499999999861e-2,4.24524701855702308e-9,9.99999999469344147e-1
5.61143752600764856e0,9.37500000000000139e-2,1.70326037325949066e-6,9.99999696466091326e-1
2.31071130558848381e0,9.96093749999999889e-1,9.90996881567593690e-1,1.30235213103961300e-1
1.25000000000000000e0,1.00000000000000003e-300,0.00000000000000000e0,1.00000000000000000e0
8.00000000000000000e0,9.69042447936772078e-1,7.77575217343387415e-1,8.28701064777813468e-1
4.36280605464708060e0,7.68061975536511454e-1,3.16232230372971546e-1,9.16556749313120145e-1
4.41688150377012789e0,4.14794075918507588e-1,2.05121714291553216e-2,9.95318661273478122e-1
1.25000000000000000e0,1.17187500000000000e-1,6.85648628707240942e-2,9.44761296907541848e-1
8.00000000000000000e0,1.21093749999999986e-1,4.62353157843473554e-8,9.99999994220585386e-1
1.64239494811045006e0,1.25000000000000028e-1,3.28677191759305237e-2,9.79857298115918041e-1
6.02252537966705859e0,9.96093749999999889e-1,9.76704081182391270e-1,5.35670529940265649e-1
1.25000000000000000e0,1.00000000000000003e-300,0.00000000000000000e0,1.00000000000000000e0
8.00000000000000000e0,3.80839970416673168e-1,4.42527416187198271e-4,9.99944673360532388e-1
4.21416430751560256e0,5.04339648123277584e-1,5.58761333764804385e-2,9.86448692831563001e-1
4.09054127306444570e0,9.15908166325607453e-2,5.66777338134290680e-5,9.99986143900380098e-1
1.25000000000000000e0,1.48437500000000000e-1,9.21360393120495696e-2,9.25585667559290615e-1
8.00000000000000000e0,1.52343749999999972e-1,2.90133003368801486e-7,9.99999963733369968e-1
4.96010668668895960e0,1.56250000000000028e-1,1.00290851903417618e-4,9.99979779695540305e-1
4.04200875712558627e0,9.96093749999999889e-1,9.84304463826793818e-1,3.57793034520477837e-1
1.25000000000000000e0,1.00000000000000003e-300,0.00000000000000000e0,1.00000000000000000e0
8.00000000000000000e0,9.18761129960330436e-1,5.07716065273952077e-1,9.15223068021660424e-1
6.53754665702581406e0,5.62007200824155007e-2,6.70469780006860051e-9,9.99999998974432147e-1
2.84596583765232936e0,2.81180876763755805e-1,2.70291479864821944e-2,9.90418132944596907e-1
1.25000000000000000e0,1.79687500000000000e-1,1.16989620711376974e-1,9.05258573878420791e-1
8.00000000000000000e0,1.83593749999999972e-1,1.29081243641781785e-6,9.99999838648354289e-1
4.31254160124808550e0,1.87500000000000028e-1,7.32466457971464547e-4,9.99830106543856068e-1
2.33803320809965953e0,9.96093749999999889e-1,9.90890914807842416e-1,1.34043917346229641e-1
1.25000000000000000e0,1.00000000000000003e-300,0.00000000000000000e0,1.00000000000000000e0
8.00000000000000000e0,3.32227265735127730e-1,1.48416496464305793e-4,9.99981446733203660e-1
7.38931312650674954e0,9.24002706096871407e-1,5.57633485358313030e-1,8.95495705160256894e-1
5.55506519548362121e0,1.97646708393222070e-1,1.22636781817333335e-4,9.99977922320593793e-1
1.25000000000000000e0,2.10937500000000000e-1,1.42952660727338726e-1,8.83901454965606903e-1
8.00000000000000000e0,2.14843749999999972e-1,4.53922586858909100e-6,9.99999432595639615e-1
3.62555129179963842e0,2.18750000000000028e-1,4.04527306157458685e-3,9.98882594156290438e-1
4.43242447072407231e0,9.96093749999999889e-1,9.82801548115796453e-1,3.99860466978392282e-1
1.25000000000000000e0,1.00000000000000003e-300,0.00000000000000000e0,1.00000000000000000e0
8.00000000000000000e0,7.53891765652952017e-1,1.04345085251589031e-1,9.86319431311774686e-1
7.03567832196131349e0,1.44069102084358747e-1,1.20219568776472911e-6,9.99999829128585427e-1
4.67742512992117554e0,8.49869015514741477e-1,4.67249936362179430e-1,8.74042770019516357e-1
1.25000000000000000e0,2.42187500000000000e-1,1.69898543285541381e-1,8.61598513064749438e-1
8.00000000000000000e0,2.46093749999999972e-1,1.34525518040440752e-5,9.99998318421127519e-1
4.88915153883863240e0,2.50000000000000056e-1,1.13877380062189565e-3,9.99766975941423386e-1
7.30482171161565930e0,9.96093749999999889e-1,9.71814499628711581e-1,6.13500484730884699e-1
1.25000000000000000e0,1.00000000000000003e-300,0.00000000000000000e0,1.00000000000000000e0
8.00000000000000000e0,1.04248302268388215e-1,1.39492843781923950e-8,9.99999998256339451e-1
6.97295939037576318e0,4.75006859560380690e-1,5.56725868475210165e-3,9.99199682802221822e-1
4.92274504061788321e0,1.58824366462795297e-1,1.16498081324217470e-4,9.99976333633336156e-1
1.25000000000000000e0,2.73437500000000000e-1,1.97730012301108843e-1,8.38409975019322129e-1
8.00000000000000000e0,2.77343749999999944e-1,3.50063690733419530e-5,9.99995624136847838e-1
3.20790707785636187e0,2.81250000000000056e-1,1.70899200627253611e-2,9.94640927091631988e-1
6.49730857909889892e0,9.96093749999999889e-1,9.74890802554027713e-1,5.67176801499875261e-1
1.25000000000000000e0,1.00000000000000003e-300,0.00000000000000000e0,1.00000000000000000e0
8.00000000000000000e0,1.57262820493997424e-2,3.74117896168057031e-15,9.99999999999999556e-1
4.25084256078116596e0,9.15306676506588701e-2,3.85286006029256911e-5,9.99990936110268791e-1
1.67187543062027544e0,3.03799368093677913e-1,1.36442508115368982e-1,9.15996565622937076e-1
1.25000000000000000e0,3.04687500000000000e-1,2.26369700745767233e-1,8.14379394270658308e-1
8.00000000000000000e0,3.08593749999999944e-1,8.22426333798794584e-5,9.99989719300910407e-1
2.50638522789813578e0,3.12500000000000056e-1,5.41875551047416373e-2,9.78017588518945047e-1
7.04843044205335900e0,9.96093749999999889e-1,9.72790194855793544e-1,5.99688606359941589e-1
1.25000000000000000e0,1.00000000000000003e-300,0.00000000000000000e0,1.00000000000000000e0
8.00000000000000000e0,9.51439470618424821e-1,6.71505097583616761e-1,8.70093810603192130e-1
3.96808776556281373e0,1.05315567911929975e-1,1.32179694028149467e-4,9.99966687675127419e-1
7.71000493934843689e0,1.84036875666606647e-1,2.14987285573364472e-6,9.99999721157783461e-1
1.25000000000000000e0,3.35937500000000000e-1,2.55754396090730030e-1,7.89537973188386699e-1
8.00000000000000000e0,3.39843749999999944e-1,1.77923903661395520e-4,9.99977757780612264e-1
3.44139315205393359e0,3.43750000000000056e-1,2.53529690992768397e-2,9.92565708894313725e-1
1.87587490404257551e0,9.96093749999999889e-1,9.92684901021747890e-1,7.26856551503625298e-2
1.25000000000000000e0,1.00000000000000003e-300,0.00000000000000000e0,1.00000000000000000e0
8.00000000000000000e0,1.99693491617836116e-1,2.52878138035536806e-6,9.99999683901977687e-1
4.05399400379974395e0,3.42039627830672543e-1,1.29166122232608864e-2,9.96798235713852065e-1
2.91743984521599486e0,5.11325221900733595e-1,1.41299833293854704e-1,9.49124345299495964e-1
1.25000000000000000e0,3.67187500000000000e-1,2.85831349899326514e-1,7.63907239136835781e-1
8.00000000000000000e0,3.71093749999999944e-1,3.59640936437435508e-4,9.99955037807986113e-1
2.43121530080679804e0,3.75000000000000056e-1,9.21251696088796479e-2,9.61026522556611140e-1
7.80891560658346862e0,9.96093749999999889e-1,9.69899026309364198e-1,6.38511789785050299e-1
1.25000000000000000e0,1.00000000000000003e-300,0.00000000000000000e0,1.00000000000000000e0
8.00000000000000000e0,4.48446490968308353e-1,1.63562989819324720e-3,9.99795399808329766e-1
3.01835951948305592e0,1.30907841503358213e-2,2.07169291272039868e-6,9.99999313635657305e-1
4.49917335587088019e0,4.26892229434088222e-1,2.17138942447478271e-2,9.95132519530013582e-1
1.25000000000000000e0,3.98437500000000000e-1,3.16555787535887811e-1,7.37500732734305942e-1
8.00000000000000000e0,4.02343749999999944e-1,6.86717437140045616e-4,9.99914134519706121e-1
4.63856228184886277e0,4.06250000000000056e-1,1.53237020881087857e-2,9.96676416897113615e-1
4.42960240860702470e0,9.96093749999999889e-1,9.82812403481257646e-1,3.99570065746763459e-1
1.25000000000000000e0,1.00000000000000003e-300,0.00000000000000000e0,1.00000000000000000e0
8.00000000000000000e0,5.90220804251657682e-1,1.47270617716148584e-2,9.98147145964118021e-1
4.00171682809013873e0,2.61314922108795145e-1,4.65217681497325647e-3,9.98835420818864228e-1
4.32873865525471047e0,6.30747518239331839e-1,1.36027583942713109e-1,9.66786486509282228e-1
1.25000000000000000e0,4.29687500000000000e-1,3.47889162549883113e-1,7.10325056023779489e-1
8.00000000000000000e0,4.33593749999999944e-1,1.24929242825134188e-3,9.99843753027257032e-1
4.07589939003810287e0,4.37500000000000056e-1,3.44082577616351623e-2,9.91446257040793477e-1
4.16264458501245826e0,9.96093749999999889e-1,9.83839827790201071e-1,3.71203089794800822e-1
1.25000000000000000e0,1.00000000000000003e-300,0.00000000000000000e0,1.00000000000000000e0
8.00000000000000000e0,1.96200850955392525e-1,2.19587236538682516e-6,9.99999725515690607e-1
7.45434754417510703e0,7.84182207198682590e-1,1.63285456481311320e-1,9.76368489009336593e-1
5.77823953598272055e0,1.30029305869356904e-1,7.59832892491148374e-6,9.99998685005571430e-1
1.25000000000000000e0,4.60937500000000000e-1,3.79797894237620448e-1,6.82380470799392569e-1
8.00000000000000000e0,4.64843749999999944e-1,2.17999736489797721e-3,9.99727240078477131e-1
7.66569515969604254e0,4.68750000000000056e-1,3.00286749226744707e-3,9.99607759604981605e-1
6.11944878462236375e0,9.96093749999999889e-1,9.76333640271737413e-1,5.42389503223335789e-1
1.25000000000000000e0,1.00000000000000003e-300,0.00000000000000000e0,1.00000000000000000e0
8.00000000000000000e0,3.54948123117537762e-1,2.51952732375041529e-4,9.99968502436334061e-1
1.32780650031054392e0,5.13468407789332559e-1,4.12684584191008008e-1,6.69779755721735759e-1
2.56465394096449018e0,4.73577203438253491e-1,1.47058356048787031e-1,9.39862510163402165e-1
1.25000000000000000e0,4.92187500000000000e-1,4.12252430481589827e-1,6.53661149751961990e-1
8.00000000000000000e0,4.96093749999999944e-1,3.66868179937890034e-3,9.99540677031473312e-1
6.25772172829601914e0,5.00000000000000111e-1,1.30688705217475287e-2,9.97900002175084788e-1
6.62995672615943477e0,9.96093749999999889e-1,9.74384798403647556e-1,5.75377465994708182e-1
1.25000000000000000e0,1.00000000000000003e-300,0.00000000000000000e0,1.00000000000000000e0
8.00000000000000000e0,2.96254903078079224e-1,5.93368345054864986e-5,9.99992582703132626e-1
6.40960633684881032e0,5.66454063891796977e-1,2.61747701704561943e-2,9.95870475781906905e-1
2.63078339141793549e0,9.93096994789084420e-1,9.81941758176593682e-1,2.17438451137575761e-1
1.25000000000000000e0,5.23437500000000000e-1,4.45226536455984867e-1,6.24155128661859848e-1
8.00000000000000000e0,5.27343749999999889e-1,5.98067806692917370e-3,9.99250451807942142e-1
3.60545678640482947e0,5.31250000000000111e-1,1.02229729115115811e-1,9.70532378510485350e-1
7.24671074072830379e0,9.96093749999999889e-1,9.72035554731704221e-1,6.10437963621980550e-1
1.25000000000000000e0,1.00000000000000003e-300,0.00000000000000000e0,1.00000000000000000e0
8.00000000000000000e0,4.34137071806617314e-1,1.26187106317080726e-3,9.99842178968441631e-1
1.96056384791154414e0,3.42289596619593794e-1,1.22221925140026666e-1,9.35670559616099906e-1
3.81829467182978988e0,4.55602577117133478e-1,4.97028622954745342e-2,9.86737079455416666e-1
1.25000000000000000e0,5.54687500000000000e-1,4.78696744365571636e-1,5.93843968389850096e-1
8.00000000000000000e0,5.58593749999999889e-1,9.47913213584903290e-3,9.98810165283412266e-1
2.07142783462768421e0,5.62500000000000111e-1,3.03666474017647237e-1,8.39689402636953242e-1
3.53622705698944628e0,9.96093749999999889e-1,9.86254901817014695e-1,2.97503383967869517e-1
1.25000000000000000e0,1.00000000000000003e-300,0.00000000000000000e0,1.00000000000000000e0
8.00000000000000000e0,5.05924295989643724e-1,4.29224287296232649e-3,9.99462459402777781e-1
7.85865568707231432e0,4.90936070295902027e-1,3.73139652757816008e-3,9.99524411468310281e-1
2.06829913315596059e0,6.51339751134401013e-1,4.12001111004313969e-1,7.73563667665885690e-1
1.25000000000000000e0,5.85937500000000000e-1,5.12641920641687010e-1,5.62702100219077517e-1
8.00000000000000000e0,5.89843749999999889e-1,1.46519644359536325e-2,9.98156655472714816e-1
5.61897796677658334e0,5.93750000000000111e-1,5.34421281145492505e-2,9.90273032853050350e-1
4.72568081674398854e0,9.96093749999999889e-1,9.81674159387819101e-1,4.28990265302530205e-1
1.25000000000000000e0,1.00000000000000003e-300,0.00000000000000000e0,1.00000000000000000e0
8.00000000000000000e0,3.65528782926958229e-1,3.18693087173428516e-4,9.99960157808645222e-1
4.06130263727391139e0,5.59930483304924564e-1,9.48629013926901438e-2,9.75757579068510905e-1
4.75011530658230186e0,6.00150593822945666e-1,8.84525937791264816e-2,9.80692109975459081e-1
1.25000000000000000e0,6.17187500000000000e-1,5.47042920531491506e-1,5.30695788864364637e-1
8.00000000000000000e0,6.21093749999999889e-1,2.21440611501254707e-2,9.97204798671955328e-1
6.00738578918389976e0,6.25000000000000111e-1,5.93980950379670025e-2,9.89858442880098055e-1
4.11014883022289723e0,9.96093749999999889e-1,9.84041991338034716e-1,3.65413317871730148e-1
1.25000000000000000e0,1.00000000000000003e-300,0.00000000000000000e0,1.00000000000000000e0
8.00000000000000000e0,1.06989141536359966e-1,1.71679176959657480e-8,9.99999997854010281e-1
1.77289038983872160e0,9.53885681433348509e-1,9.19706466490306185e-1,2.41092860338426113e-1
5.70241544797318056e0,4.50718983101978665e-1,1.06274084264021580e-2,9.98128112599262152e-1
1.25000000000000000e0,6.48437500000000000e-1,5.81882308859675179e-1,4.97781594872398980e-1
8.00000000000000000e0,6.52343749999999889e-1,3.27953331245776983e-2,9.95840530337792518e-1
6.96547407686011866e0,6.56250000000000111e-1,5.31864575796336878e-2,9.92184416270784797e-1
3.85687235026853159e0,9.96093749999999889e-1,9.85017954484207259e-1,3.36485801655748873e-1
1.25000000000000000e0,1.00000000000000003e-300,0.00000000000000000e0,1.00000000000000000e0
8.00000000000000000e0,4.76517558672640007e-2,2.65846694593102952e-11,9.99999999996676880e-1
3.02985235658707097e0,8.97046019049412280e-1,7.19507918523131007e-1,6.57334914510483648e-1
6.27149556257063523e0,1.08253854177746689e-1,8.80067258749832818e-7,9.99999859671815816e-1
1.25000000000000000e0,6.79687500000000000e-1,6.17144131678711960e-1,4.63904138184928150e-1
8.00000000000000000e0,6.83593749999999889e-1,4.76853162242630024e-2,9.93911144096599308e-1
4.65569181262981147e0,6.87500000000000111e-1,1.74739807664100855e-1,9.59587291917801233e-1
3.97580780484713614e0,9.96093749999999889e-1,9.84559533958334621e-1,3.50275424921473122e-1
1.25000000000000000e0,1.00000000000000003e-300,0.00000000000000000e0,1.00000000000000000e0
8.00000000000000000e0,5.76478437633340945e-1,1.21973234902426134e-2,9.98467135874070544e-1
5.70155456103384495e0,8.78085952344918041e-1,4.76511396756459926e-1,8.92686413674463108e-1
7.66057481273310259e0,7.41343243066694413e-1,1.00988839252078438e-1,9.86199011746117238e-1
1.25000000000000000e0,7.10937500000000000e-1,6.52813727600563665e-1,4.28992832351903663e-1
8.00000000000000000e0,7.14843749999999889e-1,6.81850236306890539e-2,9.91211223188684265e-1
4.68584005831507966e0,7.18750000000000111e-1,2.12787827390365836e-1,9.50221964403296870e-1
7.05257794552017003e0,9.96093749999999889e-1,9.72774403767303730e-1,5.99918317811055535e-1
1.25000000000000000e0,1.00000000000000003e-300,0.00000000000000000e0,1.00000000000000000e0
8.00000000000000000e0,9.52304929842284764e-1,6.76407260373724117e-1,8.68460051666456678e-1
3.36975181236630306e0,7.35358465171884745e-1,3.54923771299807178e-1,8.78012296408451354e-1
3.63365510175935924e0,5.75114090970600955e-1,1.33976592250526272e-1,9.61186899428673747e-1
1.25000000000000000e0,7.42187500000000000e-1,6.88877570459118904e-1,3.92957025046142272e-1
8.00000000000000000e0,7.46093749999999889e-1,9.60167972502279643e-2,9.87461211498064650e-1
4.30157882155617699e0,7.50000000000000111e-1,2.90112323029384889e-1,9.23433532210697794e-1
2.21386471134610474e0,9.96093749999999889e-1,9.91372587975492103e-1,1.16852968025933965e-1
1.25000000000000000e0,1.00000000000000003e-300,0.00000000000000000e0,1.00000000000000000e0
8.00000000000000000e0,8.98411784141899261e-1,4.24427502677007795e-1,9.33281171479421578e-1
5.47215827932814136e0,6.61896528863508138e-1,1.04552658780594276e-1,9.80021589186503839e-1
7.00899700011359528e0,4.71825605973208440e-1,5.17053588514888689e-3,9.99260659866860190e-1
1.25000000000000000e0,7.73437500000000000e-1,7.25323136990417838e-1,3.55678540330891524e-1
8.00000000000000000e0,7.77343749999999889e-1,1.33322942071833456e-1,9.82272900265793947e-1
5.18280584714375436e0,7.81250000000000111e-1,2.78196423529113779e-1,9.39036694369556058e-1
5.84422029985580593e0,9.96093749999999889e-1,9.77385929726410141e-1,5.22900458782888156e-1
1.25000000000000000e0,1.00000000000000003e-300,0.00000000000000000e0,1.00000000000000000e0
8.00000000000000000e0,3.77542309342970839e-1,4.12786061237689346e-4,9.99948392421609822e-1
7.33768477611010894e0,4.96662911518797046e-1,5.88568187032582294e-3,9.99195836683494876e-1
1.45299877948127687e0,6.24197801066657121e-1,5.04200714045853315e-1,6.17020824515277400e-1
1.25000000000000000e0,8.04687500000000000e-1,7.62138794695320532e-1,3.16999729908843453e-1
8.00000000000000000e0,8.08593749999999889e-1,1.82743963983906021e-1,9.75090144895468969e-1
7.44886280759237707e0,8.12500000000000111e-1,2.12954416825600734e-1,9.68362854537859530e-1
7.84027257980778813e0,9.96093749999999889e-1,9.69779999810631455e-1,6.39980508532727255e-1
1.25000000000000000e0,1.00000000000000003e-300,0.00000000000000000e0,1.00000000000000000e0
8.00000000000000000e0,2.35103571885701967e-1,9.33412942999094644e-6,9.99998833229056583e-1
6.83985419647069648e0,8.99394952857619501e-1,4.84203322936416825e-1,9.07744869019760592e-1
3.59382194204954430e0,7.24317982721913722e-1,3.13769502055010197e-1,9.00527366245462146e-1
1.25000000000000000e0,8.35937500000000000e-1,7.99313706136663193e-1,2.76703192707478507e-1
8.00000000000000000e0,8.39843749999999889e-1,2.47507268230872407e-1,9.65078829239821356e-1
4.88969363633077592e0,8.43750000000000111e-1,4.35720524925580999e-1,8.89564913295873505e-1
3.01876556611387059e0,9.96093749999999889e-1,9.88254380235577101e-1,2.29416539968407052e-1
1.25000000000000000e0,1.00000000000000003e-300,0.00000000000000000e0,1.00000000000000000e0
8.00000000000000000e0,4.05081362919190724e-1,7.25000156211130569e-4,9.99909346222312090e-1
1.98085581941995770e0,2.70661283184381318e-1,7.51135018194104276e-2,9.61347384134218275e-1
2.99502279859734699e0,2.92405555628647562e-1,2.51544459864301295e-2,9.91529887362105566e-1
1.25000000000000000e0,8.67187500000000000e-1,8.36837746733997578e-1,2.34474573962613259e-1
8.00000000000000000e0,8.71093749999999889e-1,3.31527212360872570e-1,9.50901355702313822e-1
3.68857945431955159e0,8.75000000000000111e-1,6.11071594128795303e-1,7.74124411111904887e-1
5.29062924609752372e0,9.96093749999999889e-1,9.79505927347441685e-1,4.79595458923518625e-1
1.25000000000000000e0,1.00000000000000003e-300,0.00000000000000000e0,1.00000000000000000e0
8.00000000000000000e0,3.53801941432720923e-1,2.45517070587789412e-4,9.99969307069182856e-1
7.61347203311743215e0,7.23296092451164441e-1,8.48999052278212180e-2,9.88414368800972443e-1
6.86912421567831188e0,8.50613355310088082e-1,3.29095341140373365e-1,9.43551174652913605e-1
1.25000000000000000e0,8.98437500000000000e-1,8.74701433731452038e-1,1.89826517895073821e-1
8.00000000000000000e0,9.02343749999999889e-1,4.39517444186773187e-1,9.30186993341227231e-1
3.40986923332093284e0,9.06250000000000111e-1,7.14860560482125207e-1,6.92128329344948501e-1
5.23680791165679693e0,9.96093749999999889e-1,9.79712283262852757e-1,4.75068224008717566e-1
1.25000000000000000e0,1.00000000000000003e-300,0.00000000000000000e0,1.00000000000000000e0
8.00000000000000000e0,3.42324855359947833e-1,1.88585139183247621e-4,9.99976424912447204e-1
4.24690555833512917e0,2.56023315246238781e-1,3.06915619891847628e-3,9.99276470003650830e-1
1.31281300954287872e0,7.29100491585086274e-1,6.60488867339984353e-1,4.39178092109078710e-1
1.25000000000000000e0,9.29687500000000000e-1,9.12895864481983010e-1,1.41915888284096764e-1
8.00000000000000000e0,9.33593749999999889e-1,5.77116491953553412e-1,8.98002598915248806e-1
5.85546491265995428e0,9.37500000000000111e-1,6.85296939699868490e-1,8.20826198648741956e-1
2.30815600330242887e0,9.96093749999999889e-1,9.91006792771087275e-1,1.29879651349795733e-1
1.25000000000000000e0,1.00000000000000003e-300,0.00000000000000000e0,1.00000000000000000e0
8.00000000000000000e0,4.43536668526576250e-1,1.49773935228476938e-3,9.99812659789737990e-1
4.31996471999445930e0,6.24540014405283728e-2,6.26416017957559845e-6,9.99998549947588966e-1
1.46375017176615074e0,1.70728731768576836e-1,7.52122662460013580e-2,9.47983388713757757e-1
1.25000000000000000e0,9.60937500000000000e-1,9.51412662552243105e-1,8.89648560841359431e-2
8.00000000000000000e0,9.64843749999999889e-1,7.51027610575934812e-1,8.40463579250791959e-1
4.04873402585508302e0,9.68750000000000111e-1,8.79376596920626974e-1,5.93091995876045219e-1
7.74793350329855457e0,9.96093749999999889e-1,9.70130547315818048e-1,6.35627467169254334e-1
1.25000000000000000e0,1.00000000000000003e-300,0.00000000000000000e0,1.00000000000000000e0
8.00000000000000000e0,7.26900825475240708e-2,7.79473394890910412e-10,9.99999999902565828e-1
2.96593158424366266e0,8.60820035541109974e-2,6.93462447690554383e-4,9.99766136923469606e-1
3.12352384766563773e0,3.56330244449054589e-1,3.98291627114357658e-2,9.87072049110388483e-1
1.25000000000000000e0,9.92187500000000000e-1,9.90243930433555075e-1,2.46274763531010646e-2
8.00000000000000000e0,9.96093749999999889e-1,9.69173924480954407e-1,6.47313671770413546e-1
3.21841616922756657e0,3.90625000000000087e-3,1.77534007371818253e-8,9.99999994483808163e-1
7.10204588028136641e0,9.96093749999999889e-1,9.72586080698657596e-1,6.02641881298752735e-1
1.25000000000000000e0,1.00000000000000003e-300,0.00000000000000000e0,1.00000000000000000e0
8.00000000000000000e0,9.08845340309198946e-1,4.65500207905057695e-1,9.24684212003494821e-1
2.15155590785434470e0,1.66268632960964169e-1,2.10634668599239475e-2,9.90154336974614191e-1
1.58617828524438664e0,4.88437975009219372e-1,3.20919615126780577e-1,7.83493428436227379e-1
1.25000000000000000e0,2.73437500000000000e-2,1.11191757147309569e-2,9.91094724280370709e-1
8.00000000000000000e0,3.12499999999999965e-2,9.09494701772927430e-13,9.99999999999886313e-1
2.36976818734547123e0,3.51562500000000069e-2,3.58395942782696977e-4,9.99848747622568701e-1
4.98692201945232227e0,9.96093749999999889e-1,9.80670938246546386e-1,4.53255713779530112e-1
1.25000000000000000e0,1.00000000000000003e-300,0.00000000000000000e0,1.00000000000000000e0
8.00000000000000000e0,5.07230504890685552e-1,4.38170276220674771e-3,9.99451234307484171e-1
6.60646066319895908e0,5.76615848362962424e-1,2.63212531887696069e-2,9.95970598504607785e-1
3.18146094854455441e0,6.14348300277924864e-1,2.12250883573372795e-1,9.27753386852301132e-1
1.25000000000000000e0,5.85937500000000000e-2,2.88279737001772042e-2,9.76870357848649506e-1
8.00000000000000000e0,6.24999999999999931e-2,2.32830643653869422e-10,9.99999999970896170e-1
2.17711656872415915e0,6.64062500000000139e-2,2.72779421340049082e-3,9.98746135771395482e-1
6.90667875605868176e0,9.96093749999999889e-1,9.73330050376323030e-1,5.91708570273651535e-1
1.25000000000000000e0,1.00000000000000003e-300,0.00000000000000000e0,1.00000000000000000e0
8.00000000000000000e0,8.27904038092128758e-1,2.20719145897887825e-1,9.69307896599756802e-1
7.00402977323392406e0,9.46858117172268976e-1,6.82179681433110363e-1,8.49031906448786455e-1
3.54455216333735734e0,9.49050444369277102e-1,8.30808111489835799e-1,6.05770406282095886e-1
1.25000000000000000e0,8.98437500000000000e-2,4.91880763390443038e-2,9.60452066908519253e-1
8.00000000000000000e0,9.37499999999999861e-2,5.96719473833217555e-9,9.99999999254100658e-1
2.65276465640636161e0,9.76562500000000139e-2,2.08887274149877414e-3,9.99212054659148530e-1
7.12620139261707664e0,9.96093749999999889e-1,9.72494134575219271e-1,6.03961005372316562e-1
1.25000000000000000e0,1.00000000000000003e-300,0.00000000000000000e0,1.00000000000000000e0
8.00000000000000000e0,8.78067679045670957e-1,3.53365325428281030e-1,9.46961611438888240e-1
7.64715477544814348e0,3.69095016576466151e-1,4.89596920614127052e-4,9.99935962963150904e-1
4.21681417652871460e0,2.71755946832854534e-1,4.11185909799781108e-3,9.99023356617963376e-1
1.25000000000000000e0,1.21093750000000000e-1,7.14335380028199018e-2,9.42432805001969909e-1
8.00000000000000000e0,1.24999999999999986e-1,5.96046447753905721e-8,9.99999992549419181e-1
6.49736797797959298e0,1.28906250000000028e-1,1.65623749845932160e-6,9.99999745090833003e-1
5.61563150974689052e0,9.96093749999999889e-1,9.78260762313616805e-1,5.05715006510410903e-1
1.25000000000000000e0,1.00000000000000003e-300,0.00000000000000000e0,1.00000000000000000e0
8.00000000000000000e0,4.05910218028111558e-1,7.36953137281873413e-4,9.99907851143375215e-1
6.18665136280469596e0,3.61720987862099719e-1,1.85272985654592534e-3,9.99700294995301664e-1
2.11865621391916648e0,8.88501522099431895e-1,7.78438533543131861e-1,4.90992714608860181e-1
1.25000000000000000e0,1.52343750000000000e-1,9.51767349395858941e-2,9.23104795260874522e-1
8.00000000000000000e0,1.56249999999999972e-1,3.55271367880049564e-7,9.99999955591072132e-1
2.95923199871322140e0,1.60156250000000028e-1,4.42650368278498917e-3,9.98501974174079376e-1
5.83197924273554236e0,9.96093749999999889e-1,9.77432757667220820e-1,5.22003763042736102e-1
1.25000000000000000e0,1.00000000000000003e-300,0.00000000000000000e0,1.00000000000000000e0
8.00000000000000000e0,2.87557815463514999e-1,4.67521303828407635e-5,9.99994155864164846e-1
2.46059250831604004e0,1.52087434421446233e-1,9.71549616410446321e-3,9.96040117757608701e-1
7.67988744372269139e0,3.72395719296036987e-3,2.21609993947301068e-19,1.00000000000000000e0
1.25000000000000000e0,1.83593750000000000e-1,1.20177278748736932e-1,9.02643249699098926e-1
8.00000000000000000e0,1.87499999999999972e-1,1.52760185301303694e-6,9.99999809049640809e-1
5.60525146144209430e0,1.91406250000000028e-1,9.44459768034350207e-5,9.99983149794081760e-1
3.46604774857405573e0,9.96093749999999889e-1,9.86525838341213213e-1,2.88626929934784116e-1
1.25000000000000000e0,1.00000000000000003e-300,0.00000000000000000e0,1.00000000000000000e0
8.00000000000000000e0,3.09572350029156951e-1,8.43523744355522065e-5,9.99989455564055829e-1
2.66720425791572779e0,9.86604201038971951e-1,9.64668459090194830e-1,2.85542463471125385e-1
5.79712388839107007e0,8.09151220996682241e-1,2.92979167726084566e-1,9.41948495581337752e-1
1.25000000000000000e0,2.14843750000000000e-1,1.46269374846906747e-1,8.81163884155406807e-1
8.00000000000000000e0,2.18749999999999972e-1,5.24305596627527340e-6,9.99999344616500863e-1
2.41588178661186248e0,2.22656250000000028e-1,2.65437949267442255e-2,9.88926110284306104e-1
5.63453562982613221e0,9.96093749999999889e-1,9.78188384629078644e-1,5.07172201654269239e-1
1.25000000000000000e0,1.00000000000000003e-300,0.00000000000000000e0,1.00000000000000000e0
8.00000000000000000e0,9.76320194354229898e-1,8.25540110811294525e-1,8.03918363299617855e-1
7.20591889455681667e0,9.03013488205033354e-1,4.79442211458628254e-1,9.13383229309581268e-1
6.04153596510877833e0,4.93172593778581358e-1,1.39714673527427391e-2,9.97673833907796292e-1
1.25000000000000000e0,2.46093750000000000e-1,1.73330795485800021e-1,8.58747345290387987e-1
8.00000000000000000e0,2.49999999999999972e-1,1.52587890624999864e-5,9.99998092638634151e-1
5.83484404470073059e0,2.53906250000000056e-1,3.36017644258639254e-4,9.99942403870628715e-1
3.72023805032949895e0,9.96093749999999889e-1,9.85544856259984003e-1,3.20194611569975973e-1
1.25000000000000000e0,1.00000000000000003e-300,0.00000000000000000e0,1.00000000000000000e0
8.00000000000000000e0,4.08487340678220789e-1,7.75226867281411354e-4,9.99903063759743804e-1
2.20135096629383042e0,9.43751831864574342e-1,8.80345625463335946e-1,3.81183280385600454e-1
2.91612555441679433e0,3.09850733565326664e-1,3.28198721977108893e-2,9.88621780948721329e-1
1.25000000000000000e0,2.77343750000000000e-1,2.01267188165316468e-1,8.35451456408329518e-1
8.00000000000000000e0,2.81249999999999944e-1,3.91507646781973862e-5,9.99995106070589168e-1
2.30342891480540857e0,2.85156250000000056e-1,5.55676696036837212e-2,9.75485426486015328e-1
4.49652191996574402e0,9.96093749999999889e-1,9.82555022669241551e-1,4.06403885920744112e-1
1.25000000000000000e0,1.00000000000000003e-300,0.00000000000000000e0,1.00000000000000000e0
8.00000000000000000e0,1.16327151363293524e-1,3.35311729146994112e-8,9.99999995808603326e-1
1.76231365336570889e0,3.79772613628119871e-1,1.81546874250821111e-1,8.92543860317865145e-1
2.90709007706027478e0,8.52600986581819598e-1,6.29030772801319915e-1,7.10981021502868793e-1
1.25000000000000000e0,3.08593750000000000e-1,2.30003215432426938e-1,8.11318033417900653e-1
8.00000000000000000e0,3.12499999999999944e-1,9.09494701772926883e-5,9.99988630863837713e-1
7.69289731991011649e0,3.16406250000000056e-1,1.43033087034855815e-4,9.99981405966905101e-1
7.41383294045226648e0,9.96093749999999889e-1,9.71399954691804401e-1,6.19141789936767051e-1
1.25000000000000000e0,1.00000000000000003e-300,0.00000000000000000e0,1.00000000000000000e0
8.00000000000000000e0,3.15401908665080555e-1,9.79297255042616243e-5,9.99987758259814119e-1
2.32980007061269134e0,9.45999017690155597e-1,8.78678737246238906e-1,4.04395339652420416e-1
7.95642739353934303e0,7.14616012774058618e-1,6.90145051645442847e-2,9.91052369405864386e-1
1.25000000000000000e0,3.39843750000000000e-1,2.59477144011747651e-1,7.86376947840565776e-1
8.00000000000000000e0,3.43749999999999944e-1,1.94958266547473369e-4,9.99975628137826034e-1
2.94597643008455634e0,3.47656250000000056e-1,4.44875856173311129e-2,9.84671350396511769e-1
6.78292263951152563e0,9.96093749999999889e-1,9.73801615457082215e-1,5.84531172896574858e-1
1.25000000000000000e0,1.00000000000000003e-300,0.00000000000000000e0,1.00000000000000000e0
8.00000000000000000e0,2.87166492357755487e-1,4.62455668993542166e-5,9.99994219187176681e-1
3.11151238816091791e0,8.03431105255185685e-1,5.06111867596923393e-1,7.97142887792352095e-1
1.75025635323254392e0,9.22420472761587007e-2,1.54297997446799125e-2,9.91154892801436316e-1
1.25000000000000000e0,3.71093750000000000e-1,2.89637339773880620e-1,7.60648651999794145e-1
8.00000000000000000e0,3.74999999999999944e-1,3.91066074371337457e-4,9.99951108375153219e-1
6.90116617688909173e0,3.78906250000000056e-1,1.23417771212582417e-3,9.99821069451529820e-1
1.81392454321030527e0,9.96093749999999889e-1,9.92925624005941088e-1,6.52458284448180076e-2
1.25000000000000000e0,1.00000000000000003e-300,0.00000000000000000e0,1.00000000000000000e0
8.00000000000000000e0,9.00962948321648582e-1,4.34165639235099932e-1,9.31292626834184900e-1
1.40738080843584612e0,9.18220677613135194e-2,3.47113581712080940e-2,9.75210408736089218e-1
7.84842872270382941e0,9.71882236826786539e-1,7.99441284501327898e-1,8.14883973635676995e-1
1.25000000000000000e0,4.02343750000000000e-1,3.20439890192540877e-1,7.34145772473511760e-1
8.00000000000000000e0,4.06249999999999944e-1,7.41902768822909862e-4,9.99907232038853788e-1
1.26435622147982940e0,4.10156250000000056e-1,3.24063473051953821e-1,7.33617713347081590e-1
2.31439969397615641e0,9.96093749999999889e-1,9.90982575658892140e-1,1.30748643502356737e-1
1.25000000000000000e0,1.00000000000000003e-300,0.00000000000000000e0,1.00000000000000000e0
8.00000000000000000e0,7.04771382097533206e-1,6.08675872031873497e-2,9.92180880229656448e-1
4.43962485034717247e0,1.18284906320695882e-1,7.65868163411170751e-5,9.99982748747651806e-1
2.67043578805169091e0,2.11165456871640345e-1,1.57198630665321103e-2,9.94084180237391424e-1
1.25000000000000000e0,4.33593750000000000e-1,3.51846930688807236e-1,7.06874093892895905e-1
8.00000000000000000e0,4.37499999999999944e-1,1.34222232736646999e-3,9.99832123603494716e-1
2.16927623708033934e0,4.41406250000000056e-1,1.69651049397790937e-1,9.17868590037990373e-1
1.68390067468862981e0,9.96093749999999889e-1,9.93431052779923607e-1,5.05707815584068437e-2
1.25000000000000000e0,1.00000000000000003e-300,0.00000000000000000e0,1.00000000000000000e0
8.00000000000000000e0,8.96777369939627533e-1,4.18289654032713454e-1,9.34519458152782256e-1
5.42113873484777287e0,6.21583182796712208e-1,7.59505315231578798e-2,9.85534959801444677e-1
1.35767805046634749e0,8.43063999773221440e-1,7.93126551021368531e-1,3.13315018106271825e-1
1.25000000000000000e0,4.64843750000000000e-1,3.83825429971420107e-1,6.78833109594770390e-1
8.00000000000000000e0,4.68749999999999944e-1,2.33093544466100649e-3,9.99708335504410628e-1
2.18868864467367530e0,4.72656250000000056e-1,1.93946177097781836e-1,9.06187855192530867e-1
7.37975650589214638e0,9.96093749999999889e-1,9.71529520628282905e-1,6.17392697217124642e-1
1.25000000000000000e0,1.00000000000000003e-300,0.00000000000000000e0,1.00000000000000000e0
8.00000000000000000e0,8.69491067742274026e-1,3.26678835594578165e-1,9.51760733382211233e-1
3.01840788096887991e0,3.15628106927761110e-1,3.07827841404229620e-2,9.89694849998703052e-1
7.77471453574253246e0,9.93338532084635517e-1,9.49362774212307969e-1,6.81343656547147236e-1
1.25000000000000000e0,4.96093750000000000e-1,4.16346285664162596e-1,6.50016233661506071e-1
8.00000000000000000e0,4.99999999999999944e-1,3.90624999999999653e-3,9.99510882241967824e-1
1.45749374479055405e0,5.03906250000000111e-1,3.68278711645582124e-1,7.29690514482056574e-1
6.61606088647386059e0,9.96093749999999889e-1,9.74437793630413718e-1,5.74530019063633657e-1
1.25000000000000000e0,1.00000000000000003e-300,0.00000000000000000e0,1.00000000000000000e0
8.00000000000000000e0,8.19442561260075308e-2,2.03305036303018807e-9,9.99999999745868728e-1
7.72406671871431172e0,5.87880987959579215e-1,1.65187070581881111e-2,9.97845860735037005e-1
5.13159401499433443e0,2.23370861626790429e-1,4.56529013608802459e-4,9.99911019278358237e-1
1.25000000000000000e0,5.27343750000000000e-1,4.49383636151696519e-1,6.20410717087661601e-1
8.00000000000000000e0,5.31249999999999889e-1,6.34441443344256964e-3,9.99204738168183448e-1
3.95424784836359322e0,5.35156250000000111e-1,8.44004970076058236e-2,9.77947670942979186e-1
1.84106353897368535e0,9.96093749999999889e-1,9.92820161745254670e-1,6.84727872962990203e-2
1.25000000000000000e0,1.00000000000000003e-300,0.00000000000000000e0,1.00000000000000000e0
8.00000000000000000e0,2.69849028991302475e-1,2.81168638109676334e-5,9.99996485348789266e-1
3.38676186330849305e0,1.51607462935317017e-1,1.67994748295459450e-3,9.99503672546866451e-1
6.15639612841187045e0,2.66714149197468942e-1,2.92760283518600940e-4,9.99952440327554815e-1
1.25000000000000000e0,5.58593750000000000e-1,4.82914327048154624e-1,5.89997272368472103e-1
8.00000000000000000e0,5.62499999999999889e-1,1.00225957576185309e-2,9.98741647376524044e-1
1.39324768440565094e0,5.66406250000000111e-1,4.52945770942535297e-1,6.48592568020335269e-1
6.50341330043738708e0,9.96093749999999889e-1,9.74867509508300922e-1,5.67559716338575604e-1
1.25000000000000000e0,1.00000000000000003e-300,0.00000000000000000e0,1.00000000000000000e0
8.00000000000000000e0,9.42898320290623815e-1,6.24768171579440090e-1,8.84682545156158406e-1
4.78828266361961141e0,1.21908341698144795e-1,4.20406756777514854e-5,9.99991219947149901e-1
1.89621113514294848e0,2.60028678139860858e-1,7.77600940330680085e-2,9.58208068144684399e-1
1.25000000000000000e0,5.89843750000000000e-1,5.16917490744259078e-1,5.58749375548330818e-1
8.00000000000000000e0,5.93749999999999889e-1,1.54464606030159986e-2,9.98056016980053862e-1
7.39213426137575880e0,5.97656250000000111e-1,2.22586704240466116e-2,9.96959485074779383e-1
6.43006245169090107e0,9.96093749999999889e-1,9.75147422290933208e-1,5.62922999418698722e-1
1.25000000000000000e0,1.00000000000000003e-300,0.00000000000000000e0,1.00000000000000000e0
8.00000000000000000e0,4.13872633480423247e-1,8.60862289612292588e-4,9.99892351663954515e-1
6.90444894769461825e0,3.98070662340614945e-1,1.72959900408497852e-3,9.99749309538422892e-1
4.00469697971129790e0,7.13619567036403168e-1,2.58927831901670513e-1,9.27904508499563629e-1
1.25000000000000000e0,6.21093750000000000e-1,5.51374210284276467e-1,5.26632174425683330e-1
8.00000000000000000e0,6.24999999999999889e-1,2.32830643653869282e-2,9.97059532040590724e-1
1.59948339092079550e0,6.28906250000000111e-1,4.76257150820096453e-1,6.67409088107696169e-1
1.25060596759431064e0,9.96093749999999889e-1,9.95117213899615161e-1,1.41850249674028289e-2
1.25000000000000000e0,1.00000000000000003e-300,0.00000000000000000e0,1.00000000000000000e0
8.00000000000000000e0,5.79985475728790334e-1,1.28037428477815324e-2,9.98390494493528124e-1
3.03234311455162242e0,6.28215919855392713e-1,2.44228885545364927e-1,9.11792036283133767e-1
2.10383644700050354e0,3.49372812215733575e-1,1.09434680616305541e-1,9.46400652913402918e-1
1.25000000000000000e0,6.52343750000000000e-1,5.86267247226363142e-1,4.93600876511862185e-1
8.00000000000000000e0,6.56249999999999889e-1,3.43996901947320535e-2,9.95633898212438195e-1
7.88384044630220160e0,6.60156250000000111e-1,3.78550364490990096e-2,9.95117118649721411e-1
1.57792669709306210e0,9.96093749999999889e-1,9.93843185111399130e-1,3.97209748694613562e-2
1.25000000000000000e0,1.00000000000000003e-300,0.00000000000000000e0,1.00000000000000000e0
8.00000000000000000e0,7.97314443079812918e-1,1.63319127111068274e-1,9.77957496488423339e-1
5.97919299331260845e0,8.01301405813319434e-1,2.65936009272207896e-1,9.49608182018257696e-1
2.97801916924072430e0,5.36208426497069013e-1,1.56296904013522919e-1,9.44528243698869674e-1
1.25000000000000000e0,6.83593750000000000e-1,6.21580818797580759e-1,4.59598405540625254e-1
8.00000000000000000e0,6.87499999999999889e-1,4.99093162361531825e-2,9.93620704364861940e-1
5.17149293702095747e0,6.91406250000000111e-1,1.48313914774613115e-1,9.69434147205923136e-1
5.47817644913448021e0,9.96093749999999889e-1,9.78787193785904064e-1,4.94917767961716215e-1
1.25000000000000000e0,1.00000000000000003e-300,0.00000000000000000e0,1.00000000000000000e0
8.00000000000000000e0,2.97555694069160381e-1,6.14534293408116645e-5,9.99992318114795831e-1
5.98171767283929512e0,7.85033243710131501e-2,2.45206685626385896e-7,9.99999959007307870e-1
6.99883437890093774e0,3.48042491400519793e-1,6.19384260114075628e-4,9.99911478297545786e-1
1.25000000000000000e0,7.14843750000000000e-1,6.57300413550238272e-1,4.24551973763815704e-1
8.00000000000000000e0,7.18749999999999889e-1,7.12234262036871846e-2,9.90806635906220756e-1
2.11191222106572241e0,7.22656250000000111e-1,5.03589036310276961e-1,7.17760424709694478e-1
4.14077109296340495e0,9.96093749999999889e-1,9.83924058558579340e-1,3.68799196651839023e-1
1.25000000000000000e0,1.00000000000000003e-300,0.00000000000000000e0,1.00000000000000000e0
8.00000000000000000e0,6.89912437833299919e-1,5.13276990988416615e-2,9.93435162085033907e-1
2.82828933425480500e0,4.09809622410648444e-1,8.02177047023471812e-2,9.70867804088767827e-1
5.28267973021138459e0,4.62200865767954383e-1,1.69593116635878734e-2,9.96767340308870375e-1
1.25000000000000000e0,7.46093750000000000e-1,6.93412637461939152e-1,3.88367965075247235e-1
8.00000000000000000e0,7.49999999999999889e-1,1.00112915039062389e-1,9.86900803059380327e-1
1.46151033026399091e0,7.53906250000000111e-1,6.61756217623501453e-1,4.76308014223709442e-1
6.19632203335640952e0,9.96093749999999889e-1,9.76039930898708885e-1,5.47610748259085400e-1
1.25000000000000000e0,1.00000000000000003e-300,0.00000000000000000e0,1.00000000000000000e0
8.00000000000000000e0,5.24331280385013088e-1,5.71276211360896742e-3,9.99284113574903654e-1
6.96200898080132902e0,7.18769914669792342e-1,1.00363900458728186e-1,9.84923086359499655e-1
7.64201551262522116e0,5.93174552468553884e-1,1.84780965750336694e-2,9.97562395922077294e-1
1.25000000000000000e0,7.77343750000000000e-1,7.29905084377545754e-1,3.50924045354857606e-1
8.00000000000000000e0,7.81249999999999889e-1,1.38777878078144401e-1,9.81497950584168777e-1
7.96016333089210093e0,7.85156250000000111e-1,1.45825453688268852e-1,9.80393687569865224e-1
3.17281526583246887e0,9.96093749999999889e-1,9.87658706660131447e-1,2.50287879713531503e-1
1.25000000000000000e0,1.00000000000000003e-300,0.00000000000000000e0,1.00000000000000000e0
8.00000000000000000e0,4.84875157790156663e-1,3.05519877691725131e-3,9.99617588709778682e-1
4.51769280474400148e0,6.48882070659055898e-1,1.41717234875184339e-1,9.66738377283898553e-1
4.68894845148315653e0,5.89866690111193748e-1,8.41543798396436338e-2,9.81426847370876487e-1
1.25000000000000000e0,8.08593750000000000e-1,7.66766226112211458e-1,3.12056441403199991e-1
8.00000000000000000e0,8.12499999999999889e-1,1.89927108818664925e-1,9.74014702210592831e-1
2.45599810429848731e0,8.16406250000000111e-1,6.07634033828809983e-1,6.83226567870770851e-1
3.25538922293344513e0,9.96093749999999889e-1,9.87339560615197565e-1,2.61279090576953588e-1
1.25000000000000000e0,1.00000000000000003e-300,0.00000000000000000e0,1.00000000000000000e0
8.00000000000000000e0,3.81336421291962324e-1,4.47163444023791464e-4,9.99944093631392916e-1
5.64137265551835299e0,8.55805863193381811e-2,9.48704523971749140e-7,9.99999831830841179e-1
2.33639088994823396e0,9.38126055384600477e-1,8.61373122076010023e-1,4.29241430375945587e-1
1.25000000000000000e0,8.39843750000000000e-1,8.03985318582136510e-1,2.71538166274589876e-1
8.00000000000000000e0,8.43749999999999889e-1,2.56868167053653174e-1,9.63569917989745894e-1
2.28892919147619978e0,8.47656250000000111e-1,6.85015080988706893e-1,6.03684556323357824e-1
1.83267513458849862e0,9.96093749999999889e-1,9.92852757926641072e-1,6.74698455947945336e-2
1.25000000000000000e0,1.00000000000000003e-300,0.00000000000000000e0,1.00000000000000000e0
8.00000000000000000e0,9.25903097909213102e-1,5.40162334268566746e-1,9.07455981688610303e-1
6.41493800678290427e0,6.95998258206600440e-1,9.78004959559940351e-2,9.84084274312063800e-1
7.67016110214171931e0,5.02356957699703344e-1,5.08999208054641220e-3,9.99334917089218622e-1
1.25000000000000000e0,8.71093750000000000e-1,8.41552321112263302e-1,2.29038613107511391e-1
8.00000000000000000e0,8.74999999999999889e-1,3.43608915805816317e-1,9.48735899240879754e-1
4.19424027274362743e0,8.78906250000000111e-1,5.81944539354312895e-1,8.12257542203070004e-1
4.95004661596613005e0,9.96093749999999889e-1,9.80812485379394916e-1,4.49923173449408964e-1
1.25000000000000000e0,1.00000000000000003e-300,0.00000000000000000e0,1.00000000000000000e0
8.00000000000000000e0,7.29693219191176468e-1,8.03752772628619494e-2,9.89580957929594329e-1
3.53528405359247699e0,2.54888254876277642e-1,7.96669147945714383e-3,9.97740053304138286e-1
5.64100419700844213e0,5.46650596911604225e-1,3.31451532520067940e-2,9.94042479737408669e-1
1.25000000000000000e0,9.02343750000000000e-1,8.79457826661926401e-1,1.84039571709140370e-1
8.00000000000000000e0,9.06249999999999889e-1,4.54971462168941354e-1,9.26941668579703837e-1
3.01239560154499486e0,9.10156250000000111e-1,7.53079949515645497e-1,6.28567567238294433e-1
1.62638316454831511e0,9.96093749999999889e-1,9.93654716911675062e-1,4.45463635297989602e-2
1.25000000000000000e0,1.00000000000000003e-300,0.00000000000000000e0,1.00000000000000000e0
8.00000000000000000e0,4.01620799966622144e-1,6.76907887858615000e-4,9.99915361445364193e-1
3.29456457402557135e0,2.42272573027548788e-1,9.36592335144119902e-3,9.97147837505559576e-1
7.44890745065640658e0,3.62801098458476190e-1,5.24822087034122623e-4,9.99929527738120494e-1
1.25000000000000000e0,9.33593750000000000e-1,9.17693001162039002e-1,1.35628017310374271e-1
8.00000000000000000e0,9.37499999999999889e-1,5.96719473833217662e-1,8.92690486310700249e-1
4.46251487184781581e0,9.41406250000000111e-1,7.63800287137642475e-1,7.23700494257275784e-1
6.06824359722668305e0,9.96093749999999889e-1,9.76529328807169694e-1,5.38858952305304895e-1
1.25000000000000000e0,1.00000000000000003e-300,0.00000000000000000e0,1.00000000000000000e0
8.00000000000000000e0,2.59732071631333383e-1,2.07111701155215556e-5,9.99997411080276954e-1
4.35992921574506909e0,4.94216631127528672e-1,4.62915089802061475e-2,9.89187778518654359e-1
3.64769354433519766e0,5.82562079339368211e-1,1.39328608759593325e-1,9.59700973839611504e-1
1.25000000000000000e0,9.64843750000000000e-1,9.56249530507097822e-1,8.18061914634310022e-2
8.00000000000000000e0,9.68749999999999889e-1,7.75699879742205001e-1,8.29571241919349389e-1
5.85054044763091952e0,9.72656250000000111e-1,8.50268081219031302e-1,7.22838245725622386e-1
7.54101869289297611e0,9.96093749999999889e-1,9.70916519677084255e-1,6.25557301820809042e-1
1.25000000000000000e0,1.00000000000000003e-300,0.00000000000000000e0,1.00000000000000000e0
8.00000000000000000e0,6.10477966515645676e-1,1.92912314422155791e-2,9.97567995189478252e-1
4.45408514991868287e0,4.79749874339177040e-1,3.79501125185210744e-2,9.91351438935966223e-1
7.66599613497965038e0,2.44630064494231192e-1,2.05266803220610489e-5,9.99997322348830653e-1
1.25000000000000000e0,9.96093750000000000e-1,9.95119574018085040e-1,1.41503174963419943e-2
8.00000000000000000e0,3.90624999999999957e-3,5.42101086242751736e-20,1.00000000000000000e0
4.93580802768701687e0,7.81250000000000173e-3,3.97389251099319703e-11,9.99999999991948885e-1
6.84330645564477891e0,9.96093749999999889e-1,9.73571498099755739e-1,5.88058205010661972e-1
1.25000000000000000e0,1.00000000000000003e-300,0.00000000000000000e0,1.00000000000000000e0
8.00000000000000000e0,1.76528361907912767e-1,9.43009199706610056e-7,9.99999882123801420e-1
1.93341012462042272e0,2.98950646670164133e-1,9.68542669591335448e-2,9.48674069855377944e-1
3.92155784607166424e0,4.84227847541660594e-1,5.81975124675420813e-2,9.84826529486844127e-1
1.25000000000000000e0,3.12500000000000000e-2,1.31390064883392908e-2,9.89474911017593883e-1
8.00000000000000000e0,3.51562499999999931e-2,2.33356742132886566e-12,9.99999999999708344e-1
1.49216377997072414e0,3.90625000000000069e-2,7.91909093960252962e-3,9.94685925405510374e-1
4.14773067570058629e0,9.96093749999999889e-1,9.83897257711721540e-1,3.69565375589179124e-1
1.25000000000000000e0,1.00000000000000003e-300,0.00000000000000000e0,1.00000000000000000e0
8.00000000000000000e0,6.85923611381440423e-1,4.90011217134054960e-2,9.93739380367486325e-1
2.48068875033641234e0,6.16634758935106220e-1,3.01387215421932586e-1,8.65385446107846623e-1
6.68375382642261684e0,9.81819857679511188e-1,8.84591150704350238e-1,7.23928171610179749e-1
1.25000000000000000e0,6.25000000000000000e-2,3.12500000000000000e-2,9.74920881309620624e-1
8.00000000000000000e0,6.64062499999999861e-2,3.78156568613205531e-10,9.99999999952730367e-1
6.05947557749459520e0,7.03125000000000139e-2,1.03186250863044757e-7,9.99999982971091494e-1
3.05743294087005779e0,9.96093749999999889e-1,9.88104828925200684e-1,2.34697297093660218e-1
1.25000000000000000e0,1.00000000000000003e-300,0.00000000000000000e0,1.00000000000000000e0
8.00000000000000000e0,9.46213168576832686e-1,6.42557360970715918e-1,8.79327782009008740e-1
7.69344766048016027e0,6.88613745496695628e-1,5.66858197818711773e-2,9.92443554153712215e-1
5.14055703184567392e0,9.13082110878349340e-1,6.26611772995142258e-1,8.25603995837808080e-1
1.25000000000000000e0,9.37500000000000000e-2,5.18757149859525729e-2,9.58279541706075433e-1
8.00000000000000000e0,9.76562499999999861e-2,8.27180612553026682e-9,9.99999998966024206e-1
6.98772691865451634e0,1.01562500000000014e-1,1.14636817434703179e-7,9.99999983594547337e-1
7.30591933598043397e0,9.96093749999999889e-1,9.71810324731086195e-1,6.13557957096189432e-1
1.25000000000000000e0,1.00000000000000003e-300,0.00000000000000000e0,1.00000000000000000e0
8.00000000000000000e0,3.49462677950214129e-1,2.22436680266891438e-4,9.99972192708758034e-1
4.31088373361853883e0,7.25391616224442259e-1,2.50578840702817718e-1,9.35276567993478469e-1
7.36408059042878449e0,7.41162839258322492e-1,1.10162436896740532e-1,9.84275529112544234e-1
1.25000000000000000e0,1.25000000000000000e-1,7.43254446876700642e-2,9.40083999439220497e-1
8.00000000000000000e0,1.28906249999999972e-1,7.62415639649612996e-8,9.99999990469804145e-1
3.87888439046218991e0,1.32812500000000028e-1,3.97324417808959365e-4,9.99897552240495591e-1
4.84146692050853744e0,9.96093749999999889e-1,9.81229389837386168e-1,4.39935230185757475e-1
1.25000000000000000e0,1.00000000000000003e-300,0.00000000000000000e0,1.00000000000000000e0
8.00000000000000000e0,9.55486010416279896e-1,6.94695782562245845e-1,8.62167406017345650e-1
3.09027142857667059e0,8.34532944509192021e-2,4.64480643440225930e-4,9.99849672225379127e-1
3.73998104699421674e0,5.81056807181994373e-1,1.31274994280532631e-1,9.63070970356566081e-1
1.25000000000000000e0,1.56250000000000000e-1,9.82369866939793307e-2,9.20606283200720688e-1
8.00000000000000000e0,1.60156249999999972e-1,4.32863664027364540e-7,9.99999945892031783e-1
2.25896216306136921e0,1.64062500000000028e-1,1.68552720668682307e-2,9.92503132729828819e-1
5.78571762010687962e0,9.96093749999999889e-1,9.77609750923510212e-1,5.18591224806872253e-1
1.25000000000000000e0,1.00000000000000003e-300,0.00000000000000000e0,1.00000000000000000e0
8.00000000000000000e0,7.18040662968633114e-1,7.06630394373803650e-2,9.90881342842237278e-1
1.87018705770606175e0,1.94717415333798272e-1,4.68871727983891234e-2,9.74649226518721101e-1
4.23987182875862345e0,3.92040440656273859e-1,1.88701349684459417e-2,9.95516913174424811e-1
1.25000000000000000e0,1.87500000000000000e-1,1.23381938714296174e-1,9.00012065233527281e-1
8.00000000000000000e0,1.91406249999999972e-1,1.80156077608106471e-6,9.99999774804725461e-1
5.92615985270822421e0,1.95312500000000028e-1,6.26257345066625140e-5,9.99989432049385618e-1
4.19639571581501514e0,9.96093749999999889e-1,9.83709872580860401e-1,3.74888460215905550e-1
1.25000000000000000e0,1.00000000000000003e-300,0.00000000000000000e0,1.00000000000000000e0
8.00000000000000000e0,9.76702466041388107e-1,8.28129535255081040e-1,8.02417065306435973e-1
6.77942735445685685e0,8.34201926700188778e-1,2.92592872245676316e-1,9.50222865749134060e-1
7.64421669417060912e0,7.69453273987892317e-1,1.34881525711053107e-1,9.81224454695761916e-1
1.25000000000000000e0,2.18750000000000000e-1,1.49601199985494732e-1,8.78411698429618637e-1
8.00000000000000000e0,2.22656249999999972e-1,6.04058671095299814e-6,9.99999244924665631e-1
4.84747787978267297e0,2.26562500000000028e-1,7.48666206604729789e-4,9.99845509611047012e-1
7.88980338198598474e0,9.96093749999999889e-1,9.69592017865268829e-1,6.42280804299292907e-1
1.25000000000000000e0,1.00000000000000003e-300,0.00000000000000000e0,1.00000000000000000e0
8.00000000000000000e0,9.71260516525944695e-1,7.91928320039886779e-1,8.21819840218142139e-1
3.38983637263299897e0,6.62866804386794684e-1,2.48121430786482744e-1,9.19313497555415582e-1
6.46740573667921126e0,8.77846952962499927e-1,4.30592500406916656e-1,9.16606989872085665e-1
1.25000000000000000e0,2.50000000000000000e-1,1.76776695296636865e-1,8.55882457754387982e-1
8.00000000000000000e0,2.53906249999999944e-1,1.72737699193626042e-5,9.99997840762442025e-1
2.68748380115721375e0,2.57812500000000056e-1,2.61751365627094987e-2,9.90179160921826340e-1
6.45974796288646758e0,9.96093749999999889e-1,9.75034130294553991e-1,5.64808955577386529e-1
1.25000000000000000e0,1.00000000000000003e-300,0.00000000000000000e0,1.00000000000000000e0
8.00000000000000000e0,3.36371815178608813e-1,1.63891636040910417e-4,9.99979512076412558e-1
4.79260729503585026e0,2.76422429487865884e-2,3.39682154508463383e-8,9.99999992912372404e-1
1.43611342611256987e0,8.38475697737521841e-1,7.76468157946164084e-1,3.52313688672690195e-1
1.25000000000000000e0,2.81250000000000000e-1,2.04816841189027071e-1,8.32479866389307155e-1
8.00000000000000000e0,2.85156249999999944e-1,4.37182891827210405e-5,9.99994535109325677e-1
2.23459405946778134e0,2.89062500000000056e-1,6.24504218585731768e-2,9.71554535477456849e-1
2.44726091006305069e0,9.96093749999999889e-1,9.90467393305425103e-1,1.49370649934227440e-1
1.25000000000000000e0,1.00000000000000003e-300,0.00000000000000000e0,1.00000000000000000e0
8.00000000000000000e0,5.31388934791721113e-1,6.35770033877882616e-3,9.99203068145716355e-1
6.56590068247169256e0,1.44909561831809697e-1,3.10346251264396736e-6,9.99999527335738825e-1
1.84638152649858966e0,1.74171267490237369e-1,3.96782997683795685e-2,9.78310939978016103e-1
1.25000000000000000e0,3.12500000000000000e-1,2.33648247065815717e-1,8.08244064758564473e-1
8.00000000000000000e0,3.16406249999999944e-1,1.00452425720633150e-4,9.99987442894915701e-1
5.97163768671452999e0,3.20312500000000056e-1,1.11549182213400750e-3,9.99813114892611265e-1
2.44804683921393007e0,9.96093749999999889e-1,9.90464346585292699e-1,1.49481366235739987e-1
1.25000000000000000e0,1.00000000000000003e-300,0.00000000000000000e0,1.00000000000000000e0
8.00000000000000000e0,1.57759962494310457e-1,3.83684588139367332e-7,9.99999952039418383e-1
7.98068476957269013e0,5.14178310077113565e-1,4.94868630483408060e-3,9.99378570869826066e-1
3.59021502733230591e0,5.05375467346311780e-1,8.62801892095638179e-2,9.75180630070116905e-1
1.25000000000000000e0,3.43750000000000000e-1,2.63210605075755055e-1,7.83203632262817862e-1
8.00000000000000000e0,3.47656249999999944e-1,2.13402906766215405e-4,9.99973322145809473e-1
1.78123092936584726e0,3.51562500000000056e-1,1.55355162562955118e-1,9.09565878117363447e-1
2.91748039738740772e0,9.96093749999999889e-1,9.88646221652407009e-1,2.15465123015133958e-1
1.25000000000000000e0,1.00000000000000003e-300,0.00000000000000000e0,1.00000000000000000e0
8.00000000000000000e0,8.66239376455268939e-2,3.17032198063630331e-9,9.99999999603709777e-1
2.37173529376741499e0,4.12456379153809394e-1,1.22399173964325272e-1,9.46438063966929199e-1
2.09937967330915853e0,3.80029918778745923e-1,1.31183135427875491e-1,9.35211024063221430e-1
1.25000000000000000e0,3.75000000000000000e-1,2.93453358763741345e-1,7.57377970690611857e-1
8.00000000000000000e0,3.78906249999999944e-1,4.24868126486718355e-4,9.99946881609766414e-1
4.12118892511352897e0,3.82812500000000056e-1,1.91164381703239246e-2,9.95327467033842006e-1
2.77645614219363779e0,9.96093749999999889e-1,9.89192060242575666e-1,1.95799014182782755e-1
1.25000000000000000e0,1.00000000000000003e-300,0.00000000000000000e0,1.00000000000000000e0
8.00000000000000000e0,9.25214433568726236e-1,5.36956611283557206e-1,9.08244362724380139e-1
2.88891378854168579e0,7.70296977848374809e-1,4.70506138374306382e-1,8.02443054918158372e-1
6.99308962939539924e0,9.56960039779914950e-1,7.35171483253631242e-1,8.26960820303740074e-1
1.25000000000000000e0,4.06250000000000000e-1,3.24333431863059574e-1,7.30778807734985048e-1
8.00000000000000000e0,4.10156249999999944e-1,8.00930200953317399e-4,9.99899848625869669e-1
7.93381392140872777e0,4.14062500000000056e-1,9.15950715125682640e-4,9.99884504786201722e-1
5.59873629611684009e0,9.96093749999999889e-1,9.78325453085205021e-1,5.04407050489571351e-1
1.25000000000000000e0,1.00000000000000003e-300,0.00000000000000000e0,1.00000000000000000e0
8.00000000000000000e0,1.21641270811778668e-1,4.79344324118422583e-8,9.99999994008195836e-1
2.41262212471337989e0,4.24696970289915043e-1,1.26676355335081231e-1,9.45405022471247913e-1
6.48016864428063855e0,3.51244685843994375e-1,1.13625191826082308e-3,9.99824572741864537e-1
1.25000000000000000e0,4.37500000000000000e-1,3.55813622871390622e-1,7.03411119102827165e-1
8.00000000000000000e0,4.41406249999999944e-1,1.44114548469031220e-3,9.99819743131518224e-1
7.37827171146636829e0,4.45312500000000056e-1,2.55713741863212041e-3,9.99653039577231617e-1
4.20847046864219010e0,9.96093749999999889e-1,9.83663384173590671e-1,3.76199912515072121e-1
1.25000000000000000e0,1.00000000000000003e-300,0.00000000000000000e0,1.00000000000000000e0
8.00000000000000000e0,2.47750369899222278e-1,1.41943167561261452e-5,9.99998225699387011e-1
4.01009136618813500e0,8.15372861584364728e-1,4.41093312746546340e-1,8.64955533093383799e-1
3.82495176425436512e0,2.42674676060232741e-1,4.44373567256326624e-3,9.98836313013987676e-1
1.25000000000000000e0,4.68750000000000000e-1,3.87861435896117934e-1,6.75273632934104806e-1
8.00000000000000000e0,4.72656249999999944e-1,2.49093984716034769e-3,9.99688292665906530e-1
1.67344597820192575e0,4.76562500000000056e-1,2.89301698377079364e-1,8.15401807832480285e-1
5.66279641026630998e0,9.96093749999999889e-1,9.78080193342811155e-1,5.09338340741953610e-1
1.25000000000000000e0,1.00000000000000003e-300,0.00000000000000000e0,1.00000000000000000e0
8.00000000000000000e0,7.53507198178340332e-1,1.03920025237395575e-1,9.86377930115702184e-1
5.77418109390418977e0,4.99626468144924729e-1,1.81938320892344463e-2,9.96825140744021843e-1
1.58744050085078925e0,3.41917198743431072e-1,1.82023405035851821e-1,8.81112907387554545e-1
1.25000000000000000e0,5.00000000000000000e-1,4.20448207626857307e-1,6.46359003387838027e-1
8.00000000000000000e0,5.03906249999999889e-1,4.15717167836864715e-3,9.99479405963667245e-1
4.61559286591364071e0,5.07812500000000111e-1,4.38174048794749832e-2,9.90339354679070749e-1
7.80439225176814944e0,9.96093749999999889e-1,9.69916197510409805e-1,6.38299119056499720e-1
1.25000000000000000e0,1.00000000000000003e-300,0.00000000000000000e0,1.00000000000000000e0
8.00000000000000000e0,6.85670130610560591e-1,4.88564433441367324e-2,9.93758276686395714e-1
3.87602911557769403e0,2.82478030071615649e-1,7.44733035242874965e-3,9.98073286770318813e-1
4.47419274522690102e0,6.28825348103418946e-1,1.25482905531398042e-1,9.70476408526953382e-1
1.25000000000000000e0,5.31250000000000000e-1,4.53548441374382105e-1,6.16653690845822000e-1
8.00000000000000000e0,5.35156249999999889e-1,6.72736226359563812e-3,9.99156594245792284e-1
2.50165116303833202e0,5.39062500000000111e-1,2.13134961645549126e-1,9.08631070353670522e-1
4.23200331191765144e0,9.96093749999999889e-1,9.83572787853459807e-1,3.78745236307579447e-1
1.25000000000000000e0,1.00000000000000003e-300,0.00000000000000000e0,1.00000000000000000e0
8.00000000000000000e0,5.98822312522315769e-1,1.65342230715391815e-2,9.97918115261507199e-1
7.77305223618168384e0,5.29305983927770285e-1,7.11800934088302733e-3,9.99081418523554254e-1
1.63704792829230428e0,4.82218818528963311e-1,3.03008980090774482e-1,8.02110934012601029e-1
1.25000000000000000e0,5.62500000000000000e-1,4.87139289628746752e-1,5.86137548621282645e-1
8.00000000000000000e0,5.66406249999999889e-1,1.05931298380936741e-2,9.98669681103891538e-1
2.53556134831160307e0,5.70312500000000111e-1,2.40773824774541706e-1,8.97056068726695743e-1
5.35460602265084162e0,9.96093749999999889e-1,9.79260691078197132e-1,4.84900623217300875e-1
1.25000000000000000e0,1.00000000000000003e-300,0.00000000000000000e0,1.00000000000000000e0
8.00000000000000000e0,1.17284004682005616e-1,3.58022476945998339e-8,9.99999995524718965e-1
7.15602280694292858e0,6.58028082707460271e-1,5.00441116688315896e-2,9.92851335788174416e-1
6.51721142703900114e0,6.56534347467641055e-1,6.44211059199158165e-2,9.89834491638253433e-1
1.25000000000000000e0,5.93750000000000000e-1,5.21200145513764590e-1,5.54783080617820890e-1
8.00000000000000000e0,5.97656249999999889e-1,1.62784003034100178e-2,9.97950559339919496e-1
5.10275994380936027e0,6.01562500000000111e-1,7.47691908006278272e-2,9.84885966010018765e-1
3.11886353988666087e0,9.96093749999999889e-1,9.87867284297167636e-1,2.43030179615887187e-1
1.25000000000000000e0,1.00000000000000003e-300,0.00000000000000000e0,1.00000000000000000e0
8.00000000000000000e0,8.96769823921204079e-1,4.18261496957541723e-1,9.34525112336518471e-1
2.45263265125686303e0,1.58160593987304310e-1,1.08563118263310734e-2,9.95559295449521042e-1
3.68412263662321493e0,5.55660722648099181e-1,1.14775088653786744e-1,9.67449932781701327e-1
1.25000000000000000e0,6.25000000000000000e-1,5.55712315637163390e-1,5.22554292791055919e-1
8.00000000000000000e0,6.28906249999999889e-1,2.44730042578245391e-2,9.96907610622218443e-1
6.31587222823873162e0,6.32812500000000111e-1,5.55748887984793410e-2,9.90987652106637307e-1
7.95515409338986501e0,9.96093749999999889e-1,9.69344051108838145e-1,6.45279460560886586e-1
1.25000000000000000e0,1.00000000000000003e-300,0.00000000000000000e0,1.00000000000000000e0
8.00000000000000000e0,6.13379582337074680e-1,2.00370842221917270e-2,9.97473129291518101e-1
1.67810783558525145e0,5.47389201528858393e-1,3.63774996995875233e-1,7.63782699169883172e-1
3.24491866579046473e0,6.53785801923731924e-1,2.51827503383971474e-1,9.14472384520985115e-1
1.25000000000000000e0,6.56250000000000000e-1,5.90658754822255272e-1,4.89405003434716157e-1
8.00000000000000000e0,6.60156249999999889e-1,3.60723066642170270e-2,9.95418154564847946e-1
5.31695747503545135e0,6.64062500000000111e-1,1.13420767030572980e-1,9.77612731999513818e-1
3.98076790448976681e0,9.96093749999999889e-1,9.84540420564110730e-1,3.50842589590135201e-1
1.25000000000000000e0,1.00000000000000003e-300,0.00000000000000000e0,1.00000000000000000e0
8.00000000000000000e0,3.19511199600128748e-1,1.08614719816711486e-4,9.99986422514822060e-1
5.10746760095935315e0,8.42560583841986954e-1,4.16879197995972062e-1,8.99782318093944711e-1
5.98934571025893092e0,9.34290875070473703e-1,6.65590532260592393e-1,8.32860092250345962e-1
1.25000000000000000e0,6.87500000000000000e-1,6.26023848600518518e-1,4.55276387257092574e-1
8.00000000000000000e0,6.91406249999999889e-1,5.22235521495053104e-2,9.93317848153097427e-1
4.44283818913390860e0,6.95312500000000111e-1,1.98990086756147239e-1,9.51285083223922245e-1
7.43627575808204710e0,9.96093749999999889e-1,9.71314631707853704e-1,6.20286704437480241e-1
1.25000000000000000e0,1.00000000000000003e-300,0.00000000000000000e0,1.00000000000000000e0
8.00000000000000000e0,8.54220366727531655e-2,2.83504120217121855e-9,9.99999999645619808e-1
4.13515754591207951e0,9.14617695593733515e-1,6.91384498496911748e-1,7.52534694149488148e-1
1.84525205352110788e0,6.94613243658750434e-1,5.10476854323693940e-1,6.79013450995558654e-1
1.25000000000000000e0,7.18750000000000000e-1,6.61793233067654585e-1,4.20093376574507404e-1
8.00000000000000000e0,7.22656249999999889e-1,7.43796456006219076e-2,9.90385132172570071e-1
6.09337714093271643e0,7.26562500000000111e-1,1.42785445477400602e-1,9.75032629110024418e-1
7.71651028998894617e0,9.96093749999999889e-1,9.70249868383259328e-1,6.34126608682204496e-1
1.25000000000000000e0,1.00000000000000003e-300,0.00000000000000000e0,1.00000000000000000e0
8.00000000000000000e0,1.85206034939255915e-2,1.38433459597986081e-14,9.99999999999998224e-1
1.57644860714208335e0,9.62695595671902993e-1,9.41827209878196459e-1,1.64594709926090682e-1
3.66617794166086242e0,8.85824644365129643e-2,1.38289616461075482e-4,9.99962277725452431e-1
1.25000000000000000e0,7.50000000000000000e-1,6.97953644326574696e-1,3.83759270689762455e-1
8.00000000000000000e0,7.53906249999999889e-1,1.04361124392823038e-1,9.86317223452427450e-1
4.78856282454216853e0,7.57812500000000111e-1,2.65017128119140299e-1,9.37722956024845011e-1
2.10522458289051428e0,9.96093749999999889e-1,9.91794215701693460e-1,1.02138362564666824e-1
1.25000000000000000e0,1.00000000000000003e-300,0.00000000000000000e0,1.00000000000000000e0
8.00000000000000000e0,9.36873324485532066e-1,5.93535893980572826e-1,8.93568344317046792e-1
5.16721416980726644e0,2.43336675498539989e-1,6.73601522737787969e-4,9.99869603902843074e-1
1.57700231566559523e0,9.27639355181781866e-1,8.88294285395383132e-1,2.49098334443584535e-1
1.25000000000000000e0,7.81250000000000000e-1,7.34492791618436280e-1,3.46147383494430416e-1
8.00000000000000000e0,7.85156249999999889e-1,1.44427115256950539e-1,9.80690857330018151e-1
4.69304120016749948e0,7.89062500000000111e-1,3.28957339512348457e-1,9.18509531723136208e-1
3.85672982281539589e0,9.96093749999999889e-1,9.85018503964906755e-1,3.36469057967497986e-1
1.25000000000000000e0,1.00000000000000003e-300,0.00000000000000000e0,1.00000000000000000e0
8.00000000000000000e0,4.71417045328053064e-1,2.43917102443489634e-3,9.99694777758754594e-1
3.51712760661030188e0,9.40745942439207283e-1,8.06675530400903007e-1,6.26722064611314522e-1
3.54277761961566284e0,3.86315442974591861e-1,3.44054789535282526e-2,9.90166231939371810e-1
1.25000000000000000e0,8.12500000000000000e-1,7.71399249609601378e-1,3.07087487610373744e-1
8.00000000000000000e0,8.16406249999999889e-1,1.97356105463093290e-1,9.72893637715531945e-1
4.97456614230759442e0,8.20312500000000111e-1,3.73322774328143092e-1,9.10335016677195741e-1
6.78846775722922757e0,9.96093749999999889e-1,9.73780481238340823e-1,5.84857073324846710e-1
1.25000000000000000e0,1.00000000000000003e-300,0.00000000000000000e0,1.00000000000000000e0
8.00000000000000000e0,7.63300594690008438e-1,1.15229799426608021e-1,9.84813086212047550e-1
4.50997128186281770e0,8.23742790789765422e-1,4.17083159776058254e-1,8.87212680763487249e-1
7.86013539892155677e0,6.81792696118463937e-1,4.92589220611358708e-2,9.93594060745407570e-1
1.25000000000000000e0,8.43750000000000000e-1,8.08662366311688641e-1,2.66342406184980895e-1
8.00000000000000000e0,8.47656249999999889e-1,2.66537394668921346e-1,9.61993742533708174e-1
4.59007157222367823e0,8.51562500000000111e-1,4.78287323276692822e-1,8.67839016088715387e-1
3.92954613192705438e0,9.96093749999999889e-1,9.84737817923156178e-1,3.44955086814992318e-1
1.25000000000000000e0,1.00000000000000003e-300,0.00000000000000000e0,1.00000000000000000e0
8.00000000000000000e0,2.78969162350222177e-1,3.66817111888378792e-5,9.99995414712515074e-1
3.46108886064030230e0,7.80633309886979987e-2,1.46777985224060139e-4,9.99957589749532305e-1
2.00213727459777147e0,2.46809818549991178e-1,6.07332017723221304e-2,9.69190189259347301e-1
1.25000000000000000e0,8.75000000000000000e-1,8.46272183867105343e-1,2.23564048745042765e-1
8.00000000000000000e0,8.78906249999999889e-1,3.56074130451792426e-1,9.46464837913302715e-1
1.28325226978631690e0,8.82812500000000111e-1,8.52188356634879463e-1,2.25412945364819789e-1
6.21891757659614086e0,9.96093749999999889e-1,9.75953616983072703e-1,5.49127644986536545e-1
1.25000000000000000e0,1.00000000000000003e-300,0.00000000000000000e0,1.00000000000000000e0
8.00000000000000000e0,8.86741943763809104e-1,3.82276861728167883e-1,9.41562674075085537e-1
1.66078532719984651e0,9.77095440193807008e-1,9.62249058743900210e-1,1.39037821711465670e-1
1.38604016497265548e0,1.90900269672056311e-2,4.14122489113145573e-3,9.97010463696704763e-1
1.25000000000000000e0,9.06250000000000000e-1,8.84219370004389993e-1,1.78200421393898578e-1
8.00000000000000000e0,9.10156249999999889e-1,4.70898867214556038e-1,9.23511560749541327e-1
4.07278888148721308e0,9.14062500000000111e-1,6.93526479062616774e-1,7.47985253184273002e-1
1.60274778021266684e0,9.96093749999999889e-1,9.93746640698066841e-1,4.21630824879792240e-2
1.25000000000000000e0,1.00000000000000003e-300,0.00000000000000000e0,1.00000000000000000e0
8.00000000000000000e0,1.53117531453972333e-2,3.02133826262591662e-15,9.99999999999999667e-1
5.78660854045301676e0,4.14612564918570570e-2,1.00193154276181576e-8,9.99999998268534140e-1
1.85361003788420931e0,7.02688311098427221e-1,5.19945539526968425e-1,6.73069821182972650e-1
1.25000000000000000e0,9.37500000000000000e-1,9.22495158405670534e-1,1.29259677010167801e-1
8.00000000000000000e0,9.41406249999999889e-1,6.16902624825808377e-1,8.86979631890901565e-1
1.82269848475698382e0,9.45312500000000111e-1,9.02570884596444634e-1,2.78712944703471410e-1
4.50021621130872518e0,9.96093749999999889e-1,9.82540815925969868e-1,4.06777968782808863e-1
1.25000000000000000e0,1.00000000000000003e-300,0.00000000000000000e0,1.00000000000000000e0
8.00000000000000000e0,8.94060507143876748e-1,4.08258552638147587e-1,9.36518797261248648e-1
5.75630185951013118e0,9.59213940418521815e-1,7.86864684995118635e-1,7.64490760908011380e-1
3.84541631862521172e0,7.47480854911373171e-1,3.26542460231877774e-1,9.02302364627720732e-1
1.25000000000000000e0,9.68750000000000000e-1,9.61091296567379794e-1,7.44796122736767624e-2
8.00000000000000000e0,9.72656249999999889e-1,8.01078460026175887e-1,8.17212924612359171e-1
3.04878335271496326e0,9.76562500000000111e-1,9.30245683854957317e-1,4.17533833054924475e-1
7.77583990839775652e0,9.96093749999999889e-1,9.70024592669332941e-1,6.36951998043529977e-1
1.25000000000000000e0,1.00000000000000003e-300,0.00000000000000000e0,1.00000000000000000e0
8.00000000000000000e0,2.79918170008386369e-2,3.76919600332908132e-13,9.99999999999952927e-1
7.52762917149811983e0,1.44784676003837376e-1,4.81095118503467714e-7,9.99999936089410402e-1
4.87874454219127074e0,7.07048969538845995e-1,1.84290326250728553e-1,9.59107720412816112e-1
1.25000000000000000e0,3.90625000000000000e-3,9.76562500000000000e-4,9.99218673676236402e-1
8.00000000000000000e0,7.81249999999999913e-3,1.38777878078144444e-17,1.00000000000000000e0
5.54530097974929959e0,1.17187500000000017e-2,1.95598500982411642e-11,9.99999999996472710e-1
6.59061357146129012e0,9.96093749999999889e-1,9.74534850742161618e-1,5.72971104502605244e-1
1.25000000000000000e0,1.00000000000000003e-300,0.00000000000000000e0,1.00000000000000000e0
8.00000000000000000e0,2.46969072309184412e-1,1.38401425477186271e-5,9.99998269971706044e-1
3.62898984184721485e0,1.24107591509527992e-1,5.14521359726826982e-4,9.99858192692183123e-1
4.48039988189702854e0,1.01279365999289439e-1,3.50216246832712319e-5,9.99992183264441170e-1
1.25000000000000000e0,3.51562500000000000e-2,1.52231028008983360e-2,9.87802864485006871e-1
8.00000000000000000e0,3.90624999999999931e-2,5.42101086242751409e-12,9.99999999999322320e-1
2.81407504773233086e0,4.29687500000000069e-2,1.42425966370711730e-4,9.99949385676354829e-1
2.71628516248892993e0,9.96093749999999889e-1,9.89425045528573022e-1,1.87343405433876065e-1
1.25000000000000000e0,1.00000000000000003e-300,0.00000000000000000e0,1.00000000000000000e0
8.00000000000000000e0,6.29129734638809168e-1,2.45426635788402250e-2,9.96898712088767569e-1
4.71356942504644394e0,9.61713754008997057e-1,8.31927210550848839e-1,6.84993744723581877e-1
7.89179987588431686e0,3.93439394360939332e-1,6.35121786602812610e-4,9.99919498973690035e-1
1.25000000000000000e0,6.64062500000000000e-2,3.37101895925506073e-2,9.72939689105993155e-1
8.00000000000000000e0,7.03124999999999861e-2,5.97393259860189609e-10,9.99999999925325844e-1
7.42840788402827457e0,7.42187500000000139e-2,4.07112639591929829e-9,9.99999999451951727e-1
2.81888855888973922e0,9.96093749999999889e-1,9.89027792618163537e-1,2.01741291660666178e-1
1.25000000000000000e0,1.00000000000000003e-300,0.00000000000000000e0,1.00000000000000000e0
8.00000000000000000e0,1.87437524573397241e-1,1.52353459534804322e-6,9.99999809558048680e-1
4.13519419578369707e0,5.24204957805523009e-1,6.91962686913945857e-2,9.82808861435529590e-1
1.68755896051879972e0,6.84403023847153236e-1,5.27325962925503933e-1,6.41437639263419901e-1
1.25000000000000000e0,9.76562500000000000e-2,5.45915033569284586e-2,9.56083010485366813e-1
8.00000000000000000e0,1.01562499999999986e-1,1.13205378543534830e-8,9.99999998584932714e-1
5.16061073204036802e0,1.05468750000000014e-1,9.09331409516981468e-6,9.99998237931923106e-1
2.93141643563285470e0,9.96093749999999889e-1,9.88592298155732352e-1,2.17394269134828233e-1
1.25000000000000000e0,1.00000000000000003e-300,0.00000000000000000e0,1.00000000000000000e0
8.00000000000000000e0,2.60644068384863203e-1,2.13001551697535138e-5,9.99997337455791890e-1
5.48092194728087634e0,4.00949992858841142e-1,6.67680082947899600e-3,9.98778472310356435e-1
7.94526064913952723e0,8.13942983513697982e-1,1.94825543853056615e-1,9.73094911387735073e-1
